customer_id,first_name,last_name,email,phone,date_of_birth,address,income,account_status,created_date
1,Danielle,Johnson,danielle.johnson@yahoo.com,225-959-5506,1951-05-01,"181 Johnson Course, East William, AK 74064",72365.99,active,2025-06-07
2,James,Santos,james.santos@hotmail.com,892-958-9935,1942-08-16,"402 Peterson Drives Apt. 511, Davisstad, PA 35172",37300.42,inactive,2025-07-14
3,Lindsay,Blair,lindsay.blair@hotmail.com,295-423-4811,2005-11-04,"84959 Janet Cape Apt. 413, South Joshuastad, GA 49021",130188.87,active,2026-05-07
5,Jessica,Martin,jessica.martin@yahoo.com,771-647-4425,1955-10-30,"503 Linda Locks, Carlshire, FM 94599",172986.95,inactive,2023-07-25
6,Leonard,Rios,leonard.rios@yahoo.com,420-981-6514,1983-10-07,"42388 Burgess Meadow Suite 532, Daviston, VI 14872",40690.68,inactive,2024-12-09
8,Kayla,Peterson,kayla.peterson@yahoo.com,327-587-2291,1967-06-24,"48281 Skinner Parkways Apt. 252, New Mariotown, DE 48077",140553.02,suspended,2020-09-01
9,Natasha,Decker,natasha.decker@yahoo.com,791-396-2139,1953-03-16,"117 Tiffany Place, East Donna, OH 22144",28173.01,active,2022-08-17
10,Joseph,Brennan,joseph.brennan@yahoo.com,281-438-2654,1939-05-05,"Unit 8346 Box 5787, DPO AE 32994",102388.02,inactive,2023-06-09
11,Jeffrey,Morgan,jeffrey.morgan@hotmail.com,464-582-4989,1951-08-31,"10310 Jones Freeway, Elizabethborough, ND 17843",64510.56,inactive,2022-08-04
12,Jennifer,Khan,jennifer.khan@hotmail.com,348-651-2790,1945-09-24,"3116 Henderson Mountain Apt. 106, Laurenville, IA 25613",136579.05,active,2025-11-18
13,James,West,james.west@yahoo.com,319-292-1929,1994-01-13,"17810 Tanya Terrace Apt. 267, Lewisfurt, MH 08186",169984.36,active,2021-07-01
14,Franklin,Smith,franklin.smith@yahoo.com,523-610-5386,1988-02-23,"6872 Kenneth Centers Apt. 500, Shawhaven, GA 07956",32693.87,suspended,2026-04-28
15,Susan,Miller,susan.miller@gmail.com,417-871-9179,1944-04-15,"361 Beth Canyon, South Dianeshire, NC 41968",105830.28,suspended,2023-02-26
16,Sarah,Harris,sarah.harris@hotmail.com,471-342-5040,1967-07-13,"2475 Albert Road Apt. 183, Davidstad, FM 09517",183387.55,suspended,2025-01-29
17,Natasha,Wood,natasha.wood@gmail.com,638-797-7543,1985-02-14,"808 Huynh Cove Apt. 411, West Juan, IL 94559",98363.21,active,2020-02-16
18,Matthew,Watts,matthew.watts@yahoo.com,293-973-1771,1962-12-25,"16400 Wise Route Suite 278, Hoffmanville, CA 91074",209164.85,active,2021-02-23
19,Rebecca,Gardner,rebecca.gardner@yahoo.com,896-632-2040,1952-05-27,"2045 Rachel Fords, Lake Curtis, WI 73886",103418.34,suspended,2024-11-20
20,Nicole,Russell,nicole.russell@hotmail.com,457-766-1188,1966-09-14,"26025 Pham Way, West Erik, UT 14669",169022.92,active,2020-09-30
21,Patrick,Williams,patrick.williams@yahoo.com,968-473-6573,1947-07-15,"4330 Raymond Harbors Apt. 458, Frazierside, MA 04118",42764.58,inactive,2020-08-29
22,Darrell,Waller,darrell.waller@gmail.com,730-580-2160,1994-07-04,"19655 Obrien Pass Apt. 693, Bradleychester, AL 68647",233759.16,active,2021-08-05
23,Sara,Ryan,sara.ryan@hotmail.com,456-620-7951,1963-02-24,"USNS Diaz, FPO AE 87563",153191.39,active,2025-06-28
24,Samantha,Hanson,samantha.hanson@hotmail.com,824-767-6267,1975-02-24,"465 Terry Plaza Apt. 366, New Ashley, MO 72320",221905.56,suspended,2024-11-14
25,Martha,Torres,martha.torres@gmail.com,427-369-2251,1979-08-13,"7738 Leon Underpass Apt. 148, Clarencebury, TX 41188",213076.26,active,2021-03-15
26,Jeffrey,Gonzalez,jeffrey.gonzalez@gmail.com,446-780-2290,1987-03-19,"176 Jennifer Lights Suite 632, Port Michelleville, WI 56225",37015.07,inactive,2026-01-12
27,Jeffery,Brock,jeffery.brock@hotmail.com,984-328-3103,2002-06-27,"317 Laurie Shores, Stephaniemouth, RI 94777",164464.68,suspended,2020-09-16
28,Patricia,Simmons,patricia.simmons@hotmail.com,740-821-7932,1993-11-18,"774 Mary Harbor, Simsview, NV 10656",232088.57,suspended,2023-09-17
29,Jennifer,Young,jennifer.young@yahoo.com,930-519-7537,1940-12-08,"23623 Robert Isle, Perryborough, MP 55570",238923.16,suspended,2024-06-05
31,Erin,Powell,erin.powell@gmail.com,565-790-7751,1978-05-13,"806 Christopher Meadow, Port Steven, AR 34600",148633.71,active,2026-06-12
33,John,Wells,john.wells@gmail.com,485-885-8953,1962-07-27,"4529 Kimberly Estates, Danieltown, ME 75971",65560.57,active,2024-01-06
34,Erica,Rubio,erica.rubio@yahoo.com,790-684-4981,1943-10-20,"USNS Jones, FPO AP 82714",192185.51,inactive,2020-04-12
39,Andrea,Bell,andrea.bell@yahoo.com,300-251-9856,1968-12-09,"13518 James Streets Suite 498, Tinaborough, LA 30317",203598.12,active,2020-07-05
41,Danny,Jones,danny.jones@yahoo.com,481-909-9714,2003-06-08,"29413 Angela Mall, Port Alexandra, NV 58529",76875.08,active,2024-11-01
42,Kenneth,Chapman,kenneth.chapman@yahoo.com,913-948-8973,1983-02-07,"133 Guerrero Estate, East Andrea, GA 00851",52364.9,inactive,2021-12-09
43,Ricky,Norris,ricky.norris@yahoo.com,793-953-9883,1989-03-01,"4713 French Road, South Danny, IN 85387",31532.58,inactive,2026-01-10
44,Edward,Baker,edward.baker@gmail.com,798-688-9238,2003-07-26,"9947 Taylor Hollow, Benderhaven, ND 65223",222103.94,suspended,2026-02-13
45,Samuel,George,samuel.george@yahoo.com,720-282-4044,1994-07-28,"13990 Johnston Track Apt. 787, Howardshire, NE 83703",33211.74,active,2026-01-17
46,Lisa,Costa,lisa.costa@yahoo.com,613-322-5033,1948-02-13,"1256 Roberts Locks Apt. 715, Marcusfurt, VI 67950",146520.03,active,2024-01-17
48,David,Dudley,david.dudley@hotmail.com,444-471-7484,1990-05-15,"8086 Jeffrey Ville, South Staceyberg, NM 94427",47054.98,suspended,2023-02-28
50,Tracy,Hernandez,tracy.hernandez@hotmail.com,275-750-4492,1958-03-09,"867 Kane Square Apt. 963, Williamsfort, VT 50469",130306.4,active,2025-07-24
51,Paul,Alvarado,paul.alvarado@hotmail.com,977-240-3559,1977-05-20,"Unit 7028 Box 9517, DPO AE 69438",53019.8,active,2025-11-29
52,Renee,Smith,renee.smith@gmail.com,826-869-9666,1945-07-30,"74596 Melissa Walk, Finleyfort, VI 71413",19736.73,suspended,2023-04-16
54,Robert,Maldonado,robert.maldonado@gmail.com,478-488-4450,1959-01-23,"693 Durham Divide, South Dana, NH 33967",177309.91,active,2024-12-09
55,Elizabeth,Nolan,elizabeth.nolan@yahoo.com,872-628-5336,1947-01-07,"PSC 8217, Box 5946, APO AP 33281",218984.7,active,2023-09-21
56,Stephen,Turner,stephen.turner@yahoo.com,554-830-9115,2000-05-31,"69594 Johnson Village, Hillshire, VI 90390",75000.0,active,2021-12-07
58,Christopher,Phillips,christopher.phillips@hotmail.com,314-277-3442,1958-05-17,"85884 Jonathan Views, Coffeyport, WA 44897",139121.04,inactive,2026-07-29
59,Linda,Mcdonald,linda.mcdonald@gmail.com,337-208-6487,1956-06-08,"685 Krystal Bridge, Amandamouth, MN 88689",27286.01,inactive,2020-06-26
60,Kaitlyn,Baker,kaitlyn.baker@yahoo.com,415-898-5088,2005-02-11,"37098 Herman Forges Apt. 746, East Brandonton, ME 65070",166059.22,inactive,2022-09-02
61,Darren,Young,darren.young@hotmail.com,835-967-3532,1958-06-19,"8692 Pena Village Suite 964, Lake Mitchellmouth, NV 31448",223519.57,active,2022-02-15
63,Jamie,Robinson,jamie.robinson@gmail.com,473-363-2771,1971-10-04,"042 Amber Union, North Donna, AK 17776",102924.26,active,2023-11-25
64,Alexis,Tyler,alexis.tyler@gmail.com,404-671-6728,1966-06-20,"40268 Julie Mountains, Stricklandhaven, OR 14794",85752.37,active,2024-03-09
65,Shannon,Walker,shannon.walker@hotmail.com,503-759-3686,1988-09-11,"0076 Parks Overpass Suite 115, North David, RI 83479",90874.15,active,2026-06-02
66,Brenda,Joseph,brenda.joseph@yahoo.com,559-856-9346,1939-04-26,"Unit 8478 Box 9611, DPO AP 85817",106728.6,suspended,2023-07-21
67,Natalie,Arnold,natalie.arnold@gmail.com,318-467-3925,1978-12-26,"5766 Larry Island, Nicholasberg, TX 62664",146890.92,inactive,2026-05-16
68,Carlos,Decker,carlos.decker@gmail.com,810-644-6663,2005-04-06,"80988 Santiago Loop Suite 604, Michaelshire, NY 28385",179737.0,inactive,2025-06-19
69,Eric,Olson,eric.olson@gmail.com,723-318-7311,1969-07-18,"49368 Chelsea Shoals Suite 024, Sandrastad, AL 24278",217690.05,active,2019-11-19
70,Molly,Knight,molly.knight@yahoo.com,925-646-1027,1985-11-04,"83667 Moore Inlet, Kimberlyshire, PA 11636",133422.32,suspended,2026-03-09
71,Nicole,Moore,nicole.moore@hotmail.com,572-641-2146,1947-01-28,"7679 Perry Forge, West Russellport, TX 89431",228650.14,inactive,2024-06-21
73,Omar,Padilla,omar.padilla@hotmail.com,612-913-5844,1972-01-21,"60607 Michelle Ports Suite 966, Dariustown, MD 23028",141079.57,active,2023-01-09
75,Monica,Reese,monica.reese@gmail.com,200-511-5700,1972-04-06,"81883 Bell Viaduct, East Curtis, KS 26357",64660.56,suspended,2020-07-15
77,Brittany,Bell,brittany.bell@gmail.com,874-286-5649,1966-03-30,"05411 Ford Plaza Apt. 793, Cassidyhaven, FL 08610",132430.35,suspended,2024-10-11
79,Erik,Watson,erik.watson@yahoo.com,225-247-5011,1990-10-30,"905 Mark Point Suite 449, West Christopher, TN 19038",236433.8,suspended,2025-01-11
81,James,Cooke,james.cooke@gmail.com,449-351-1090,1964-05-05,"880 Walter River, New Nicholas, GA 24204",216170.48,active,2022-03-15
82,Marie,Wise,marie.wise@gmail.com,424-380-9486,1938-11-10,"5379 Goodwin Tunnel, Youngbury, ME 61975",121130.07,suspended,2021-11-30
84,Wesley,Barnes,wesley.barnes@gmail.com,973-653-9270,1955-04-11,"0758 Jennifer Path, West Christopherburgh, KY 59394",112736.45,suspended,2023-02-15
85,Rebecca,Hernandez,rebecca.hernandez@yahoo.com,961-686-8373,1968-09-09,"5060 Shaw Freeway, Vangstad, IN 04195",75540.52,active,2024-11-24
86,Lucas,Garcia,lucas.garcia@hotmail.com,984-996-9540,1951-06-28,"04727 Gilbert Common, West Jasonberg, OH 95821",125580.54,active,2023-07-29
87,Chelsea,Henderson,chelsea.henderson@yahoo.com,279-930-5681,1984-01-22,"36971 Mary Parks, Lake Zacharybury, VT 19319",70057.57,inactive,2021-10-01
88,Kelly,Smith,kelly.smith@yahoo.com,282-341-3471,1980-01-05,"18518 Peter Mountains Apt. 654, West Kristinastad, IA 96569",69340.05,suspended,2020-08-16
89,Diane,Garcia,diane.garcia@hotmail.com,976-488-8708,1994-12-26,"05852 Pollard Neck Apt. 217, West Jamesborough, FM 05993",91455.67,inactive,2024-04-13
90,Leslie,Collins,leslie.collins@yahoo.com,461-823-9844,1971-05-24,"Unit 8740 Box 3450, DPO AP 44007",218874.14,suspended,2025-12-25
91,Joshua,Lloyd,joshua.lloyd@yahoo.com,983-789-7232,1946-04-19,"5277 Glass Path Suite 161, Morrisonburgh, ND 39005",123889.5,inactive,2026-06-18
92,Manuel,Miller,manuel.miller@hotmail.com,629-751-9947,1981-11-27,"627 West Stream Suite 964, North Emilyfurt, MN 67752",195570.73,active,2022-04-23
93,Laurie,Shelton,laurie.shelton@gmail.com,479-646-8956,1964-11-22,"21355 Herring Bypass Apt. 755, Hinesshire, DC 69898",24443.51,inactive,2024-03-22
94,Michael,Edwards,michael.edwards@yahoo.com,941-369-8657,1948-09-08,"27868 Jose Green, Lewisport, UT 64883",222138.24,suspended,2022-02-23
95,James,Taylor,james.taylor@gmail.com,603-806-1444,1960-10-10,"55188 Vance Vista Apt. 258, North Tracie, WY 18703",36636.34,inactive,2026-05-19
96,Joel,Snyder,joel.snyder@yahoo.com,386-251-5262,1996-07-09,"8291 Kyle Stravenue Suite 866, East Teresaland, NV 61558",102161.06,active,2021-07-03
97,Erin,Cooper,erin.cooper@hotmail.com,545-979-7211,1967-11-26,"68018 Kevin Estates, Sarahbury, MI 68513",79772.97,active,2023-01-07
98,Patty,Singleton,patty.singleton@yahoo.com,681-219-9837,1986-01-23,"49818 Brittany Prairie Apt. 299, Meganshire, AZ 04219",29563.01,inactive,2025-10-06
101,Kathleen,Robertson,kathleen.robertson@gmail.com,423-676-5198,1998-06-07,"47321 Kelly Lights Suite 325, Jamesburgh, NM 67967",188251.38,active,2020-05-10
102,Steven,Koch,steven.koch@yahoo.com,965-935-2876,1954-05-04,"733 Williams Haven Suite 974, Port Danielberg, FM 35165",190669.8,active,2019-11-15
103,Jessica,Gallagher,jessica.gallagher@yahoo.com,792-226-6111,1980-10-15,"835 Jones Parkways, Duranview, GU 82190",145826.87,inactive,2025-06-21
106,Lisa,Richardson,lisa.richardson@hotmail.com,270-718-6590,1949-05-07,"409 Baker Shoal Apt. 097, New Cristina, RI 50333",20808.78,inactive,2022-07-12
107,Dylan,Becker,dylan.becker@gmail.com,643-570-8532,1964-09-19,"07562 Vaughn Loop, Salaston, VT 18599",175022.52,inactive,2025-07-01
108,April,Hoffman,april.hoffman@hotmail.com,306-693-9972,1992-11-22,"2785 Lowe Ways Suite 973, West Angela, IN 39509",189970.4,inactive,2020-10-30
110,Diana,Burgess,diana.burgess@gmail.com,898-685-3953,1983-09-03,"421 John Skyway Apt. 301, Riverafort, CT 89786",144506.62,suspended,2021-08-17
111,Kelli,Smith,kelli.smith@hotmail.com,229-706-6325,1974-09-11,"Unit 2677 Box 3454, DPO AP 08255",58368.45,active,2022-11-29
112,Rebecca,Davis,rebecca.davis@hotmail.com,548-486-5526,1976-11-11,"62067 Sharon Well, Nancytown, ME 74944",141385.61,suspended,2023-10-14
113,Carrie,Hebert,carrie.hebert@yahoo.com,447-937-7658,1991-07-22,"87431 Martin Mount Suite 205, Ashleyborough, HI 80580",126464.28,active,2025-09-21
114,Melissa,Prince,melissa.prince@yahoo.com,468-640-2286,1946-09-27,"1227 Boyle Avenue, Patrickmouth, WV 35496",117494.75,active,2021-05-05
115,Stephanie,Turner,stephanie.turner@hotmail.com,426-614-4986,2000-05-06,"530 Steven Estate Suite 841, Michaelbury, IN 18008",85977.74,suspended,2023-05-20
116,Timothy,Gibson,timothy.gibson@hotmail.com,766-743-6632,1975-08-03,"339 Alicia Pines Suite 191, Port Amyhaven, ID 75566",112461.85,suspended,2021-05-17
117,Amanda,Martin,amanda.martin@hotmail.com,560-919-8434,1959-04-26,"971 Stokes Motorway, New Robert, OK 08068",78143.45,inactive,2022-12-22
119,Katie,Good,katie.good@hotmail.com,248-477-6638,1940-04-25,"USNV Haney, FPO AA 59291",79382.92,suspended,2024-08-09
120,Molly,Knox,molly.knox@yahoo.com,811-489-2647,1940-06-29,"512 Rice Stream, Port Adam, AK 39608",202843.5,active,2020-10-19
121,Steven,Ball,steven.ball@yahoo.com,836-385-7943,1988-04-14,"75243 Antonio Shore, Mendeztown, IA 27512",175180.1,active,2022-08-20
124,Brandon,Cooper,brandon.cooper@hotmail.com,252-458-8827,1978-02-16,"662 Bennett Throughway Suite 334, Port Steven, AR 74214",43327.35,active,2024-08-12
125,Robert,Butler,robert.butler@hotmail.com,275-790-1878,1972-09-29,"3517 Davis Stream, North Joseph, TX 79795",51683.4,suspended,2021-03-02
126,Carrie,Russo,carrie.russo@gmail.com,454-321-7818,1981-06-08,"3540 Sharon Streets, Lake Yvonnefort, PW 32298",152602.52,suspended,2025-09-23
127,Heather,Padilla,heather.padilla@yahoo.com,589-661-8253,1988-06-12,"PSC 8546, Box 7854, APO AA 47640",84012.4,suspended,2020-10-27
128,William,Crawford,william.crawford@gmail.com,782-835-1986,1970-03-23,"3556 Anna Forges Apt. 048, Phillipsborough, MA 30650",153338.06,suspended,2023-04-05
130,Robert,Kirby,robert.kirby@gmail.com,765-276-3564,1987-03-06,"38750 Hopkins Brook, New Andreatown, AK 69892",18594.01,inactive,2024-09-25
131,Jennifer,Nichols,jennifer.nichols@yahoo.com,681-498-1534,1946-11-06,"11823 Christine Glen Suite 461, Susanmouth, OK 32378",69387.72,suspended,2020-01-09
132,Veronica,Perez,veronica.perez@hotmail.com,638-834-9248,1983-05-01,"016 Bennett Mountains, Lake Albertburgh, CO 66018, tel 900-268-1514",223108.25,suspended,2021-08-04
133,Megan,Newman,megan.newman@yahoo.com,635-317-9922,1955-10-13,"033 Nelson Club, Rachelshire, TN 04813",67907.7,active,2024-06-18
134,Harry,Jefferson,harry.jefferson@gmail.com,273-261-3718,1984-11-11,"USNS Goodwin, FPO AP 52706",193963.54,suspended,2025-02-01
135,Sarah,Evans,sarah.evans@hotmail.com,495-649-3037,1941-07-03,"856 Krystal Spurs Apt. 850, South Jesseland, MA 79821",122050.95,inactive,2020-04-19
136,Kayla,Friedman,kayla.friedman@yahoo.com,478-712-9847,1945-12-02,"Unit 5047 Box 7358, DPO AA 57104",127622.54,active,2022-03-03
137,Jacob,Willis,jacob.willis@yahoo.com,642-952-6280,1955-01-16,"11426 Jodi Island Suite 110, Seanview, CT 17868",75000.0,active,2026-03-27
138,Christopher,Jordan,christopher.jordan@hotmail.com,890-789-1339,2000-07-02,"01581 Shields Bridge Suite 661, New Adriana, TX 50404",239905.08,suspended,2024-02-12
139,Gavin,Adams,gavin.adams@yahoo.com,241-981-3870,1984-07-07,"64647 Michael Gateway, Wheelerborough, NH 14522",122451.18,suspended,2020-03-21
140,Derek,Smith,derek.smith@yahoo.com,385-799-8141,1969-01-08,"7569 Kevin Rapids Apt. 752, Novakport, WA 91590",158922.21,inactive,2023-07-25
144,William,Stone,william.stone@hotmail.com,726-201-9889,1998-04-18,"5679 Michael Burg, Garciachester, PW 11754",120558.75,active,2022-02-24
145,Darren,Shepard,darren.shepard@gmail.com,570-837-9167,1991-11-13,"3875 Davis Stravenue Suite 514, Port Jennifertown, PR 45468",156840.74,active,2020-11-13
147,Mark,Simmons,mark.simmons@yahoo.com,229-845-4920,1965-03-17,"226 Johnson Ridges Apt. 796, Smithborough, IL 36984",175571.79,inactive,2025-04-27
148,Karen,Stokes,karen.stokes@gmail.com,765-617-2527,1959-04-12,"5371 Lambert Overpass, Candicefurt, OR 15473",67883.55,active,2026-07-12
149,Michael,Bruce,michael.bruce@hotmail.com,863-357-9165,1967-04-19,"912 Wilson Inlet Apt. 252, Barnesberg, OK 50794",225048.98,inactive,2025-05-13
150,Rodney,Tucker,rodney.tucker@hotmail.com,625-694-8736,1963-01-16,"274 Jacob Ville, Harveystad, AL 64019",72108.26,suspended,2023-08-14
152,Ariel,Barton,ariel.barton@yahoo.com,538-500-5567,2002-06-07,"148 Weaver Throughway, Port Jenniferside, IL 56226",225403.14,active,2023-08-02
153,Curtis,Greer,curtis.greer@gmail.com,489-943-5891,1984-09-22,"4517 Kimberly Freeway, Port Joan, UT 46458",203919.65,suspended,2026-08-27
155,Joseph,Hodge,joseph.hodge@hotmail.com,586-666-6272,1959-03-07,"0422 Dustin Islands, Port Megan, MO 64655",211051.57,suspended,2020-08-03
157,Troy,Morris,troy.morris@yahoo.com,270-441-5548,1966-04-06,"750 Cory Tunnel, Smithburgh, NV 60337",127962.96,active,2022-05-29
159,Rebecca,Martin,rebecca.martin@yahoo.com,318-825-3231,1999-10-01,"1103 Miller Ramp, New Erin, AL 01557",109015.25,suspended,2020-10-13
160,Heather,Montoya,heather.montoya@yahoo.com,680-471-6546,1994-11-05,"36111 Richardson Hills Apt. 622, New Annaburgh, NV 46531",156363.59,inactive,2025-11-04
161,Jennifer,Fuller,jennifer.fuller@gmail.com,536-890-9742,1950-05-25,"PSC 9731, Box 1219, APO AP 50836",102362.09,inactive,2025-10-13
163,Peter,Lucas,peter.lucas@gmail.com,964-292-8110,1982-11-30,"79180 Peck Curve, Valenciashire, MT 48396",235190.98,suspended,2024-02-18
164,Amy,Thompson,amy.thompson@yahoo.com,654-370-5906,1945-07-18,"USS Smith, FPO AE 02308",218560.14,active,2025-07-22
165,Jose,Williams,jose.williams@gmail.com,795-908-4490,1979-08-05,"USCGC Hunter, FPO AP 93906",113612.47,active,2026-01-20
166,Walter,Perry,walter.perry@hotmail.com,779-898-3950,1961-01-15,"1418 Terri Drives, Peterland, ME 92077",55736.37,active,2022-01-23
167,Samuel,Ashley,samuel.ashley@gmail.com,203-907-6378,1954-01-06,"1799 Kyle Streets, North Alexander, DC 92447",128482.13,suspended,2022-05-24
168,Alexander,Crawford,alexander.crawford@yahoo.com,645-386-8433,1995-11-09,"52410 Roman Groves Apt. 491, Gibsonstad, AR 65985",120024.65,suspended,2024-01-29
169,Michele,Jackson,michele.jackson@gmail.com,494-893-9955,2007-11-08,"138 Bradley Wall, East Brandonstad, MS 20172",53070.59,inactive,2021-06-19
170,Harold,Horne,harold.horne@gmail.com,506-854-7951,1977-09-10,"53654 Ashley Crest Apt. 238, South Caseymouth, VI 37503",171249.6,inactive,2020-02-04
171,Kiara,Collins,kiara.collins@gmail.com,593-694-2747,1981-08-04,"3494 Steven Ramp, Cuevasborough, VA 72139",70659.67,suspended,2024-06-13
173,Mary,Wiley,mary.wiley@yahoo.com,208-779-1803,1973-03-09,"413 Robert Circle Apt. 410, Port April, UT 49324",220156.96,suspended,2023-08-09
174,Stephen,Adkins,stephen.adkins@hotmail.com,994-435-6772,1964-02-18,"619 Ryan Curve, West Jose, MD 52006",66619.01,active,2023-06-22
176,Shannon,Ford,shannon.ford@gmail.com,516-651-1546,1950-09-16,"903 Hernandez Station Apt. 568, Lake Kentburgh, AK 53505",146665.38,suspended,2026-03-29
177,Melissa,Hawkins,melissa.hawkins@hotmail.com,502-534-7807,1996-11-26,"21003 James Locks Suite 199, Samanthaland, AK 08951",56992.1,active,2025-09-02
179,Joshua,Stephenson,joshua.stephenson@gmail.com,964-546-2886,1965-06-19,"476 Brown Harbors, Taylorborough, SD 69420",121969.57,active,2023-05-17
180,John,Mcknight,john.mcknight@hotmail.com,892-941-7511,1996-01-25,"578 Cooper Port Suite 642, West Carlatown, MH 37323",232733.88,suspended,2024-02-25
181,Brian,Frey,brian.frey@hotmail.com,604-214-5332,1975-11-18,"13348 Kathryn Forges, Kellyburgh, HI 31506",137119.05,inactive,2025-09-02
182,Brittany,Drake,brittany.drake@hotmail.com,798-590-7086,1975-08-18,"599 Anna Field, Weaverburgh, NM 05476",42052.83,active,2023-09-29
183,Christopher,Hall,christopher.hall@gmail.com,834-774-6374,1966-05-25,"59325 Samantha Vista Suite 002, Port Daniel, NC 48327",221186.81,active,2026-05-27
184,Susan,Brooks,susan.brooks@hotmail.com,850-675-5951,1950-08-04,"4522 Conner Oval, Grantside, UT 80941",162131.16,active,2025-12-22
185,Kristin,Walker,kristin.walker@hotmail.com,238-511-9071,1996-02-26,"4220 Rosales Trail Apt. 295, Lake Ariana, NM 18935",43778.75,active,2026-03-05
186,Mark,Miller,mark.miller@yahoo.com,597-664-7078,1960-06-20,"Unit 2157 Box 0433, DPO AP 09386",166847.94,suspended,2025-02-28
187,Michael,Buchanan,michael.buchanan@hotmail.com,629-801-3531,1946-03-18,"6267 Bell Lane Apt. 793, South Charles, PR 04880",214561.86,suspended,2020-08-16
189,Catherine,Hamilton,catherine.hamilton@gmail.com,655-441-6942,1989-03-15,"68844 Young Causeway, Armstrongfort, FL 07645",40056.73,suspended,2021-09-16
190,Michael,Patterson,michael.patterson@yahoo.com,860-567-1992,1975-09-28,"10324 Thomas Crescent Suite 677, Christopherside, MS 24733",106387.0,active,2020-07-29
191,Nathan,James,nathan.james@gmail.com,293-878-4475,1997-09-26,"7434 Edward Square Apt. 158, Arellanoshire, IN 73062",160458.39,suspended,2021-08-01
192,Bruce,Hughes,bruce.hughes@hotmail.com,879-265-4420,2006-10-12,"374 Ralph Walk Apt. 898, North Stacy, NV 23160",192709.14,active,2026-02-11
193,Stacy,Jackson,stacy.jackson@gmail.com,412-800-4538,2002-07-16,"61632 Flores Stream, North Paulfurt, OH 43247",198497.76,active,2020-06-19
194,Melissa,Stone,melissa.stone@gmail.com,810-202-5542,1979-03-21,"62299 Sara Port Apt. 485, Bakerfort, OK 80318",208566.16,active,2025-01-10
196,Dennis,Mccann,dennis.mccann@yahoo.com,566-443-6304,1996-11-14,"6913 Lewis View Suite 785, New Laceyland, ME 93505",21503.4,inactive,2026-07-08
197,William,Taylor,william.taylor@hotmail.com,959-631-9619,2003-12-29,"33030 Williams Lake, West Micheal, NH 66708",43230.15,inactive,2025-04-05
198,Randy,Leblanc,randy.leblanc@hotmail.com,996-570-9408,1965-12-20,"9727 Cooper Villages Suite 140, Williamsshire, WI 28592",149793.86,inactive,2021-08-27
199,Mercedes,Holland,mercedes.holland@hotmail.com,585-455-9453,1963-06-30,"007 Deborah Rapid Apt. 349, Jenniferview, NE 49846",84961.93,suspended,2024-03-13
200,Melissa,Stevens,melissa.stevens@gmail.com,690-611-7984,2005-11-25,"108 Hoffman Ranch Suite 417, West Vanessamouth, VI 36792",170313.64,inactive,2025-12-31
202,Jordan,Barnes,jordan.barnes@yahoo.com,227-313-3509,1997-05-16,"3875 Bruce Ville, West Connor, DC 97614",176097.92,inactive,2023-08-07
203,Jonathan,Stokes,jonathan.stokes@gmail.com,501-664-9282,1955-02-06,"USNV Pena, FPO AE 47068",152404.75,active,2020-09-24
206,Crystal,Thompson,crystal.thompson@hotmail.com,881-461-7132,1970-05-29,"3292 Glover Tunnel Apt. 296, Powellfort, MS 01112",229697.54,suspended,2023-03-06
207,Benjamin,Gonzalez,benjamin.gonzalez@yahoo.com,293-287-2527,1966-02-23,"USNV Sherman, FPO AP 25480",113876.59,suspended,2025-12-06
208,Andrew,Smith,andrew.smith@hotmail.com,333-769-1982,1942-06-01,"2168 Jackson View Apt. 447, Ryanberg, MA 64749",148195.25,suspended,2022-07-03
209,Michael,Lopez,michael.lopez@yahoo.com,886-325-7730,1958-04-21,"230 David Station, South Nancyview, WI 70589",96498.77,suspended,2022-12-26
210,Cindy,Wheeler,cindy.wheeler@gmail.com,938-252-5712,1941-05-20,"16761 Wells Drives, Lake Gina, AL 39968",151291.04,inactive,2021-12-09
211,Robert,Garcia,robert.garcia@hotmail.com,740-493-5826,1999-05-27,"1891 Wilson Coves, Gonzalezborough, WI 34972",163795.46,active,2020-03-14
212,Marie,Dudley,marie.dudley@yahoo.com,769-576-2882,1998-12-26,"08737 Young Bridge Apt. 197, North Kimberly, CA 95339",187298.45,suspended,2022-10-03
213,Jennifer,Conway,jennifer.conway@hotmail.com,774-985-1430,1988-05-28,"7012 Melissa Lake Suite 611, North Melissaburgh, MA 47362",153196.87,suspended,2021-11-14
214,Patricia,Friedman,patricia.friedman@yahoo.com,229-384-5477,1946-06-25,"5216 Rivers Groves, Vaughnfort, AS 55779",173999.13,inactive,2023-09-07
215,Deborah,Robles,deborah.robles@gmail.com,206-385-3347,1978-03-17,"16979 White Light, Cherylberg, NJ 64480",143723.28,inactive,2022-09-30
216,Daniel,Jenkins,daniel.jenkins@gmail.com,958-848-1502,2002-06-14,"89935 Ryan Stream Apt. 756, Port Margaret, MH 80836",38370.21,suspended,2025-02-02
218,Sean,Berry,sean.berry@gmail.com,995-781-2391,1943-12-16,"1701 Gutierrez Point Apt. 199, Pamelaside, IL 86300",214101.96,active,2023-01-17
219,Emily,Clements,emily.clements@yahoo.com,885-557-7670,1994-07-28,"5899 Moran Lakes, Wilsonbury, AL 45243",78406.83,suspended,2019-10-03
220,Michael,Schultz,michael.schultz@yahoo.com,821-652-7785,1970-08-27,"102 Taylor Stravenue Suite 149, East David, PR 51998",78643.04,inactive,2021-03-27
221,Jason,Summers,jason.summers@gmail.com,640-313-5640,1998-06-26,"0917 Barrett Parkways, South Adam, WA 06867",168564.37,suspended,2022-10-24
222,Angela,Reynolds,angela.reynolds@hotmail.com,883-515-1744,1965-01-14,"922 Paul Rapid, Williamfurt, MT 80323",66955.09,suspended,2020-10-09
223,Ruth,Farmer,ruth.farmer@yahoo.com,409-508-4460,2003-10-12,"7226 Cameron Plaza Suite 833, New Jennifer, TX 45759",188351.6,inactive,2026-08-06
224,Samantha,Anderson,samantha.anderson@hotmail.com,271-568-7710,1982-09-23,"851 Hart Prairie, Craigside, LA 55864",183837.14,active,2023-01-02
225,Lindsey,Mills,lindsey.mills@gmail.com,745-920-4770,1997-02-07,"034 Tonya Springs, Dwayneton, UT 39185",129058.24,suspended,2022-06-02
229,Adam,Owens,adam.owens@gmail.com,290-647-2734,1967-06-02,"094 Tyler Plaza Suite 158, East Abigail, WY 66710",72016.26,suspended,2022-08-16
231,Christina,Oliver,christina.oliver@gmail.com,278-722-2868,1978-10-25,"1648 Johnson Path Suite 887, Williamsborough, MD 67858",135794.27,active,2024-10-18
232,Christopher,Davis,christopher.davis@hotmail.com,559-944-3419,1939-01-21,"36138 Lucas Cliffs, North Stephen, MA 05466",70451.68,active,2022-10-06
234,Brenda,Haynes,brenda.haynes@gmail.com,445-263-8624,2001-12-07,"4914 James View, South Ericbury, DC 98379",120997.58,suspended,2024-09-11
235,Peter,Salinas,peter.salinas@hotmail.com,659-897-6295,1940-07-10,"5088 David Avenue, Medinaland, ME 28033",209862.81,suspended,2020-03-08
236,Kaitlin,Berger,kaitlin.berger@yahoo.com,650-269-8682,1980-05-01,"23943 Howard Union, Port Karenside, NH 84999",116170.19,inactive,2024-12-27
237,Andrea,Roberts,andrea.roberts@gmail.com,257-560-9312,1984-01-20,"975 Anderson Shoal, North Justin, CA 25863",34470.33,inactive,2020-01-19
238,Louis,Hayes,louis.hayes@hotmail.com,258-577-5703,1968-02-25,"955 Jackson Island, Port Jeffrey, WA 84496",35034.28,active,2026-04-05
240,Jessica,Mcclain,jessica.mcclain@hotmail.com,785-867-4084,2005-01-05,"308 Stephens Plains Suite 256, Port Brittany, PR 38642",89378.94,inactive,2021-08-21
242,Jeffery,Freeman,jeffery.freeman@gmail.com,716-861-3827,1944-08-11,"38567 Keith Canyon, Dakotahaven, SC 36348",26689.55,suspended,2025-09-26
244,Adam,Macias,adam.macias@yahoo.com,993-546-1857,1973-12-09,"432 Eric Rapids, Lake Jerrymouth, VA 15356",193208.38,suspended,2022-02-05
245,Timothy,Mendoza,timothy.mendoza@gmail.com,537-296-7333,1978-09-03,"30299 Dennis Passage Apt. 920, West Sandra, NC 53644",81080.63,suspended,2025-12-11
248,Donna,Winters,donna.winters@hotmail.com,458-730-1495,2001-02-03,"650 Perez Unions Suite 659, South Dennisfort, WI 30976",198527.02,suspended,2023-03-18
249,Renee,Miller,renee.miller@hotmail.com,295-861-7937,1945-08-22,"3009 April Lane Apt. 565, East Ronaldshire, KS 34750",130884.44,active,2020-10-11
250,Melissa,Henderson,melissa.henderson@yahoo.com,384-419-6598,1976-03-01,"68872 Hansen Orchard Suite 495, Fitzgeraldville, WA 30617",228382.36,inactive,2023-03-21
252,Christopher,Johnson,christopher.johnson@yahoo.com,437-304-7205,1963-02-24,"USCGC Mendez, FPO AP 38049",164948.29,suspended,2020-08-18
253,Jennifer,Harper,jennifer.harper@gmail.com,585-357-3658,1996-12-08,"38430 Christina Spring Apt. 530, North Wendy, WI 52855",58147.8,active,2019-12-26
254,Michael,Foster,michael.foster@hotmail.com,938-648-1715,1939-07-08,"118 Barber Points, Michaelview, IN 79978",109210.61,suspended,2024-10-28
255,Sylvia,Gibson,sylvia.gibson@yahoo.com,334-923-3138,1944-02-20,"68181 Morgan Crescent Suite 894, Churchshire, NJ 32387",185030.84,inactive,2024-01-08
256,Katherine,Ali,katherine.ali@yahoo.com,444-516-8684,1987-09-14,"1416 Erica Forks, Robertstad, NC 70709",218682.3,active,2020-09-10
258,John,Baker,john.baker@gmail.com,365-404-3267,1961-05-17,"521 Samantha Springs, Austinside, AZ 63715",211806.43,suspended,2021-12-27
260,Helen,Stevens,helen.stevens@hotmail.com,285-981-3626,1997-07-05,"9155 Lopez Greens, West Thomas, RI 45471",78559.67,suspended,2023-06-27
261,Michael,Jimenez,michael.jimenez@gmail.com,293-427-8391,1995-06-23,"6472 Tiffany Spur Apt. 143, Chaseborough, FL 97303",214387.81,active,2021-10-11
263,Lisa,Woods,lisa.woods@hotmail.com,228-526-2623,1975-01-22,"5588 Cooper Loop Apt. 593, Port Justin, MD 88737",204297.14,suspended,2024-03-01
264,William,Hampton,william.hampton@yahoo.com,340-239-5700,1978-08-13,"472 Danielle Junction Suite 996, North Fernandobury, MD 42034",221661.95,inactive,2025-01-16
265,Denise,Page,denise.page@hotmail.com,977-922-8685,1946-04-01,"5987 Jackson Walk Apt. 234, East Garrettville, CT 08862",117589.53,active,2025-02-15
267,Anthony,Alvarado,anthony.alvarado@yahoo.com,633-313-5720,1954-01-26,"487 Tara Square Apt. 997, Millsside, ME 46005",70756.13,active,2020-10-06
268,Timothy,Perez,timothy.perez@gmail.com,629-854-8489,2004-05-30,"4240 Alexandra Trace Apt. 547, Lake Sandrafort, ME 01698",31943.19,inactive,2024-01-04
269,Katie,Yates,katie.yates@hotmail.com,216-847-9443,1955-02-28,"536 Foster Estates, Claytonbury, KS 10883",145660.54,suspended,2020-09-02
270,Robert,Allen,robert.allen@hotmail.com,639-201-6780,1995-10-25,"8463 Ian Highway Apt. 797, Jackiefort, ID 42528",71405.26,inactive,2023-06-01
273,John,Wise,john.wise@yahoo.com,582-459-1266,1951-09-01,"71837 Maldonado Inlet, Ericton, WA 72535",97274.84,active,2022-05-06
275,Eric,Townsend,eric.townsend@gmail.com,336-245-6772,1940-10-23,"950 Michael Drives, East Tonymouth, OH 84996",139215.05,inactive,2022-12-15
277,James,Lopez,james.lopez@yahoo.com,505-667-6769,1944-06-15,"9821 Shannon Viaduct Suite 857, Port Danafurt, VA 24819",27724.99,active,2021-07-20
278,Nicole,Harvey,nicole.harvey@yahoo.com,517-727-7524,2004-12-07,"1863 Cannon Drives, Marcusmouth, DE 13117",237585.24,suspended,2023-02-22
279,Alexandra,Jones,alexandra.jones@gmail.com,237-971-4131,1966-03-23,"17310 Barrett Pine, Brandonbury, PA 94590",81516.62,active,2023-11-04
281,Christian,Lewis,christian.lewis@hotmail.com,840-278-4435,1942-01-04,"633 Ashley Fall, Reeseshire, MI 88908",128157.12,inactive,2021-10-01
282,Stephen,Ortega,stephen.ortega@gmail.com,915-214-9053,1975-09-27,"685 Amanda Rapid, Mahoneymouth, OH 43054",35521.8,suspended,2020-11-10
283,Megan,Gutierrez,megan.gutierrez@hotmail.com,500-528-2680,1992-07-03,"398 Nicholas Plaza Suite 577, Smithton, LA 78588",35775.3,suspended,2020-07-25
284,Allen,Taylor,allen.taylor@yahoo.com,656-817-7981,1982-03-04,"50488 Clinton Mount, Ericview, MN 76805",54995.14,inactive,2023-03-31
285,John,Scott,john.scott@yahoo.com,243-944-6776,1977-02-26,"315 Thompson Views Apt. 940, Millerton, PW 44330",154497.03,inactive,2021-09-01
286,Michael,Montoya,michael.montoya@yahoo.com,276-887-7655,1984-01-24,"USS Kane, FPO AE 98500",98655.07,suspended,2026-01-15
288,Jeffrey,Roberts,jeffrey.roberts@yahoo.com,570-592-1530,1987-07-10,"79086 Miller Parkway Suite 227, South Randall, OK 26204",152331.05,suspended,2022-07-29
289,Ann,Shea,ann.shea@hotmail.com,580-654-2259,1968-04-30,"6591 Emily Manors, Michaelmouth, MI 78341",145410.63,suspended,2022-07-10
290,Diana,Carrillo,diana.carrillo@gmail.com,521-865-5566,1975-10-10,"Unit 9792 Box 7033, DPO AP 49498",73413.79,active,2022-03-21
291,Eric,Chandler,eric.chandler@gmail.com,711-730-7340,2006-05-15,"92405 Kevin Mountains, West Jasonside, IL 27213",220806.44,active,2024-08-05
293,Diana,Smith,diana.smith@yahoo.com,404-325-3223,1946-06-08,"04636 Rebecca Oval Apt. 238, Castrotown, AZ 32927",207327.44,inactive,2021-03-05
294,Sandra,Torres,sandra.torres@yahoo.com,289-898-6236,1993-03-16,"55543 Cain Road, Natashatown, OH 37226",166260.43,suspended,2021-09-09
295,Jeremiah,Peterson,jeremiah.peterson@yahoo.com,390-770-8999,2002-11-14,"689 Robert Ports, South Tara, PW 79847",207002.38,suspended,2020-07-07
296,Mark,Daniels,mark.daniels@gmail.com,976-248-7473,1945-01-14,"48262 Lonnie Point, East Lonnieberg, VA 04365",44942.47,active,2024-09-23
297,Kathy,Beard,kathy.beard@yahoo.com,705-226-6912,1996-03-27,"USNV Ramos, FPO AP 97276",140992.76,inactive,2024-01-11
298,Joshua,Maxwell,joshua.maxwell@gmail.com,332-826-2412,1966-10-06,"949 Caitlyn Fort, West Christopherfort, DC 66341",32596.08,inactive,2020-06-30
300,Michelle,Burns,michelle.burns@yahoo.com,857-275-8372,1997-06-14,"6096 Long Summit, New Danielmouth, GU 06060",121414.97,suspended,2023-02-16
301,Natalie,Sanchez,natalie.sanchez@hotmail.com,998-764-3981,1977-10-14,"680 Kelly Locks, Kimport, NH 22322",188447.52,active,2025-03-30
302,Roberto,Austin,roberto.austin@gmail.com,256-327-9488,1969-11-18,"7181 Kimberly Square, South Robert, NV 03766",51969.43,active,2021-01-16
303,Harold,Garza,harold.garza@hotmail.com,926-430-6669,1994-03-01,"PSC 7145, Box 2111, APO AP 59404",228341.26,suspended,2023-01-24
304,Cynthia,Miller,cynthia.miller@hotmail.com,456-401-5496,1983-03-19,"8602 Cunningham Shoals, East Misty, HI 93830",45787.81,inactive,2025-10-18
305,Brett,Parker,brett.parker@hotmail.com,295-714-3762,1953-07-28,"2123 Cindy Glen Apt. 777, New Nicolebury, IL 77684",149381.47,suspended,2020-09-12
306,Donna,Chavez,donna.chavez@yahoo.com,874-839-6531,1994-11-11,"84983 Jack Centers, Benjaminton, TN 76272",205041.66,suspended,2024-10-05
308,Katherine,Bridges,katherine.bridges@gmail.com,854-231-9159,1971-04-28,"45868 Heather Ridge, North Ashleyhaven, CO 63895",215357.31,suspended,2019-10-02
309,Jennifer,Jacobs,jennifer.jacobs@hotmail.com,694-450-7653,1982-09-16,"8995 Christina Parks Suite 729, Lake Kelly, ID 00708",84030.32,active,2023-04-18
310,David,Marshall,david.marshall@gmail.com,361-650-7809,1946-12-01,"660 Bailey Valley, North Danielle, UT 37414",125503.75,active,2026-01-04
311,Jonathan,Jones,jonathan.jones@yahoo.com,837-722-6428,1978-03-05,"15569 Marilyn Fields Suite 577, Lake Derekberg, SC 60875",180992.35,inactive,2019-11-18
312,Patricia,Herrera,patricia.herrera@yahoo.com,978-579-9437,1972-12-03,"084 Peters Brook Apt. 955, East Juantown, MA 49684",142686.57,inactive,2025-03-20
313,Courtney,Kirby,courtney.kirby@hotmail.com,325-473-8366,1987-01-03,"145 Joseph Corners, Wileystad, NV 40167",73037.99,active,2021-06-14
314,Javier,Turner,javier.turner@gmail.com,610-585-4795,2004-02-26,"17807 James Orchard, Kimberlyberg, WI 13379",73116.0,active,2023-06-06
316,Melanie,Wiggins,melanie.wiggins@yahoo.com,710-515-9148,1962-07-08,"84094 Manuel Fields, Joshuamouth, WI 58318",23145.14,inactive,2021-06-12
317,Emily,Nelson,emily.nelson@gmail.com,446-420-6781,1963-05-08,"881 Amy Plaza, Josephport, OK 32590",28802.11,inactive,2021-07-22
318,George,Collins,george.collins@yahoo.com,869-888-8710,1964-04-18,"07016 Christopher Lock, Lake Caitlin, OR 83006",81436.14,active,2019-12-25
319,Mary,Lyons,mary.lyons@hotmail.com,337-470-6992,1999-01-19,"81792 Lisa Square Suite 174, Ruizbury, FL 81364",187576.2,inactive,2021-11-06
321,Laura,Nguyen,laura.nguyen@hotmail.com,716-661-5582,2002-02-05,"769 Allen Gardens Apt. 761, Jaredshire, NE 57563",201219.11,suspended,2022-05-08
324,Erin,Stewart,erin.stewart@hotmail.com,246-239-3245,1963-10-31,"5190 Abbott Walk Suite 058, North Jacquelinestad, DE 37490",176417.39,inactive,2026-03-26
325,Michelle,Young,michelle.young@hotmail.com,352-820-9446,1962-02-07,"666 Gardner Shore Apt. 723, Bridgesstad, MP 55188",49031.38,suspended,2021-07-23
326,Eric,Bright,eric.bright@hotmail.com,735-229-3707,1980-02-13,"02762 Derrick Valley, Daltonchester, RI 24067",149806.87,suspended,2024-11-10
327,Shawn,Coleman,shawn.coleman@yahoo.com,701-925-5911,1962-12-19,"69097 Jennifer Grove, Houseshire, MN 04886",123426.16,active,2020-09-17
329,Taylor,Hunt,taylor.hunt@yahoo.com,764-896-9556,1946-12-20,"5442 Heather Ranch Suite 940, Laneshire, AR 86526",232689.69,suspended,2026-05-20
330,Veronica,Lamb,veronica.lamb@hotmail.com,938-252-8871,1956-11-15,"28144 Christina Harbor Suite 019, New Joanne, TN 59044",55853.68,suspended,2024-02-17
333,Sara,Cole,sara.cole@hotmail.com,622-907-4340,1971-02-15,"85694 Nelson Unions, West Destinyfurt, NH 89012",109103.78,suspended,2024-12-25
334,Kaitlyn,Navarro,kaitlyn.navarro@hotmail.com,922-341-9498,1966-05-21,"258 Emily Village Apt. 061, Lake Seanbury, VA 37633",64029.86,inactive,2025-12-25
336,Steven,Mayer,steven.mayer@hotmail.com,759-562-5331,1960-11-12,"5421 Waters Light Suite 504, Gregoryland, NM 26803",153437.0,active,2022-11-04
337,Chelsey,White,chelsey.white@yahoo.com,771-505-4684,1986-07-31,"91741 Charles Ports Suite 707, Lake Danielle, AZ 87612",227009.79,inactive,2023-07-22
338,Peter,Hernandez,peter.hernandez@yahoo.com,921-412-9011,1939-07-06,"PSC 9087, Box 7661, APO AP 30103",88383.05,inactive,2023-06-11
339,Aaron,Finley,aaron.finley@yahoo.com,494-324-9899,1958-05-30,"4601 Nichols Junctions Apt. 743, New Benjamin, MS 87104",102292.11,inactive,2023-08-13
340,James,Dominguez,james.dominguez@gmail.com,878-735-9852,1977-09-24,"1732 James Stravenue Apt. 761, Victormouth, AK 05356",230079.65,active,2025-01-15
342,Brandon,Haynes,brandon.haynes@gmail.com,912-478-3249,1984-05-15,"1792 Lisa Coves, South Brookebury, CA 27061",42248.3,suspended,2020-05-18
343,Ronald,Cain,ronald.cain@hotmail.com,448-251-9700,1956-01-18,"98253 Brittany Isle Apt. 142, Jacksonstad, OH 22128",68099.11,active,2023-12-31
344,Samuel,Frost,samuel.frost@gmail.com,623-538-8739,2003-12-26,"07100 Sara Squares Suite 672, East Danielle, NC 59538",40320.97,active,2025-07-23
345,Robert,Hurley,robert.hurley@hotmail.com,361-616-8793,2008-03-25,"791 Bailey Avenue, East David, NC 13042",123993.57,active,2020-07-05
346,Christine,Huffman,christine.huffman@hotmail.com,643-798-1679,1940-11-17,"340 Daniel Drive Suite 722, North Deannaport, IL 57474",219562.0,active,2023-06-18
348,Robert,Burgess,robert.burgess@yahoo.com,237-606-9116,1971-03-16,"3136 Nicholas Forges, South Brendaton, FM 57630",59361.18,suspended,2024-09-16
349,Dustin,Reilly,dustin.reilly@yahoo.com,209-505-2758,1982-09-22,"73543 Martinez Square Apt. 421, Ellisburgh, WV 45534",224116.98,inactive,2026-04-06
350,Jeffrey,Phillips,jeffrey.phillips@gmail.com,856-756-9590,1983-03-02,"831 Vincent Overpass, New Thomas, NH 37092",127648.56,active,2021-08-02
351,Alexis,Patterson,alexis.patterson@gmail.com,479-397-2845,1963-06-17,"392 Robert Cape Apt. 780, Schmidtfort, AS 91812",91411.87,suspended,2021-06-07
352,Lori,Chavez,lori.chavez@gmail.com,935-390-1230,1967-07-11,"632 Phillips Rue, North Timothyport, GA 92684",181529.17,inactive,2023-10-19
355,Ann,Ayala,ann.ayala@gmail.com,454-206-5272,1965-11-10,"Unit 3817 Box 9335, DPO AA 35544",103153.51,inactive,2023-01-20
358,Bryan,Wiggins,bryan.wiggins@gmail.com,920-988-6095,1972-04-28,"9557 Ellis Port Apt. 424, South Nathan, LA 06703",171244.46,suspended,2021-01-17
359,Eddie,Mitchell,eddie.mitchell@gmail.com,829-426-4590,1982-03-24,"842 Mary Square, East John, AZ 42001",230534.04,inactive,2022-07-24
360,Autumn,Alexander,autumn.alexander@yahoo.com,965-820-7121,1994-12-14,"552 West Estates, Davidtown, MO 65960",110317.73,suspended,2021-07-31
362,Richard,Randall,richard.randall@yahoo.com,379-749-9216,2001-05-08,"93983 Gonzalez Corner Suite 186, South Louis, PA 67551",35338.8,suspended,2020-10-15
364,Donald,Matthews,donald.matthews@gmail.com,732-652-2904,1993-12-07,"8519 Davis Lodge Suite 628, Pageberg, ID 24881",169025.54,suspended,2023-01-02
365,Marisa,Roberts,marisa.roberts@yahoo.com,909-745-5694,1956-05-18,"478 Walker Turnpike Apt. 244, Martinezport, MT 24011",197529.64,inactive,2021-03-14
366,Travis,Watts,travis.watts@gmail.com,625-667-1945,1996-11-09,"1959 Cunningham Ways Suite 715, Port Jordanshire, AR 19655",142052.98,suspended,2020-12-04
367,Luis,Johns,luis.johns@gmail.com,605-460-1049,1981-01-17,"5650 Carter Route, New Jamesburgh, WV 12888",183568.6,suspended,2026-06-09
369,Eric,Walker,eric.walker@gmail.com,232-493-7698,2002-07-03,"7112 Timothy Inlet, Donmouth, FM 78836",57955.85,active,2021-05-22
370,Alexandra,Cordova,alexandra.cordova@gmail.com,583-591-8348,1939-12-28,"132 Hailey Inlet, East David, CO 56181",211055.7,inactive,2021-12-20
371,Hannah,Bowers,hannah.bowers@gmail.com,899-877-9835,1974-12-29,"0310 Taylor Glen Apt. 140, Port Davidborough, OR 26718",47523.74,inactive,2025-10-13
372,Jack,Bell,jack.bell@gmail.com,750-602-9664,1998-01-19,"552 William Cliff Apt. 908, Lake James, LA 23015",46271.05,active,2024-09-05
373,Rachel,Medina,rachel.medina@hotmail.com,505-674-9920,2008-05-20,"759 Scott Coves, Port Michael, MS 56087",112156.42,inactive,2026-06-05
374,Jason,Perez,jason.perez@gmail.com,671-554-3541,1988-02-03,"71827 Bush Point Apt. 157, South Justinport, TX 58691",79194.24,suspended,2023-11-28
375,Jeremiah,Russell,jeremiah.russell@yahoo.com,232-876-7868,1940-01-08,"5207 Randy Pike, North Douglasfurt, UT 77906",154512.95,active,2025-06-01
376,Tiffany,Figueroa,tiffany.figueroa@gmail.com,268-303-1550,1987-02-07,"3961 Mary Stream, Ramirezshire, OR 36280",117109.92,suspended,2024-05-15
378,Anthony,White,anthony.white@hotmail.com,972-994-1924,1960-04-09,"9911 Sparks Flats, Ebonyfort, NY 34797",49110.1,inactive,2024-03-31
380,Frank,Jordan,frank.jordan@yahoo.com,426-623-5923,1949-06-19,"97889 Alvarez Walk Apt. 806, Troyfurt, RI 89169",79084.17,suspended,2020-11-01
383,Heather,Chapman,heather.chapman@yahoo.com,972-750-8758,1974-12-03,"9171 Matthew Parkway Suite 294, Taraborough, NM 83789",71494.94,active,2024-08-14
384,Melanie,Cobb,melanie.cobb@hotmail.com,674-259-7761,1981-09-18,"49639 Jennifer Prairie Apt. 954, New Lauriefort, NE 27991",232848.53,suspended,2025-01-23
387,Meghan,Adams,meghan.adams@yahoo.com,586-889-1647,2004-01-27,"936 Daniel Fields Apt. 347, Castrochester, NE 85294",211943.74,active,2023-09-03
388,Rebecca,Harris,rebecca.harris@yahoo.com,941-887-4555,1940-05-11,"8207 Brian Corner Suite 941, Mosleyland, MO 95427",124425.51,inactive,2020-02-04
389,Megan,Young,megan.young@hotmail.com,416-394-2922,1981-06-30,"984 Wilkerson Freeway, Port Lindsaymouth, MP 77089",183807.19,inactive,2026-07-06
392,Sara,Hardin,sara.hardin@yahoo.com,371-831-9853,1985-03-25,"3275 Mccormick Harbor, Port Kimberlyfort, NJ 97093",39891.03,suspended,2022-08-25
393,Robert,Randall,robert.randall@hotmail.com,408-579-6126,1966-07-29,"48156 Chavez Burgs, Lake Darlenemouth, WY 84531",109892.5,suspended,2023-02-03
394,Derek,Morales,derek.morales@hotmail.com,671-293-3745,1988-11-04,"23829 Sparks Island, Mendozaberg, KS 23239",83532.69,active,2025-01-17
396,Christine,Burke,christine.burke@gmail.com,463-981-9005,1947-04-03,"91086 Wilcox Park Apt. 333, Keithfort, MS 17566",232564.84,suspended,2022-11-24
397,Ryan,Clark,ryan.clark@gmail.com,671-372-6770,1942-05-05,"Unit 4362 Box 6204, DPO AA 31366",55576.99,suspended,2021-03-07
398,Christine,Solomon,christine.solomon@yahoo.com,388-755-1962,1959-08-30,"07256 Jennifer Station Suite 941, New Brianmouth, IA 62227",134315.66,active,2021-03-16
399,Rebekah,Barajas,rebekah.barajas@hotmail.com,982-206-7756,1948-09-29,"Unit 9004 Box 8964, DPO AA 88484",48523.12,suspended,2026-02-20
400,Nathan,Donaldson,nathan.donaldson@hotmail.com,924-354-1149,1987-12-07,"2875 Anderson Island, Thomasville, MD 06289, tel 445-626-6604",66555.77,inactive,2025-12-02
401,Tiffany,Porter,tiffany.porter@yahoo.com,832-853-8916,1975-03-19,"4948 Graham Expressway Suite 728, Brownberg, AR 30629",164361.12,active,2026-01-02
402,Isaac,Harrison,isaac.harrison@gmail.com,764-621-1194,2008-02-07,"70758 Ellis Creek Apt. 151, Port Justin, MP 22559",21713.2,suspended,2020-09-18
403,Karen,Carson,karen.carson@hotmail.com,963-363-1274,1984-01-18,"089 Robert Club, Port Tyler, CT 43578",198520.9,suspended,2020-09-03
404,Anthony,Maldonado,anthony.maldonado@hotmail.com,309-298-9591,1970-01-24,"152 Christopher Village Suite 749, West Taramouth, MD 96386",51055.24,active,2024-09-02
405,Zoe,Meadows,zoe.meadows@hotmail.com,458-562-5379,1953-02-03,"450 Amy Rapids, Davisview, HI 31968",194475.87,active,2020-10-11
406,Tammy,Glenn,tammy.glenn@gmail.com,642-590-9568,1975-03-24,"66421 Henry Meadows, Rebeccaberg, MI 87732",237831.73,active,2022-02-16
407,Cody,Richardson,cody.richardson@gmail.com,869-865-1519,1981-10-13,"4996 Katherine Valleys Suite 926, Davishaven, MA 61256",38757.11,inactive,2025-10-11
408,Erica,Holland,erica.holland@hotmail.com,687-257-1154,1974-11-09,"814 Kim Unions Suite 422, Mckenziehaven, NE 39230",174031.62,active,2020-06-26
410,Nancy,Evans,nancy.evans@hotmail.com,908-780-8790,1988-01-31,"452 Jacob Summit Suite 168, North Randalltown, GA 86458",78183.1,active,2024-04-24
411,Thomas,Holt,thomas.holt@hotmail.com,500-329-8250,1947-04-17,"Unit 9749 Box 9564, DPO AE 16896",57816.7,inactive,2023-07-16
412,Derek,Lee,derek.lee@gmail.com,801-347-7525,2007-04-16,"37236 Christopher Trail, Hernandezchester, AK 15765",224210.24,active,2024-05-11
416,Samuel,Romero,samuel.romero@hotmail.com,548-819-7499,1987-11-14,"PSC 5972, Box 4665, APO AA 21738",233100.36,inactive,2025-10-30
417,Christy,Campbell,christy.campbell@hotmail.com,661-702-4737,2006-01-14,"23297 Laura Park Suite 338, North Michaelview, MI 89227",96990.09,active,2023-08-14
418,Eric,Clayton,eric.clayton@hotmail.com,896-799-7227,1969-12-14,"6193 Anna Oval, Victoriastad, WI 06618",37024.09,suspended,2024-08-07
419,Kayla,Hawkins,kayla.hawkins@gmail.com,930-275-2344,1982-03-13,"077 Theresa Tunnel, Port Annahaven, CT 22396",77489.79,inactive,2023-12-02
420,Crystal,Pitts,crystal.pitts@yahoo.com,957-598-6188,1944-11-05,"787 Eric Lakes Suite 213, Montestown, IA 62585",98075.45,active,2024-12-14
421,Matthew,Wagner,matthew.wagner@gmail.com,655-568-5419,2008-03-24,"3286 Devin Meadow Suite 678, Sherrymouth, FL 01804",40695.37,active,2023-03-24
422,Jennifer,Holmes,jennifer.holmes@gmail.com,659-770-9395,1991-11-19,"2606 Donna Row Apt. 908, Robertside, VI 40389",108585.81,active,2021-11-06
425,Valerie,Rodriguez,valerie.rodriguez@gmail.com,733-373-7237,1986-12-01,"851 Katherine Crossing Suite 490, Morganbury, AS 98249",55629.39,inactive,2020-04-08
426,Vanessa,Cunningham,vanessa.cunningham@hotmail.com,704-349-2036,1981-09-05,"4492 Stone Gateway, West Zacharyborough, GU 47853",55120.04,inactive,2023-09-03
427,Shawn,Thomas,shawn.thomas@yahoo.com,695-278-6916,1970-12-01,"06273 Miller Springs, Chapmanhaven, WI 52245",73877.34,active,2023-04-28
428,Monica,Silva,monica.silva@hotmail.com,808-831-4203,1944-01-08,"762 William Oval Suite 288, Lake Jasonfort, AZ 98345",119645.28,active,2021-02-14
431,Kathleen,Contreras,kathleen.contreras@gmail.com,690-521-3910,1946-04-26,"99663 Morgan Cape Suite 412, New Crystalport, OH 85063",232135.57,inactive,2024-06-06
432,David,Hansen,david.hansen@gmail.com,692-758-7376,1982-07-19,"USS Bernard, FPO AP 25325",101484.28,inactive,2021-03-05
433,Karen,Shaw,karen.shaw@gmail.com,637-754-6536,1975-12-13,"43397 Lindsay Rest, Richardton, NM 03550",57943.84,suspended,2025-05-28
434,Matthew,White,matthew.white@gmail.com,682-347-9670,2006-04-13,"4111 Justin Falls Suite 124, Gregoryton, RI 43137",195086.19,suspended,2021-07-04
438,Omar,Bell,omar.bell@hotmail.com,237-568-9796,1971-03-03,"28914 Randall Crossing Apt. 846, New William, AS 42221",149828.03,active,2020-08-02
439,Nicole,Dougherty,nicole.dougherty@hotmail.com,873-880-6816,1998-11-19,"3553 Haley Isle Apt. 209, Smithtown, TX 23246",54927.15,suspended,2023-11-25
440,Robert,Woodard,robert.woodard@hotmail.com,860-893-7547,2004-09-20,"118 Patricia Via Suite 156, Paultown, DE 61147",232632.07,inactive,2020-05-14
441,Mitchell,Lee,mitchell.lee@gmail.com,210-300-5239,1970-01-28,"5319 Stokes Forges, South Tammy, AZ 37300",67284.24,suspended,2025-06-30
442,Trevor,Padilla,trevor.padilla@hotmail.com,956-587-1476,1962-02-25,"614 Jackson Fields, North Brianna, WA 09027",116962.84,inactive,2020-06-04
443,David,Mahoney,david.mahoney@gmail.com,907-712-3469,1967-02-25,"08948 Smith Meadow Apt. 566, Davidhaven, NH 65456",94582.76,active,2020-01-31
445,Connie,Davis,connie.davis@yahoo.com,519-551-8460,1995-12-26,"543 Thomas Junctions, Port Matthewbury, CA 79139",192107.94,suspended,2022-10-11
446,Christine,Duran,christine.duran@hotmail.com,687-299-8178,1965-05-15,"00651 Bryan Unions, Brownchester, CA 13847",178282.66,inactive,2022-10-11
447,Erica,Hansen,erica.hansen@yahoo.com,507-245-2885,1980-01-31,"96399 Shawn Mountain Suite 991, Debratown, NH 68293",23013.9,inactive,2025-12-05
448,Mark,Lee,mark.lee@gmail.com,893-368-4996,1950-07-25,"392 Kelly Orchard, Lopezberg, AS 06277",132550.65,inactive,2025-06-16
450,Michele,Henderson,michele.henderson@gmail.com,449-353-1103,1952-03-13,"Unit 3153 Box 7795, DPO AP 74700",105819.29,suspended,2024-08-12
452,Lindsay,Bennett,lindsay.bennett@yahoo.com,694-659-4710,1989-06-04,"0150 Douglas Mill, Lake Brenda, WV 47675",146171.23,suspended,2024-05-17
453,Bradley,Johnson,bradley.johnson@gmail.com,533-401-8496,1991-12-03,"2583 James Fall, Reneetown, MP 89296",43298.0,suspended,2022-07-31
454,Derrick,Pena,derrick.pena@gmail.com,854-520-7367,1964-10-12,"7355 Shelley Union, Johnsland, DE 19432",153710.47,suspended,2020-10-06
455,Nicole,Anderson,nicole.anderson@gmail.com,560-668-3826,1998-06-12,"559 Rowland Gardens Apt. 993, Kristinemouth, IA 07481",198649.89,suspended,2022-10-12
456,Crystal,Ramirez,crystal.ramirez@gmail.com,804-286-3194,1982-01-04,"17912 Potter Rue Suite 787, West Jennifer, NC 91531",87527.24,active,2019-10-17
458,Jonathan,Miller,jonathan.miller@gmail.com,788-592-7931,1955-03-10,"90789 Simmons Mountain Suite 657, Joshuatown, HI 58393",59237.32,suspended,2025-02-19
461,Katherine,Smith,katherine.smith@hotmail.com,386-881-9797,1996-06-12,"3337 Zachary Turnpike, Sharpmouth, MA 11756",162981.49,inactive,2024-06-29
462,Lawrence,Lopez,lawrence.lopez@hotmail.com,625-927-8272,1947-04-08,"8052 Kevin Street Apt. 755, South Ronald, WV 53371",126491.29,active,2021-03-02
463,Kathryn,Vaughn,kathryn.vaughn@yahoo.com,979-425-5785,1957-12-21,"022 Carroll Union, Bairdborough, MO 08851",25258.31,active,2026-05-03
464,Amanda,Lopez,amanda.lopez@gmail.com,372-999-8492,1960-06-18,"412 Emily Fall Apt. 970, East Chad, MS 37701",143574.4,inactive,2023-06-12
465,Jamie,Carter,jamie.carter@hotmail.com,315-786-2871,1959-05-18,"8025 Myers Creek, New Robert, WA 09513",77471.34,suspended,2020-12-14
466,Paul,Berger,paul.berger@gmail.com,974-242-8231,1975-10-13,"6729 Matthews Parkway, Hilltown, FL 58923",139290.43,inactive,2020-08-08
468,Jessica,Ellis,jessica.ellis@hotmail.com,994-442-4438,1969-04-21,"0324 Estrada Cliff, South Robert, WV 72960",197976.0,suspended,2025-05-14
469,David,Wood,david.wood@gmail.com,927-824-8015,1946-11-14,"7243 Steven Cliffs Suite 656, South Benjamin, KS 15532",54847.92,active,2022-10-01
470,Jenna,Taylor,jenna.taylor@hotmail.com,260-783-6747,1990-02-27,"1183 Taylor View Suite 220, East Kellyside, WA 51730",136166.34,suspended,2024-05-12
473,Allen,Johnson,allen.johnson@gmail.com,921-577-8869,1949-11-07,"131 Jennifer Cape, Huntmouth, MD 74170",50466.04,inactive,2025-04-05
475,Miguel,Jones,miguel.jones@gmail.com,550-635-3842,1968-02-23,"89241 Jarvis Square Suite 252, Tiffanyfort, CA 44423",107432.87,suspended,2025-11-01
476,Andres,Barr,andres.barr@yahoo.com,665-699-6362,1983-09-26,"903 Christina Crossing, Joelchester, WV 32423",147194.13,suspended,2022-07-18
477,Christine,Brown,christine.brown@yahoo.com,850-880-6869,2000-05-03,"63039 Stevenson Isle, West Lonnie, WY 05692",206723.59,suspended,2021-07-17
478,Abigail,Madden,abigail.madden@hotmail.com,865-332-8420,1973-01-05,"55338 Rebecca Shores, Port Grace, VA 29657",77615.18,inactive,2024-03-28
479,Cathy,James,cathy.james@yahoo.com,791-333-8951,1978-05-24,"71302 David Extensions, East William, NE 95526",193003.41,suspended,2020-07-18
484,Austin,Li,austin.li@hotmail.com,639-871-2494,1981-04-15,"249 Blackburn Drive, Johnshire, TN 21659",174220.96,active,2024-01-21
485,Alexander,Wise,alexander.wise@hotmail.com,279-335-4705,1989-07-19,"9183 Martin Meadow Suite 488, Willischester, WV 95875",133316.62,inactive,2021-05-02
486,Molly,Rodriguez,molly.rodriguez@hotmail.com,912-551-2975,2007-11-11,"43640 Lisa Alley Apt. 168, Penachester, GA 23622",237370.39,inactive,2026-08-04
488,Scott,Durham,scott.durham@gmail.com,520-576-5902,1999-07-04,"41614 Matthew Prairie, South Todd, WV 13714",48442.7,active,2025-07-11
489,Albert,Adams,albert.adams@gmail.com,270-743-1138,1951-02-19,"38069 Frederick Mountains, Cassandramouth, MN 89873",153490.87,active,2025-01-29
490,Pamela,Key,pamela.key@gmail.com,939-418-3480,1969-03-18,"USCGC Gray, FPO AE 47166",222216.5,suspended,2022-09-29
492,Susan,Hess,susan.hess@gmail.com,559-639-6152,1955-10-20,"573 Ross Ridge, West Ronniefort, TN 92185",193619.02,active,2022-05-18
493,Rebecca,Navarro,rebecca.navarro@yahoo.com,454-766-5668,1983-11-06,"980 Tyler Corners, Marisaside, VI 61685",190931.26,suspended,2025-09-26
494,Gary,Griffin,gary.griffin@gmail.com,743-565-8697,2006-04-16,"32116 Ethan Islands, Mirandabury, VA 34268",59879.53,inactive,2023-04-20
495,Elizabeth,Lynn,elizabeth.lynn@hotmail.com,262-328-8574,1982-03-07,"715 Sarah Trafficway, Lake Matthewfurt, SD 84662",43029.09,inactive,2026-01-26
498,Carolyn,Walker,carolyn.walker@yahoo.com,988-274-1273,1940-04-07,"2437 Hernandez Haven Apt. 095, Wayneville, KY 93106",148394.7,active,2021-05-26
499,Audrey,Welch,audrey.welch@gmail.com,240-261-7520,1985-03-04,"52330 Melissa Stream Suite 420, Rogersfort, MI 99816",130467.55,suspended,2024-04-06
500,Peter,Jones,peter.jones@hotmail.com,985-625-7939,1944-10-05,"861 Marcus Turnpike, Port Sarahport, NH 86305",173801.96,active,2021-01-23
501,Frank,Taylor,frank.taylor@hotmail.com,750-830-3501,1951-03-25,"33059 Erika Walks, South Stephanie, NE 89557",79597.84,inactive,2020-08-31
503,Stephanie,Delgado,stephanie.delgado@yahoo.com,517-915-8167,1951-10-16,"6475 David Corner, South Darlenehaven, IN 03519",180050.76,active,2025-12-10
504,Brenda,Archer,brenda.archer@yahoo.com,288-644-2900,2003-07-02,"267 Evans Crossroad, West Bryanside, HI 53628",118648.55,suspended,2023-12-10
505,Lisa,Smith,lisa.smith@hotmail.com,882-959-3877,2003-10-04,"89813 Henry Rapid Apt. 087, Davidberg, OK 27531",44516.35,suspended,2023-03-20
506,Denise,Miller,denise.miller@yahoo.com,367-708-6680,1996-05-20,"18458 Rodney Shoals, East Kevinhaven, MH 38957",134107.19,suspended,2026-07-22
507,Donna,Wallace,donna.wallace@hotmail.com,580-329-5403,1985-06-08,"598 Hailey Shore Apt. 303, West Melissa, IL 18091",180711.76,active,2024-10-23
508,Carrie,Robinson,carrie.robinson@yahoo.com,543-639-5456,1939-06-27,"84462 Bryant Glens Suite 283, Lake Jessicaborough, VT 49278, contact carrie.robinson@gmail.com",134295.63,inactive,2026-05-09
509,Anne,Holland,anne.holland@hotmail.com,842-278-9128,1944-10-15,"56609 Chris Crossing Apt. 861, Daniellestad, PW 44215",119053.91,inactive,2020-03-20
510,Kimberly,Thomas,kimberly.thomas@gmail.com,780-370-7024,2003-09-21,"3611 Alisha Wells, Briannafort, CT 69832",52922.82,active,2021-01-29
511,Michael,Armstrong,michael.armstrong@yahoo.com,433-958-9336,1957-03-17,"25625 Woods Crossroad, Alberthaven, VT 20881",18570.21,active,2025-05-22
513,Joshua,Patterson,joshua.patterson@hotmail.com,931-958-7870,2005-07-10,"1465 Cynthia Club, North Frederick, AR 11587",67842.4,active,2020-06-25
514,Julia,Spencer,julia.spencer@yahoo.com,477-279-7108,1971-05-09,"8277 Richard Ridges, Port Julie, VT 56203",44507.01,suspended,2023-02-04
515,Jacqueline,Brady,jacqueline.brady@gmail.com,963-851-3073,2003-12-21,"Unit 8909 Box 7283, DPO AE 10347",229805.63,active,2024-09-02
516,Michael,Anderson,michael.anderson@yahoo.com,992-518-6362,1966-12-20,"USCGC Simpson, FPO AE 49428",37177.59,inactive,2023-07-08
519,Willie,Hernandez,willie.hernandez@gmail.com,354-206-7718,1940-06-20,"PSC 0243, Box 7654, APO AA 56644",23308.08,suspended,2023-12-07
520,Patricia,Herrera,patricia.herrera@yahoo.com,763-552-8342,1977-08-13,"722 Burgess Avenue Suite 313, Billyfurt, MT 98008",206479.33,suspended,2026-07-29
522,David,Cooper,david.cooper@gmail.com,295-244-4792,1995-12-03,"56906 Roberts Oval, Port Royberg, VA 67510",217197.82,suspended,2023-07-18
523,Jacob,Campbell,jacob.campbell@gmail.com,519-926-3674,1971-08-21,"637 Jacqueline Parkway, East Victoria, OR 82933",146931.08,suspended,2022-07-04
525,Ronald,Williams,ronald.williams@gmail.com,467-522-7438,1987-06-15,"6350 Blake Center Suite 347, Rebekahville, NE 24728",173561.08,suspended,2023-05-31
526,Johnny,Henry,johnny.henry@yahoo.com,242-981-3496,1979-06-05,"082 Ward Valleys, Juliashire, NC 79762",34580.61,active,2023-02-12
527,Nathan,Santos,nathan.santos@gmail.com,550-545-5757,1996-06-25,"29109 James Mission, North Shellymouth, ME 95574",54491.25,inactive,2020-02-16
528,Thomas,Juarez,thomas.juarez@hotmail.com,323-748-6870,1980-07-09,"36848 Jacobson Mission, South Carloschester, NC 66544",232148.91,active,2022-02-14
529,Krystal,Jackson,krystal.jackson@yahoo.com,674-471-2964,1968-02-25,"0903 Simpson Place, East Samuelhaven, MS 74228",38073.44,suspended,2023-03-24
530,Kimberly,Morales,kimberly.morales@yahoo.com,241-420-6370,1981-05-27,"93908 Gordon Stravenue, Kevinbury, LA 93333",50927.88,suspended,2019-12-01
531,Joseph,Wilson,joseph.wilson@gmail.com,605-725-1802,1986-06-05,"0242 Marks Center, Port Jason, DE 00684",168334.71,inactive,2022-09-10
532,Deborah,Chen,deborah.chen@yahoo.com,614-663-5093,1993-02-04,"269 Nguyen Centers Apt. 534, West Teresa, ND 86656",39029.01,active,2026-05-02
533,Tiffany,Osborne,tiffany.osborne@hotmail.com,212-263-4641,1996-02-26,"498 Lisa Forges Suite 439, Moorebury, VA 95696",47018.78,inactive,2025-04-27
534,Ryan,Hernandez,ryan.hernandez@yahoo.com,796-800-5240,1975-04-20,"2239 Harding Falls, Andrewburgh, FM 23796",221669.15,active,2025-09-27
535,Lisa,Mcdaniel,lisa.mcdaniel@gmail.com,402-861-8265,2006-09-27,"3761 Jessica Valley, New Coryfurt, AK 14923",197664.3,active,2025-12-16
536,Margaret,Hines,margaret.hines@hotmail.com,243-672-1829,1978-12-13,"USNS Wright, FPO AE 35583",55293.6,suspended,2025-04-23
537,Douglas,Burton,douglas.burton@gmail.com,708-230-7270,1969-11-01,"85132 Malone Mills, West Martin, FL 32457",169673.27,active,2022-04-03
538,Brian,Holt,brian.holt@hotmail.com,391-481-5585,1976-12-09,"18418 Thomas Fork, East Ronaldberg, MI 86400",117014.54,active,2024-04-10
539,Justin,Dorsey,justin.dorsey@hotmail.com,834-831-5026,2005-08-02,"2131 Howard Ridges, Davidland, MH 06182",161695.8,inactive,2019-10-18
541,Lauren,Mccormick,lauren.mccormick@gmail.com,858-738-5082,1971-01-31,"2677 Daniel Meadow, Duanemouth, DC 24339",158027.47,suspended,2024-06-12
543,Kimberly,Shepherd,kimberly.shepherd@gmail.com,660-669-1633,1977-10-30,"0305 Rosario Creek, West Michaelberg, LA 60845",78036.72,active,2020-05-04
545,Monica,Johnson,monica.johnson@yahoo.com,771-750-2132,1961-03-13,"09622 Manning Summit, Theodoremouth, NV 85022",234223.53,active,2022-09-03
547,Warren,Fletcher,warren.fletcher@yahoo.com,563-377-3885,1957-01-17,"USNV Dudley, FPO AP 49988",70514.35,inactive,2022-04-30
548,Tiffany,Martinez,tiffany.martinez@gmail.com,805-228-6761,1942-06-23,"62891 Woods Shoal, Wilcoxburgh, AR 49191, tel 566-990-2819",228358.04,suspended,2022-08-29
549,Deborah,Lee,deborah.lee@gmail.com,392-704-9882,1995-12-12,"503 Martin Coves Apt. 390, Jacobborough, SC 04743",86609.78,inactive,2020-05-14
551,Peggy,Gordon,peggy.gordon@hotmail.com,828-406-3137,2008-08-19,"96790 Martin Springs, Millerland, VT 30853",93648.51,active,2022-12-18
552,Nicole,Aguirre,nicole.aguirre@hotmail.com,222-351-3320,1979-08-31,"898 West Curve, Kellychester, AZ 93924",189909.36,suspended,2026-01-06
553,Kim,Hughes,kim.hughes@gmail.com,582-921-7481,1975-12-17,"Unit 9129 Box 7102, DPO AA 72215",148095.7,inactive,2025-11-13
554,Mikayla,Salinas,mikayla.salinas@gmail.com,339-361-8157,1981-08-15,"2421 Ray Knoll Apt. 127, Valerieview, WV 58440",193789.04,inactive,2023-01-24
556,William,Weber,william.weber@yahoo.com,514-951-5825,1992-12-18,"740 Joyce Gardens Apt. 214, Moorefurt, PR 10066",46271.34,suspended,2022-06-10
557,Jeffrey,Sawyer,jeffrey.sawyer@hotmail.com,600-989-1530,2008-07-14,"8711 Jessica Locks Suite 365, West Matthewfort, IL 92551",58422.15,inactive,2020-04-04
558,Judith,Wilson,judith.wilson@yahoo.com,854-779-2705,1953-11-05,"2359 Vanessa Trail, Brownstad, WY 56876",225944.69,active,2024-03-16
559,Tiffany,Lewis,tiffany.lewis@gmail.com,443-555-6234,1978-12-26,"4212 Joshua Common Suite 768, Lake Patricia, HI 07545",55271.01,active,2025-10-23
563,Danielle,Lane,danielle.lane@gmail.com,303-690-4695,1959-09-16,"8296 Michael Field, West Lisatown, ME 40735",54109.75,active,2022-06-22
564,Wayne,Parrish,wayne.parrish@hotmail.com,220-526-5278,2005-09-12,"6558 Mills Track Suite 127, Brooksside, PA 21820",229268.99,active,2023-05-18
565,Amy,James,amy.james@hotmail.com,584-364-2228,1978-01-11,"491 Linda Cove Apt. 096, South Karenside, CT 83538",139444.27,active,2024-10-10
566,Sean,Perkins,sean.perkins@gmail.com,828-694-1507,1978-05-18,"37861 Melissa Crossing Suite 766, West Kimberlyhaven, LA 35577",113753.78,suspended,2020-01-08
567,Nichole,Baker,nichole.baker@yahoo.com,644-360-1877,1993-11-22,"0002 Randall Path, Matthewshire, NE 32198",40479.23,active,2019-11-15
570,Crystal,Howard,crystal.howard@gmail.com,600-551-7227,1994-12-01,"3836 Hopkins Harbor, East Courtneyshire, VI 14056",37453.5,suspended,2026-01-26
571,Daniel,Ho,daniel.ho@gmail.com,210-504-5563,1952-08-13,"2117 Durham Fords Suite 170, Jonesland, IL 90591",23713.32,active,2019-12-14
572,Robert,Preston,robert.preston@hotmail.com,283-684-2892,1951-06-10,"PSC 2240, Box 2990, APO AE 45433",86454.45,inactive,2023-05-30
573,Victoria,Webb,victoria.webb@hotmail.com,876-471-2493,1966-06-12,"84139 Amanda Path, East Michelle, DE 28938",160494.34,inactive,2021-03-13
574,Anthony,Taylor,anthony.taylor@gmail.com,590-578-4056,1992-02-09,"4731 Erickson Run, Stuartfort, NE 67695",116962.11,inactive,2022-07-10
577,Margaret,Newman,margaret.newman@hotmail.com,432-766-1999,1940-10-30,"25625 Charles Shoals, Nathanmouth, DE 01763",204656.97,suspended,2020-01-26
579,James,Williams,james.williams@yahoo.com,714-784-9467,1973-04-11,"1172 Garza Freeway Apt. 409, South Justinfurt, AZ 70423",195699.97,suspended,2026-04-17
580,Samantha,Williams,samantha.williams@hotmail.com,323-975-8357,1953-01-17,"64455 Miller Trail Suite 790, Evansmouth, NM 84530",56379.13,active,2025-01-11
581,Tammy,Martinez,tammy.martinez@yahoo.com,329-243-7936,1989-09-07,"USS Johnson, FPO AE 01863",35397.81,suspended,2024-07-09
582,Dominic,Holder,dominic.holder@hotmail.com,842-351-5225,1969-08-20,"13580 Jordan Tunnel, North Brandonport, CA 35068",88984.39,suspended,2024-06-01
583,Mark,Salazar,mark.salazar@yahoo.com,597-769-7510,2002-09-07,"97125 Karen Vista, Walshville, NC 69653",140556.03,inactive,2025-09-15
586,Kathleen,Palmer,kathleen.palmer@yahoo.com,492-748-6633,1938-10-04,"728 Robin Forges Suite 679, Port Ricardo, CA 36917",212892.37,inactive,2025-07-20
587,Rodney,Parks,rodney.parks@hotmail.com,785-823-8750,1974-05-01,"1130 Lopez Burgs, Stanleymouth, MI 35310",26317.38,inactive,2021-03-28
588,David,Pierce,david.pierce@yahoo.com,887-470-8065,1972-07-17,"8685 Scott Land, North Deborahchester, ID 39036",26609.72,inactive,2025-01-25
590,Jeremy,Oliver,jeremy.oliver@hotmail.com,510-518-5593,2006-11-18,"34732 Michael Heights Suite 012, Stevensonbury, GA 41803",205111.94,suspended,2022-11-23
591,Erin,Jackson,erin.jackson@yahoo.com,433-337-5923,1947-04-03,"PSC 2076, Box 5024, APO AE 22878",234276.71,inactive,2025-07-31
592,Erin,Castaneda,erin.castaneda@hotmail.com,475-946-7828,1939-04-03,"073 Rodriguez Viaduct Apt. 943, Port Dwayne, CT 13607",152305.37,active,2023-01-31
594,Andrew,Irwin,andrew.irwin@gmail.com,362-267-6097,2003-08-27,"7039 Howard Summit, East Samanthafurt, SC 14647",175524.41,suspended,2020-11-26
597,Alexis,Williams,alexis.williams@yahoo.com,964-433-4395,1990-10-31,"74065 Brendan Dam, Natashahaven, TN 73999",106121.19,active,2023-08-11
598,Eric,Miller,eric.miller@yahoo.com,447-581-9008,1947-08-02,"9143 Thomas Knoll, Port Erika, MS 55887",149877.68,active,2026-05-04
599,Raymond,Strong,raymond.strong@yahoo.com,764-558-6640,1966-02-12,"PSC 9429, Box 6592, APO AP 26650",54300.02,inactive,2020-02-07
601,Lawrence,Donovan,lawrence.donovan@hotmail.com,862-430-4387,1989-06-20,"7667 Rita Burg Suite 129, Kristinshire, NY 49405",77736.55,inactive,2024-03-14
602,David,Daniels,david.daniels@hotmail.com,999-985-1145,1962-08-24,"2607 Combs Corner, West Mariaville, MA 78402",123249.58,active,2026-06-16
603,Connor,Roberts,connor.roberts@yahoo.com,815-208-4666,1950-08-13,"98038 Anna Park, East Patty, SC 20787",74030.68,inactive,2024-09-27
605,Brian,Martinez,brian.martinez@yahoo.com,928-382-2155,1966-10-29,"84979 Ryan Roads, East Donaldbury, GA 67546",147756.15,active,2023-04-18
606,Judith,Payne,judith.payne@yahoo.com,774-862-5631,1962-10-21,"197 Contreras Lock Suite 176, Hernandezport, NH 16246",84261.66,active,2022-06-27
607,Anne,Smith,anne.smith@yahoo.com,544-483-6327,1965-06-23,"52774 Tina Knolls Apt. 586, East Dianastad, SD 94769",209251.14,inactive,2025-12-19
608,Anna,Stevens,anna.stevens@gmail.com,392-353-9475,1949-10-31,"1767 Barbara Parkways Suite 259, Breannafurt, CA 06389",187935.31,active,2023-05-02
609,Anthony,Quinn,anthony.quinn@gmail.com,876-527-3292,1954-11-12,"7533 Rachel Extensions, Camposchester, CA 08617",178124.87,suspended,2022-02-24
611,Jeremiah,Harmon,jeremiah.harmon@yahoo.com,394-551-4643,1956-05-22,"90130 Patricia Lake, Carrollland, MA 24789",170362.62,suspended,2020-04-07
612,Faith,Rosario,faith.rosario@hotmail.com,719-507-3785,1966-01-06,"39785 Montgomery Points Apt. 176, Sawyershire, CO 17172",204621.79,suspended,2022-08-30
613,Kimberly,Evans,kimberly.evans@gmail.com,366-490-9918,1992-06-11,"850 Lori Highway, Peterstad, CA 21192",182483.99,suspended,2023-05-22
614,Tammy,Jones,tammy.jones@hotmail.com,896-543-2463,1958-07-17,"9081 Giles Greens Apt. 056, Jameston, DC 27270",67340.28,active,2024-08-18
615,Amy,Gross,amy.gross@hotmail.com,630-539-7089,1941-12-05,"PSC 0371, Box 9905, APO AE 55058",75844.15,inactive,2023-03-29
616,Carly,Salazar,carly.salazar@gmail.com,538-560-9759,1967-02-02,"40107 Debra Meadows Suite 430, North Kimborough, ND 80210",122832.77,active,2025-05-12
619,Catherine,Mendoza,catherine.mendoza@gmail.com,932-384-2324,1995-11-05,"8375 Scott Hollow, Kimberlyport, VI 86175",126242.95,suspended,2023-02-19
620,John,Orozco,john.orozco@yahoo.com,849-259-1077,1992-10-30,"56974 James Dam, West Judy, IL 16589",118355.82,active,2023-03-03
621,Nathan,Velasquez,nathan.velasquez@gmail.com,790-982-3595,1940-05-28,"771 Victor Bypass, Joshuafurt, ME 11575",126686.11,active,2024-10-16
622,Brian,Bond,brian.bond@yahoo.com,644-848-8035,1997-01-31,"7033 Lopez Meadows Apt. 408, Sharonmouth, MP 34911",107553.35,inactive,2019-10-17
623,Lisa,Garza,lisa.garza@gmail.com,238-746-4267,1974-04-22,"0186 Garrison Place Suite 699, Franciscofurt, NH 98232",180206.31,active,2026-08-18
625,Melanie,Wallace,melanie.wallace@gmail.com,519-332-2682,1988-05-24,"57836 Bethany Common Suite 985, South Hectorview, KS 65372",103148.21,suspended,2022-10-27
627,Allen,Kirk,allen.kirk@yahoo.com,893-829-5288,1943-05-26,"351 William Creek, East Jamesshire, MN 89763",114273.68,suspended,2020-11-05
628,Robert,May,robert.may@yahoo.com,701-567-4087,1996-09-09,"556 Ruiz Hill Apt. 250, Sarahshire, AK 14425",54604.14,inactive,2022-11-03
631,Michael,Bell,michael.bell@hotmail.com,989-747-1796,1975-01-13,"793 Hartman Forks Apt. 836, New Jorge, LA 45271",149851.14,active,2023-10-25
632,Lee,Miller,lee.miller@yahoo.com,631-481-1520,1949-04-22,"732 Smith Crest, Bakerside, VT 62086",171124.44,inactive,2025-06-21
633,Julia,Martinez,julia.martinez@gmail.com,326-760-5140,1968-10-31,"212 Strong Knoll, South Heidi, IA 93822",123315.99,active,2022-06-02
634,Kelly,Rogers,kelly.rogers@yahoo.com,622-224-6292,1990-04-05,"015 Lozano Roads, Yangchester, LA 99809",165071.22,inactive,2026-07-30
635,Thomas,Taylor,thomas.taylor@gmail.com,917-340-7862,1952-10-27,"09957 Flores Fall, Shirleyville, IN 39475",202404.9,active,2019-11-22
636,Trevor,Williams,trevor.williams@hotmail.com,320-489-2867,1962-10-19,"PSC 9864, Box 5652, APO AE 05997",192216.73,inactive,2019-10-03
637,Lisa,Navarro,lisa.navarro@hotmail.com,260-287-3109,1990-11-15,"951 Mitchell Crest Suite 477, East Keith, PW 34504",202592.74,active,2019-11-08
638,Vanessa,Molina,vanessa.molina@gmail.com,502-364-1645,1976-08-01,"38820 Susan Plains, North Tracy, GU 03879",139686.81,active,2022-02-01
639,Mike,Campbell,mike.campbell@hotmail.com,538-440-1044,1946-12-14,"274 Jennifer Vista Apt. 767, Christopherberg, KY 96397",20830.37,active,2021-04-17
640,Elizabeth,Schmitt,elizabeth.schmitt@gmail.com,885-705-3443,1998-10-15,"152 Hill Roads, Lake Haileyton, NE 13665",228777.02,suspended,2020-03-30
642,Jessica,Campbell,jessica.campbell@gmail.com,251-302-3862,1984-12-31,"306 Travis Ridge, Lake Gregory, MT 90676",212059.18,inactive,2021-06-23
643,Jose,James,jose.james@hotmail.com,636-956-2898,1976-05-18,"8243 Contreras Overpass Suite 958, Phillipsbury, DE 99455",39089.66,active,2023-03-06
644,Kathryn,Barnes,kathryn.barnes@yahoo.com,879-862-3793,2007-10-30,"27515 Bush Trail Suite 796, North Kelly, NY 28695",90962.7,inactive,2025-02-17
647,Stephanie,Smith,stephanie.smith@yahoo.com,864-370-2852,1965-10-15,"8108 Michael Flat Apt. 863, Lauriestad, MA 54685",47417.57,suspended,2021-12-14
651,Joshua,Mitchell,joshua.mitchell@hotmail.com,467-870-6148,2004-07-27,"0765 Shaun Ports, South Kelliemouth, MN 62996",20743.97,suspended,2025-12-21
653,Brian,Snyder,brian.snyder@yahoo.com,735-904-2560,1978-05-06,"05996 Joseph Fords Suite 875, West Steven, NJ 67928",114092.24,suspended,2020-11-10
656,Alexandra,Harris,alexandra.harris@hotmail.com,276-969-9055,1964-03-18,"USNV Stone, FPO AA 62381",89180.71,inactive,2024-10-29
657,Steven,Mayer,steven.mayer@hotmail.com,719-428-7203,1983-09-28,"87056 Edward Cliff, West Jacquelineborough, UT 12801",107527.49,active,2026-02-12
658,Amanda,Rivera,amanda.rivera@gmail.com,654-786-8341,2001-08-15,"58350 Joshua View, Silvaport, MN 82355",37540.41,inactive,2021-07-14
659,Katie,Villa,katie.villa@hotmail.com,321-709-1291,1968-08-02,"92134 Jose Cove, Port Alexa, SD 50694",40786.82,inactive,2023-02-20
660,Mark,Ingram,mark.ingram@hotmail.com,762-200-2489,2005-06-24,"20331 Douglas Mountains Apt. 510, New Lindsay, NE 87643",193775.89,suspended,2020-06-07
661,Thomas,Turner,thomas.turner@gmail.com,720-775-4389,1951-07-02,"6754 Schmidt Rapids Apt. 242, Castrofort, UT 33339",163320.31,inactive,2023-04-08
662,Gina,Grant,gina.grant@yahoo.com,255-428-8445,1978-02-11,"57563 Patrick Fall, East Scotthaven, ID 01236",91697.92,suspended,2022-08-10
663,Brenda,Murphy,brenda.murphy@yahoo.com,933-872-6952,1954-11-14,"PSC 8094, Box 0476, APO AE 91661",176932.8,active,2021-05-18
664,Janet,Hill,janet.hill@gmail.com,202-549-6818,1999-12-15,"Unit 0797 Box 7278, DPO AE 05507",202234.22,inactive,2024-03-12
665,Mike,Salazar,mike.salazar@hotmail.com,582-918-2741,1959-07-24,"16107 Leon Walks, Tonyaborough, SD 80979",28162.74,active,2020-10-29
666,Joan,Cook,joan.cook@hotmail.com,934-960-7704,1964-07-08,"295 Shelia Lodge Suite 013, Lake Joseph, HI 58618",41745.45,suspended,2025-02-08
667,Bradley,Franklin,bradley.franklin@hotmail.com,323-602-4532,1991-02-13,"044 Wilson Mountain, New Sarahland, DE 12371",119464.21,active,2024-07-30
668,Ian,Miller,ian.miller@yahoo.com,310-975-7790,1944-05-22,"03571 Kyle Springs, Lake Katelyn, DC 41197",28323.08,suspended,2022-11-22
670,Alexandra,Gallegos,alexandra.gallegos@hotmail.com,248-430-5013,1963-06-18,"628 Victoria Mews, Debbieport, IL 45351",181439.49,suspended,2025-03-04
671,Holly,Gordon,holly.gordon@hotmail.com,694-720-3903,1969-11-12,"343 Green Crescent, South Donald, OR 42836",171583.53,active,2020-02-14
673,Rebecca,Lopez,rebecca.lopez@yahoo.com,723-229-2922,1971-02-19,"207 Watkins Square Suite 673, Jennifermouth, NJ 89440",78738.29,inactive,2019-11-08
675,Karen,Anderson,karen.anderson@yahoo.com,918-760-6143,1962-09-26,"42576 Steven Shoals, East Nicole, ME 40809",176036.11,suspended,2023-05-01
676,Christopher,Young,christopher.young@gmail.com,405-414-5760,1951-12-11,"85072 Garcia Plaza, Halefort, TN 49822",170427.71,inactive,2024-03-30
677,Marie,Mccarthy,marie.mccarthy@gmail.com,715-755-6281,1996-10-16,"65469 Ferguson Key Suite 903, Port Joe, MN 45045",175698.31,inactive,2024-09-08
678,Walter,Smith,walter.smith@hotmail.com,796-784-7839,1958-04-02,"327 Bradley Hollow, Davisfurt, SD 24077",167682.05,suspended,2021-04-18
681,Ronald,Harmon,ronald.harmon@gmail.com,263-907-5835,1986-03-20,"575 Rodriguez Fall Suite 861, North Matthew, VT 77853",63288.2,suspended,2025-01-15
682,Jonathan,Robertson,jonathan.robertson@hotmail.com,663-304-4675,2005-10-18,"0740 Miranda Mount Suite 095, Ronaldport, WI 03585",182815.63,suspended,2022-08-29
683,Amy,White,amy.white@yahoo.com,723-912-5712,1973-10-21,"4091 Dennis Place Suite 321, East Jessicafort, NE 36505",171831.81,active,2024-01-07
684,Michael,Ellis,michael.ellis@hotmail.com,626-901-6122,1974-06-18,"15502 Patrick Stream Apt. 546, Johnsonview, VA 86077",232414.97,active,2022-05-03
685,Julia,Miller,julia.miller@yahoo.com,407-835-8259,2007-07-14,"Unit 3944 Box 9883, DPO AP 06901",202256.33,suspended,2023-11-12
687,Joshua,Ford,joshua.ford@hotmail.com,501-659-3906,1939-01-24,"05319 Chandler Rest, Matthewsmouth, ND 51493",236326.64,active,2024-07-06
688,Thomas,Grant,thomas.grant@yahoo.com,952-726-2955,1991-12-03,"2773 Emily Glens Suite 091, Hoffmanstad, CO 27705",101738.01,inactive,2024-09-25
689,Julie,Moreno,julie.moreno@yahoo.com,470-333-3636,1983-08-28,"7029 Claudia Port Suite 604, Fritzfurt, PW 70964",147644.9,inactive,2020-06-10
690,David,Lawson,david.lawson@gmail.com,677-926-3536,2008-03-10,"19422 Pierce Knoll, South Rachel, KY 42365",26866.81,inactive,2022-12-23
691,Kaylee,Mccoy,kaylee.mccoy@hotmail.com,992-840-5934,1955-02-23,"886 Michele Park Suite 472, South Keith, ND 44286",126902.31,suspended,2026-02-10
692,Kathryn,Douglas,kathryn.douglas@hotmail.com,274-924-6207,1959-05-04,"PSC 6966, Box 6309, APO AE 18663",75000.0,active,2022-09-01
694,Jennifer,Allen,jennifer.allen@yahoo.com,426-418-6437,2000-06-12,"USNS Morris, FPO AA 08996",91496.77,inactive,2022-10-06
696,Chad,Butler,chad.butler@yahoo.com,857-828-4994,1968-09-17,"980 Castillo Stream, West Lisaton, MN 52855",230875.09,suspended,2023-12-27
697,Jennifer,Hunt,jennifer.hunt@hotmail.com,316-595-5203,1979-11-26,"24912 Gutierrez Junction, East Laura, IL 35170",137932.68,inactive,2022-05-28
698,Colton,May,colton.may@gmail.com,988-583-9426,2006-06-24,"45475 Lyons Port Suite 902, New Keith, IN 49109",196225.32,inactive,2020-11-19
703,Stephanie,Romero,stephanie.romero@yahoo.com,289-275-1889,1978-12-08,"79833 Robles Falls, East Hannah, NH 23757",57514.26,inactive,2026-04-04
704,Billy,Lynch,billy.lynch@hotmail.com,788-433-5237,1958-08-17,"128 Brown Forks, New Kathleen, NJ 61353",60000.0,inactive,2025-11-22
706,Bonnie,Callahan,bonnie.callahan@gmail.com,762-839-1873,1960-09-17,"399 Gay Glen Suite 947, West William, NY 37693",185823.25,suspended,2026-08-13
707,Stephanie,Evans,stephanie.evans@hotmail.com,566-714-2738,2004-08-11,"884 Rodriguez Throughway Apt. 705, Simpsonburgh, CA 57126, contact stephanie.evans@gmail.com",82343.72,suspended,2025-11-13
708,Emily,Davis,emily.davis@yahoo.com,761-993-2240,1981-08-29,"13348 Flores Pines, Garciaport, RI 28064",102673.81,suspended,2019-11-18
709,Ashley,Moore,ashley.moore@gmail.com,360-746-4602,2005-12-06,"29258 Valdez Turnpike Suite 434, Michaelport, MN 19504",48276.68,inactive,2021-05-14
710,Kevin,Acosta,kevin.acosta@hotmail.com,849-347-5883,1959-09-26,"9660 Brown Lodge Suite 274, Port Janetborough, TN 94436",168358.17,suspended,2023-05-17
712,Kimberly,Price,kimberly.price@hotmail.com,603-750-9970,1957-04-25,"960 Brian Junctions Suite 857, Danielberg, FM 98782",228229.42,inactive,2019-12-29
714,Donald,Carrillo,donald.carrillo@hotmail.com,458-398-2877,1988-11-20,"7325 Perez Lake Suite 344, East Davidchester, NE 52445",58261.47,suspended,2019-10-07
715,Linda,Yates,linda.yates@hotmail.com,672-860-2198,2003-10-25,"96085 Campbell Isle Apt. 191, New Erichaven, PR 11999",82524.89,active,2020-07-11
716,Audrey,Mcdonald,audrey.mcdonald@hotmail.com,402-943-8982,1986-03-16,"Unit 1647 Box 7251, DPO AE 85414",229241.86,inactive,2025-07-31
717,Barbara,Gibson,barbara.gibson@hotmail.com,302-491-2143,1997-03-11,"69409 Smith Fork Suite 624, New Emily, MD 70279",217826.33,inactive,2024-01-20
719,Carolyn,Kirk,carolyn.kirk@gmail.com,573-523-8017,1957-12-15,"5333 Martin Groves, East Kelsey, AK 18498",55437.97,inactive,2020-04-29
720,Natalie,Blackburn,natalie.blackburn@gmail.com,753-889-1277,1986-08-11,"73607 Ross Ford Suite 911, New Robin, VA 68199",79422.92,inactive,2024-03-13
721,David,Sherman,david.sherman@gmail.com,691-673-8296,1996-08-24,"USNV Brady, FPO AA 54912",97640.64,inactive,2022-12-18
722,James,Galloway,james.galloway@hotmail.com,574-423-4386,1965-01-02,"170 Norman Manor Suite 155, Marychester, PR 85960, contact james.galloway@gmail.com",204878.04,active,2020-06-30
723,Kevin,Key,kevin.key@gmail.com,469-951-2252,1960-05-16,"0450 Melanie Fall Apt. 282, Lake Terry, AZ 08520",179488.43,active,2024-06-24
724,Caitlyn,Clark,caitlyn.clark@hotmail.com,795-792-7637,1963-03-12,"626 Greg Path Apt. 251, North Tyler, ME 53408",188762.46,active,2026-05-02
725,Colleen,Stout,colleen.stout@yahoo.com,486-402-6342,2005-05-28,"50702 Williams Lane, East Craig, MI 29690, tel 868-284-4371",122807.08,active,2020-06-30
726,Christopher,Mcneil,christopher.mcneil@gmail.com,428-990-5767,1975-11-16,"Unit 7687 Box 2904, DPO AA 62037",47721.64,suspended,2022-04-13
727,Rachel,Scott,rachel.scott@yahoo.com,669-221-3118,1962-11-26,"177 David Passage Apt. 231, Lake Richardville, IA 30152",20351.35,active,2025-09-01
728,John,Blair,john.blair@yahoo.com,975-726-3299,1953-08-10,"988 Wolf Curve Suite 652, Lake Rebeccafurt, SC 06794",117060.94,active,2024-10-27
729,Laura,Petty,laura.petty@gmail.com,875-349-8921,1957-11-19,"26509 Webb Key, Lake Molly, OK 53671",226496.91,active,2020-05-03
730,Shannon,Lewis,shannon.lewis@hotmail.com,437-264-5331,1989-01-23,"48552 Peterson Well Suite 871, Kathrynview, CA 48397",100014.61,active,2021-03-19
731,Ronald,Johnson,ronald.johnson@hotmail.com,730-569-7358,1948-09-17,"1184 Morgan Inlet, Grahamland, VI 66656",122267.68,inactive,2024-05-13
733,Nicholas,Garcia,nicholas.garcia@gmail.com,871-660-9044,1951-11-09,"289 Garrison Harbors, South Kennethhaven, MT 62962",144575.55,inactive,2023-08-13
734,Taylor,Taylor,taylor.taylor@yahoo.com,574-801-2275,1950-01-19,"843 Brian Loop Apt. 272, South Kristie, SD 55421",132699.16,inactive,2022-06-09
735,Peter,Lee,peter.lee@yahoo.com,615-561-6653,1988-09-12,"61923 Thomas Harbor Suite 018, Alexandriafort, IN 87063",126083.27,inactive,2020-11-21
737,Carrie,George,carrie.george@yahoo.com,416-353-4062,1962-07-14,"660 Michelle Harbors Suite 485, Estradaview, MI 11392",52933.33,suspended,2023-07-14
739,Emily,Mckee,emily.mckee@yahoo.com,723-985-8549,1998-07-12,"7798 Shelby Via, Caldwelltown, IL 74809",64776.28,active,2021-04-13
740,Henry,Mccoy,henry.mccoy@yahoo.com,222-449-1706,1950-08-17,"74555 Joshua Tunnel Apt. 574, East Angela, VI 72233",46390.5,suspended,2022-01-27
741,Deborah,Yang,deborah.yang@yahoo.com,844-724-1642,1994-03-29,"1559 Leslie Inlet, Lake Christopherfurt, MD 82001",215757.08,active,2025-03-04
744,John,Moore,john.moore@yahoo.com,682-693-3794,1968-05-24,"333 Wong Forge, North Kenneth, AK 80745",66698.77,inactive,2019-11-18
745,Timothy,Gonzales,timothy.gonzales@hotmail.com,526-590-6993,1954-10-16,"2896 Francis Squares, Lindaview, NE 49027",156353.01,suspended,2025-01-30
749,Dorothy,Collins,dorothy.collins@hotmail.com,687-829-1639,2000-01-21,"98628 Huffman Ridge Apt. 591, New Brycechester, VA 21630",212861.09,suspended,2024-09-10
750,Jessica,Wright,jessica.wright@hotmail.com,295-693-3135,1963-07-16,"07151 Sophia Ports, Ballardfurt, UT 62682",218240.62,suspended,2025-05-13
752,Christopher,Hayes,christopher.hayes@gmail.com,913-795-5846,1961-02-28,"080 Davis Alley, North Markport, AK 74960",95814.95,suspended,2021-11-14
756,Jacqueline,Boyd,jacqueline.boyd@hotmail.com,904-523-7698,1949-12-21,"2734 Powell Lane Apt. 707, West Annafurt, ME 65724",98423.89,active,2024-05-18
757,Victoria,Townsend,victoria.townsend@hotmail.com,459-467-9783,1970-06-21,"14998 Danielle Streets, New Anthonyport, MS 25173",112030.66,inactive,2020-02-13
759,Tyler,Duncan,tyler.duncan@hotmail.com,579-772-8925,1965-05-30,"14035 Valerie Views Apt. 560, East Carol, RI 88126",74338.64,inactive,2024-09-04
760,Jonathan,Weeks,jonathan.weeks@hotmail.com,992-922-7522,1956-11-14,"46066 Ramirez Field Suite 490, Williamsmouth, DC 87396",181343.7,suspended,2022-10-27
761,Hannah,Jones,hannah.jones@gmail.com,657-916-3650,1998-01-04,"28524 Mitchell Heights Suite 941, South Mackenzieborough, CO 73213",40261.85,suspended,2024-02-08
762,Meghan,Gonzalez,meghan.gonzalez@hotmail.com,763-828-1852,1972-10-04,"Unit 7711 Box 3062, DPO AE 91414",53683.84,suspended,2022-11-20
763,Lindsay,Allen,lindsay.allen@hotmail.com,348-682-8133,2008-03-21,"9083 Jenny Cape, East Matthewview, PW 23507",37567.23,inactive,2025-08-29
764,Michael,Gonzalez,michael.gonzalez@hotmail.com,281-823-1618,1988-10-19,"48132 Matthew Stravenue Suite 071, New Allison, OH 21616",178837.83,inactive,2022-07-11
765,Douglas,Brandt,douglas.brandt@gmail.com,493-928-1941,1953-08-12,"8809 Jennifer Islands, Benjaminville, TX 31127",227948.92,active,2020-11-02
766,Adam,Smith,adam.smith@gmail.com,649-210-4304,1951-04-02,"09810 Pineda Rue, Campbellfurt, NV 98551",206826.02,suspended,2021-02-20
767,John,Henry,john.henry@yahoo.com,234-813-9364,1983-01-14,"2785 Drew Route Apt. 642, Jodychester, AS 39803",132510.63,active,2024-07-01
768,Douglas,Stevens,douglas.stevens@hotmail.com,890-236-6893,1953-07-03,"2536 Stephenson Mount, Wallacefurt, NH 48153",71114.97,active,2024-10-12
769,Matthew,Ortega,matthew.ortega@gmail.com,482-998-7544,1994-07-27,"33939 Mccullough Plaza, Brooksport, IL 51989",96394.34,inactive,2025-09-16
770,Donald,Rodriguez,donald.rodriguez@hotmail.com,405-730-1251,1972-04-27,"33582 Giles Meadows Apt. 703, Bradleyburgh, KY 98277",181597.47,active,2020-02-10
771,Erin,Hammond,erin.hammond@hotmail.com,491-943-6703,2000-08-09,"65732 Stewart Track, Lake Coltonland, CO 03314",95139.47,inactive,2020-07-08
772,Alan,Atkins,alan.atkins@gmail.com,399-665-7618,1988-05-23,"5323 Pittman Lake, Brandymouth, NJ 44884",145629.29,inactive,2019-11-19
773,Jane,Roberts,jane.roberts@gmail.com,718-309-2185,1992-12-28,"26189 Moore Plaza, Gravesview, UT 33189",129703.55,inactive,2022-02-12
774,Theresa,Beck,theresa.beck@gmail.com,463-750-5098,1998-03-13,"PSC 1026, Box 7672, APO AE 77332",172110.59,inactive,2020-12-04
775,Hailey,Meyers,hailey.meyers@yahoo.com,988-449-6565,1958-03-04,"0795 Huerta Land, East Dennisport, TX 52093",231395.0,inactive,2021-04-05
778,Andrew,James,andrew.james@yahoo.com,783-579-7026,1977-01-06,"465 Pratt Walk, Russellmouth, DC 45883",73113.19,active,2020-11-21
779,Jennifer,Tran,jennifer.tran@yahoo.com,277-767-3924,1972-11-26,"1581 Lisa Valley, East Charlesstad, CA 20686",123795.31,inactive,2022-11-06
780,Ashley,Young,ashley.young@gmail.com,475-387-4115,1989-02-01,"059 Eric Road, Welchmouth, WY 87655",128777.85,active,2020-04-01
781,Daniel,Martinez,daniel.martinez@hotmail.com,471-411-4755,1987-08-17,"11063 Brendan Common, Floreshaven, ID 62897",63014.18,active,2023-12-20
782,Lisa,Erickson,lisa.erickson@yahoo.com,359-997-2747,1953-03-13,"4907 William Common, East Jose, FM 71541",44613.03,active,2022-09-09
783,Barbara,Lopez,barbara.lopez@gmail.com,828-206-9871,1948-01-24,"25326 Guzman Parkways, Jefferyview, GU 45689",230674.47,inactive,2021-02-27
784,Jill,Schmidt,jill.schmidt@hotmail.com,522-704-5501,1975-05-24,"2101 Cooper Street Apt. 961, Smithland, MD 77589",126958.79,suspended,2019-09-21
785,Kelsey,Rocha,kelsey.rocha@hotmail.com,427-968-3101,1983-07-21,"457 Harmon Neck, Victorfort, MD 72055",30020.89,inactive,2022-03-22
788,Tyler,Moore,tyler.moore@hotmail.com,890-415-7216,2007-12-10,"9766 Tony Shores, West Suzanneland, MD 93040",146983.82,inactive,2026-07-20
789,Thomas,Roberts,thomas.roberts@gmail.com,465-391-9987,1976-04-03,"67042 Mccoy Spur Suite 919, New Julian, VA 49437",76352.49,inactive,2019-10-24
790,Lindsay,Shields,lindsay.shields@yahoo.com,550-531-4932,1966-05-29,"07563 Shirley Spurs Apt. 574, Barbaramouth, UT 25978",128726.94,active,2019-10-22
792,Eddie,Morris,eddie.morris@hotmail.com,844-596-3195,1996-12-05,"76342 Abbott Circle Suite 330, Michaelfort, OH 19653",178021.03,active,2020-03-23
793,Kristen,Frye,kristen.frye@yahoo.com,590-400-3389,1958-11-15,"Unit 9833 Box 9914, DPO AP 08439",195608.32,suspended,2021-11-01
794,Jill,Lee,jill.lee@hotmail.com,209-380-7906,1995-04-12,"0443 Kenneth Burgs Suite 157, South Connie, OH 21076",128910.72,suspended,2021-05-18
795,Brittney,Blake,brittney.blake@gmail.com,937-523-8972,1962-04-24,"USCGC Hill, FPO AP 80001",84607.59,suspended,2020-09-10
797,Randall,Nguyen,randall.nguyen@gmail.com,660-962-6483,1965-12-10,"908 Jennifer Station Apt. 711, East Curtis, GA 94067",75668.75,inactive,2025-08-08
799,Jeremy,Brown,jeremy.brown@hotmail.com,403-790-9821,1947-09-23,"370 Jeffery Fort, Port Devin, MD 42830",56747.62,inactive,2019-11-22
800,Paul,Walters,paul.walters@yahoo.com,889-722-8987,1976-11-01,"0681 James Camp Apt. 397, West Jacquelineshire, FM 48750",189993.25,inactive,2023-01-14
801,William,Calderon,william.calderon@yahoo.com,828-493-8598,2001-08-29,"944 Dixon Estate, Port Cathy, MA 26161",158240.11,active,2022-05-30
802,Mark,Green,mark.green@gmail.com,631-846-7631,1993-08-29,"79863 Daniel Loaf Apt. 339, Marissaborough, FM 78260",206455.97,active,2022-11-25
803,Lisa,Ward,lisa.ward@gmail.com,551-433-6136,2001-08-06,"438 Kyle Forge, Port Matthew, NM 94865",88346.97,inactive,2024-11-12
804,Paul,Murphy,paul.murphy@yahoo.com,819-860-7479,1944-12-16,"7894 Chris Coves, Port Anthonyton, PR 01970",78217.08,inactive,2023-09-07
805,Stacey,Conrad,stacey.conrad@yahoo.com,733-661-7782,1976-02-11,"05336 Jones Mall, West Kayleeville, ME 19092",55144.62,active,2020-02-06
806,Jose,Conrad,jose.conrad@gmail.com,877-457-2311,1997-06-23,"2011 Spencer Prairie, Josephshire, NJ 08795",64746.87,inactive,2024-01-19
807,Jessica,Hernandez,jessica.hernandez@gmail.com,317-507-9420,1999-06-15,"07676 Teresa Ports Apt. 144, Harrisview, AK 88482",29949.25,inactive,2025-08-11
810,Ricky,Ali,ricky.ali@gmail.com,374-229-1575,1996-12-01,"5778 Pamela Junctions, New Matthew, SC 98122",165307.91,inactive,2020-10-10
811,Erik,Lindsey,erik.lindsey@gmail.com,753-478-9987,1965-12-23,"Unit 3616 Box 1880, DPO AP 14108",116755.57,suspended,2021-06-11
812,Barbara,Scott,barbara.scott@hotmail.com,805-811-8480,1960-04-24,"357 Mark Villages, Amyfurt, NC 86601",158092.55,suspended,2024-09-11
813,Lori,Robinson,lori.robinson@yahoo.com,736-855-9745,1958-02-05,"72308 Tyler Cliffs, Johnfurt, ME 27927",86744.81,inactive,2021-10-21
814,Amber,Davis,amber.davis@gmail.com,432-291-8239,1965-06-26,"1321 Jon Crest, Duffyfurt, AL 91965",86346.74,active,2020-08-18
816,Kayla,Henderson,kayla.henderson@hotmail.com,680-747-1136,1977-11-04,"706 Sydney Trace Apt. 748, North Johnville, NH 50288",170684.93,inactive,2023-06-20
817,Kaitlyn,Allen,kaitlyn.allen@yahoo.com,506-209-8052,1940-12-01,"739 Davis Spur Apt. 908, Jonesburgh, NH 36511",195148.18,suspended,2021-05-01
819,Daniel,Moore,daniel.moore@gmail.com,455-367-7385,1969-06-24,"06260 White Junctions Suite 371, East Donaldshire, AK 57923",201910.76,active,2022-04-04
820,Tyler,Bauer,tyler.bauer@yahoo.com,632-840-4924,1985-02-06,"816 Johnson Mews Suite 111, Nataliestad, NJ 53103",132687.43,suspended,2025-10-17
821,William,Sanchez,william.sanchez@gmail.com,491-864-9715,1946-06-10,"92378 Grant Neck, Port Dianashire, MT 15685",197555.52,inactive,2023-08-20
823,Timothy,Lewis,timothy.lewis@gmail.com,478-917-9060,1953-04-11,"28217 Ashlee Gateway, Francostad, IN 34903",59689.26,active,2021-08-09
824,Richard,Goodwin,richard.goodwin@gmail.com,747-222-4046,1995-01-17,"35679 Kaitlyn Crossroad Suite 986, East Carol, LA 65661",233857.84,inactive,2026-02-15
825,Kendra,Reynolds,kendra.reynolds@gmail.com,932-648-1134,1984-07-18,"205 Long Mountain, Kevinside, PA 43373",69683.93,active,2025-04-12
826,Samantha,Wyatt,samantha.wyatt@yahoo.com,422-550-7885,2007-05-17,"989 Taylor Course Suite 588, West Crystalview, VI 38373",87170.02,inactive,2021-02-23
827,Brooke,Perez,brooke.perez@yahoo.com,913-232-6410,1975-05-18,"PSC 9354, Box 3586, APO AA 35092",35809.53,active,2021-06-25
828,Carla,Santiago,carla.santiago@gmail.com,994-601-2169,2003-09-01,"435 Harris Mountain, North Jenny, FM 38703",138588.61,active,2023-09-11
829,Danielle,Harris,danielle.harris@hotmail.com,590-212-2998,1991-06-15,"753 Washington Groves, Medinaberg, KS 79928",234360.87,suspended,2023-11-17
831,Lawrence,Taylor,lawrence.taylor@gmail.com,553-364-6127,1990-10-29,"14188 Anderson Court, Harrisshire, AR 01792",133692.88,active,2021-07-07
833,James,Jensen,james.jensen@gmail.com,956-878-7012,2004-11-28,"1136 John Ridge Apt. 234, North Johnport, NE 76475",124832.97,inactive,2020-07-08
834,Michelle,Atkinson,michelle.atkinson@yahoo.com,253-882-4568,1990-11-13,"67726 Johnson Track, Jamiefort, NE 69174",234066.84,active,2022-08-22
835,Matthew,Smith,matthew.smith@hotmail.com,532-215-3742,1951-11-30,"352 Carolyn Square Suite 263, West Michael, KY 33107",194354.67,suspended,2021-10-24
839,Krista,Wiggins,krista.wiggins@hotmail.com,263-664-9676,1994-11-20,"2303 Carlos Courts Suite 281, Transtad, VA 23952",69653.77,suspended,2020-09-01
840,Eric,Frederick,eric.frederick@gmail.com,649-950-4161,1950-11-11,"48088 Phillip Expressway Apt. 722, Port Chelsea, MN 75718",22740.33,inactive,2022-10-15
841,Krista,Ford,krista.ford@yahoo.com,456-240-8951,1976-07-24,"329 Carlos Lane, North Justin, NC 64720",174870.97,suspended,2025-03-04
842,Erica,Foster,erica.foster@hotmail.com,913-701-4109,1982-04-03,"859 Walton Pine Suite 287, Port Benjamin, CA 79117",143807.78,suspended,2020-08-05
843,Virginia,Wilkinson,virginia.wilkinson@gmail.com,949-679-5510,1977-07-03,"6450 Freeman Terrace Apt. 362, Grimesberg, SD 40081",210620.93,suspended,2023-01-20
844,Randy,Thomas,randy.thomas@gmail.com,270-743-3539,1958-12-12,"PSC 4767, Box 7537, APO AE 55000",117763.29,inactive,2024-11-19
845,Susan,Sanchez,susan.sanchez@gmail.com,664-200-9289,1960-02-08,"PSC 1450, Box 5766, APO AE 78913",102147.67,active,2022-07-26
846,Kelly,Nicholson,kelly.nicholson@hotmail.com,712-367-2217,2007-01-06,"55348 Alex Courts Apt. 840, New Jefferyhaven, MN 03665",89194.09,active,2019-09-25
847,Shane,Cook,shane.cook@hotmail.com,596-394-9586,1949-08-21,"5089 Nicole Trace Suite 680, East Sarahfurt, MA 87089",169675.77,suspended,2020-08-21
849,Lauren,Ware,lauren.ware@yahoo.com,874-268-1717,2000-01-22,"01204 Buchanan Forges Suite 271, Lake Stevemouth, RI 95911",203412.93,active,2020-10-24
850,Tiffany,Jefferson,tiffany.jefferson@yahoo.com,406-309-8952,1992-09-01,"582 Drake Tunnel Apt. 306, Nelsonhaven, ME 65889",60538.89,active,2026-05-01
852,Madison,Peters,madison.peters@gmail.com,575-426-2161,1985-09-25,"2188 Gutierrez Locks, Knightport, CO 32285, contact madison.peters@gmail.com",20905.12,active,2026-02-17
853,Francisco,Olson,francisco.olson@hotmail.com,281-679-1994,1949-11-12,"66626 Good Isle Suite 143, Kochfort, MO 77626",98125.58,suspended,2021-03-04
854,Jason,Jordan,jason.jordan@gmail.com,925-259-5355,1971-05-19,"2959 Castaneda Courts, North Lauratown, FL 71328",135442.62,suspended,2022-07-18
856,Patricia,Rivera,patricia.rivera@gmail.com,594-394-4164,1987-12-21,"Unit 1090 Box 3267, DPO AE 35540",134814.63,active,2020-09-20
857,Brittney,Gilbert,brittney.gilbert@hotmail.com,771-967-7802,1957-07-22,"17942 Tyler Fork Suite 065, Lake Thomas, NV 47523",183636.06,suspended,2024-09-04
858,Stephanie,Torres,stephanie.torres@hotmail.com,890-669-7997,1956-12-20,"3453 Steven Squares Apt. 010, East Danielmouth, DC 20073",213986.93,active,2022-09-01
859,Jennifer,Campbell,jennifer.campbell@yahoo.com,611-716-6529,1992-07-05,"766 Sarah Skyway, Sharonborough, MH 62527",163972.08,suspended,2020-07-07
860,Diana,Diaz,diana.diaz@yahoo.com,560-522-6319,1954-11-15,"04627 Barrett Locks, Shannonmouth, WA 93219",205557.59,inactive,2021-09-18
861,Robert,Edwards,robert.edwards@hotmail.com,943-531-4943,1940-02-20,"24617 Hernandez Dam, New Cassandra, KY 27011",143018.12,active,2021-11-08
865,Leah,Hill,leah.hill@hotmail.com,766-723-3534,2006-09-30,"USS Shaw, FPO AP 84389",38931.74,inactive,2023-08-03
866,Kristin,Mack,kristin.mack@hotmail.com,341-471-7014,1976-10-14,"841 Sara Loaf, Gregoryborough, AL 90296",215496.83,active,2024-12-06
867,Ruben,Murphy,ruben.murphy@gmail.com,507-294-7550,1987-10-17,"USS Garcia, FPO AP 96316",75000.0,active,2023-10-23
868,Jonathan,Sandoval,jonathan.sandoval@hotmail.com,940-532-8905,1942-10-27,"3251 Collins Plains, North Tonyaville, PR 00937",56384.35,suspended,2025-10-25
869,Stephanie,Jones,stephanie.jones@yahoo.com,297-809-5921,1945-08-22,"Unit 1751 Box 8878, DPO AE 63578",26296.49,suspended,2020-03-21
870,Elizabeth,Ramirez,elizabeth.ramirez@gmail.com,998-257-6478,1974-06-19,"2638 Swanson River, North Francismouth, GA 68931",95240.51,inactive,2025-10-20
871,Lisa,Nichols,lisa.nichols@yahoo.com,988-432-1187,1971-04-30,"Unit 5056 Box 6186, DPO AE 22458",158722.94,suspended,2025-05-01
873,Jacob,Duncan,jacob.duncan@gmail.com,714-914-4617,1995-04-11,"Unit 5560 Box 5712, DPO AE 78442",52009.84,suspended,2023-01-07
874,Abigail,Miranda,abigail.miranda@hotmail.com,656-970-9269,1943-01-23,"851 Kristi Route Suite 348, Carterville, AR 39849",37998.42,active,2022-04-11
875,Elizabeth,Murillo,elizabeth.murillo@hotmail.com,351-335-6507,1982-09-12,"45618 Jones Inlet Suite 600, Markland, VI 18513",36325.02,suspended,2022-04-05
876,Sarah,Morrison,sarah.morrison@gmail.com,761-608-5301,1941-10-30,"5512 Brandi Common, North Joshua, MP 72617",36887.54,suspended,2026-02-17
877,Kari,Durham,kari.durham@gmail.com,506-583-9051,1969-09-18,"416 Larry Wells Suite 154, East Caseyshire, AL 14503",142163.75,inactive,2025-03-21
878,Patricia,Williams,patricia.williams@yahoo.com,927-502-6237,1973-03-25,"2983 Matthew Ferry, Lake Lisafort, IL 96019",72666.58,active,2020-04-10
879,Jean,Jackson,jean.jackson@hotmail.com,531-901-2467,1984-10-22,"84937 Brian Forest Suite 384, Derekshire, MT 76304",42981.63,inactive,2021-11-10
880,Keith,Wright,keith.wright@gmail.com,556-395-6254,1970-09-12,"970 Richard Field Suite 292, Lake Johnton, IN 33268",94484.53,suspended,2022-08-02
881,Julie,Simon,julie.simon@hotmail.com,373-558-8245,2006-07-10,"1903 Maria Bridge, Rodriguezborough, NV 19425",156346.44,inactive,2023-04-07
882,Dylan,Wong,dylan.wong@gmail.com,404-901-7124,2004-09-01,"6847 Michaela Drive Apt. 653, South Tracy, KY 57838",52630.05,suspended,2024-01-24
884,Thomas,Farmer,thomas.farmer@gmail.com,338-684-7319,1982-11-20,"3734 Stuart Groves Apt. 737, North Kimberly, SD 64189",85736.21,inactive,2026-07-12
885,Patrick,Downs,patrick.downs@hotmail.com,414-957-9814,2006-08-27,"45841 Atkins Path, Julietown, CA 74839",65036.32,suspended,2022-12-17
888,Pamela,Nguyen,pamela.nguyen@yahoo.com,405-913-5444,2003-04-21,"573 Bernard Brook, North Annetteberg, IN 54336",29784.93,suspended,2023-07-01
889,Michelle,Harris,michelle.harris@yahoo.com,597-876-5445,2007-12-12,"87233 Nathan Camp, Alexandershire, MT 16266",165181.92,suspended,2025-12-08
890,Vickie,Day,vickie.day@yahoo.com,468-674-4317,1976-05-18,"PSC 1539, Box 1149, APO AP 98335",69319.43,inactive,2025-06-22
891,Crystal,Hodges,crystal.hodges@gmail.com,523-696-9709,1963-01-27,"207 Laura Isle Apt. 189, New Joshua, NE 91776",37540.59,active,2025-07-26
893,Kenneth,Brown,kenneth.brown@yahoo.com,701-602-3572,1981-05-04,"13546 Hailey Village, South Nicholas, GA 49592",22078.63,suspended,2022-12-10
894,Austin,Thompson,austin.thompson@yahoo.com,840-509-4869,1977-02-14,"12616 Holly Expressway, Jenniferside, FM 89255",239110.76,suspended,2022-09-12
895,Alyssa,Santana,alyssa.santana@hotmail.com,840-463-7343,1983-12-12,"PSC 9572, Box 9893, APO AA 56191",75000.0,active,2025-12-27
896,George,Copeland,george.copeland@yahoo.com,430-355-6599,1958-11-28,"303 Phillips Trail Suite 191, North Jerry, UT 70433",217172.92,suspended,2023-07-17
897,Stefanie,Wilson,stefanie.wilson@yahoo.com,507-258-4089,1996-05-19,"82832 Rebecca Pass, East Amberland, MA 69323",231254.46,suspended,2025-09-12
898,Amanda,Green,amanda.green@yahoo.com,627-446-3502,1952-07-29,"67323 April Road, Jonesside, CO 97198",112675.23,inactive,2024-02-18
900,Brian,Mccoy,brian.mccoy@hotmail.com,571-899-4964,1956-07-26,"5618 Goodwin Green, North Amy, FL 79189",86597.64,suspended,2020-08-11
903,Kyle,Jackson,kyle.jackson@hotmail.com,349-944-1483,1992-03-05,"070 Clark Loop, Montgomerytown, WI 82342",187926.57,inactive,2023-02-14
905,Gregory,Fry,gregory.fry@yahoo.com,389-226-5372,1999-02-12,"363 Ricardo Gardens, Lake Cameron, UT 52940",152444.2,suspended,2025-03-17
906,Christine,Phillips,christine.phillips@gmail.com,437-436-1427,1987-12-24,"4203 Avila Curve Suite 863, West Susanview, CO 61051",97756.02,suspended,2019-12-30
907,Morgan,Short,morgan.short@yahoo.com,714-819-8680,1965-12-08,"USCGC Moore, FPO AA 99808",176068.25,inactive,2025-03-06
909,Laura,Roy,laura.roy@hotmail.com,982-215-5421,2005-10-20,"15388 Maria Harbor, Jessicaberg, NH 80467",228943.97,active,2022-02-06
910,Marie,Brown,marie.brown@hotmail.com,975-409-2083,1942-02-04,"043 Sabrina Fords Suite 384, Nicoleville, MO 95980",57311.36,inactive,2024-05-29
911,Jeffrey,Thomas,jeffrey.thomas@gmail.com,904-532-8496,1953-05-03,"718 Catherine Flat Apt. 913, Robinsonfurt, SD 42839",215044.3,inactive,2021-03-10
913,Alex,Lopez,alex.lopez@gmail.com,808-749-9605,1953-11-01,"Unit 0915 Box 6182, DPO AP 69165",160389.43,suspended,2020-04-08
914,Sandra,Sanchez,sandra.sanchez@yahoo.com,919-377-4281,2005-03-29,"4916 Nicole Springs Apt. 659, Denniston, CA 41294",201596.24,active,2020-11-04
917,Selena,Patterson,selena.patterson@hotmail.com,672-370-7921,1939-04-15,"26003 Abigail Ford, Peterland, GU 04075",83361.18,active,2023-06-23
919,Melanie,Coleman,melanie.coleman@hotmail.com,997-799-9952,1998-07-17,"384 Brady Canyon, East Kevinside, AL 69682",48038.08,inactive,2024-08-31
920,Tracie,Deleon,tracie.deleon@yahoo.com,225-383-8433,1979-09-04,"882 Williams Fort Suite 910, Lake Mitchelltown, PA 06725",149050.04,suspended,2021-08-17
921,William,Kaiser,william.kaiser@hotmail.com,292-456-6309,1990-07-31,"9207 Aguilar Expressway Suite 999, Wangshire, AS 49766",171561.27,suspended,2021-08-01
922,Molly,Douglas,molly.douglas@hotmail.com,293-316-8362,1993-12-25,"84285 Walsh Port Apt. 259, West Andrewhaven, FM 41080",158764.08,active,2025-04-18
923,Ashley,Sparks,ashley.sparks@gmail.com,944-723-3619,1961-09-13,"USNS Rodriguez, FPO AE 39092",102066.66,inactive,2022-05-17
924,Kimberly,Parsons,kimberly.parsons@yahoo.com,543-779-3459,2004-10-03,"9087 Raymond Crest, Gallaghertown, SD 58433",53991.55,active,2024-10-07
925,Gordon,Lewis,gordon.lewis@hotmail.com,456-292-3884,1992-08-24,"USNS Meyer, FPO AE 43201",180095.91,inactive,2026-02-08
927,Matthew,Dunn,matthew.dunn@gmail.com,709-710-9904,2007-08-07,"264 Kristen Light Suite 561, North Anna, AS 56331",197254.91,suspended,2021-07-16
928,Corey,Rivas,corey.rivas@gmail.com,422-802-8794,1964-06-04,"514 Kimberly Locks Apt. 394, Connieton, PR 04361",118729.94,inactive,2024-01-06
929,Marissa,Martin,marissa.martin@gmail.com,814-206-5009,2001-07-28,"661 Darryl Track Suite 831, Lake Jamesmouth, GU 03841",213841.27,inactive,2019-12-10
930,Brandon,Jones,brandon.jones@hotmail.com,412-250-4028,1953-02-03,"49150 Russell Fall Apt. 976, North Jessica, IN 84059",50912.87,suspended,2020-06-06
934,Christian,Martin,christian.martin@yahoo.com,236-295-5903,1956-10-02,"85277 Bennett Field Apt. 718, Kurtshire, AR 95657",89666.45,inactive,2022-08-23
937,Amy,Navarro,amy.navarro@yahoo.com,259-311-9666,1989-12-09,"63831 Amy Island Suite 053, Moyertown, NM 92620",237156.02,inactive,2019-10-27
938,Brianna,Ball,brianna.ball@yahoo.com,935-875-3699,1943-09-26,"7067 Rachel Path, Port Laura, MN 00796",153163.5,inactive,2019-11-25
939,Nicholas,Thomas,nicholas.thomas@hotmail.com,788-838-6797,1985-05-26,"55216 Smith Isle, Gilesview, MO 75137",223817.39,suspended,2020-10-15
940,Edward,Jones,edward.jones@hotmail.com,732-946-9154,1958-03-21,"92596 Fischer Canyon, Joeside, LA 72161",127335.99,active,2021-02-11
942,Kenneth,Jacobs,kenneth.jacobs@hotmail.com,689-785-6193,1966-12-27,"145 Garrett Parkways, Riverston, UT 86331",109917.13,suspended,2025-05-11
943,Scott,Kelly,scott.kelly@gmail.com,852-417-1185,1977-04-29,"6738 Anthony Ridges Suite 461, Lake Courtneymouth, NM 80511",160217.27,suspended,2020-05-25
944,Amanda,Cruz,amanda.cruz@gmail.com,269-515-5919,1983-06-06,"722 Black Flat Suite 085, South Dawnbury, MN 07299",130485.1,suspended,2023-10-30
946,David,Ramirez,david.ramirez@hotmail.com,229-379-4178,1957-08-27,"4428 Murray Lock Apt. 259, Jacobbury, SC 17946",91374.29,inactive,2019-10-10
947,Frances,Stevenson,frances.stevenson@yahoo.com,685-236-3224,1948-05-13,"89156 Jose Spur, Jacobmouth, VA 63848",124892.01,suspended,2021-04-23
948,Gregory,Landry,gregory.landry@yahoo.com,781-262-1440,1967-05-16,"9335 Garcia Wall, New Jenniferstad, MN 03864",223969.37,active,2020-08-29
949,Stephanie,Burns,stephanie.burns@yahoo.com,778-942-6169,1961-12-12,"USNV Smith, FPO AA 99589",141249.34,active,2023-04-29
950,Tony,Frazier,tony.frazier@yahoo.com,901-539-6793,1990-01-04,"9189 Sara Creek, Georgeburgh, AR 26603",32699.3,active,2020-03-16
951,Adrienne,Bush,adrienne.bush@hotmail.com,547-584-9753,1983-07-14,"53641 Carter Coves, Mariaborough, CT 28890",205014.08,suspended,2026-05-02
952,Jessica,Diaz,jessica.diaz@gmail.com,391-809-2914,1954-05-10,"813 West Island Apt. 094, Lake Michelle, AS 14801",209939.8,inactive,2022-04-25
953,Justin,Carrillo,justin.carrillo@gmail.com,689-822-5143,1945-06-03,"76981 Hoffman Rapids Apt. 704, Davidhaven, NC 73613",109879.04,inactive,2023-02-26
955,Janice,Dixon,janice.dixon@hotmail.com,238-996-4311,1998-08-17,"PSC 4859, Box 6559, APO AA 23802",220764.55,inactive,2022-06-27
956,Wayne,Torres,wayne.torres@hotmail.com,694-712-3524,1963-04-20,"PSC 1650, Box 2000, APO AE 40719",60226.99,inactive,2026-05-27
957,Nathan,Hall,nathan.hall@hotmail.com,339-871-4877,1942-12-26,"21551 Adam Junctions, Johnsonborough, SC 83470",49811.5,active,2020-10-23
958,Ronald,Rojas,ronald.rojas@hotmail.com,410-941-1598,1962-05-22,"8896 Willis Stravenue Suite 273, Colemouth, VA 38861",119979.79,suspended,2025-03-12
959,Dawn,Hernandez,dawn.hernandez@gmail.com,204-518-1721,1961-10-31,"4318 Linda Extensions, Lake Dennisland, DC 26739",170525.62,suspended,2025-05-20
960,Catherine,Johns,catherine.johns@hotmail.com,678-247-2689,2000-11-18,"106 Nicole Pike Apt. 647, East Jennifer, NH 45721",133568.25,suspended,2022-12-11
962,Joseph,Taylor,joseph.taylor@gmail.com,532-509-7662,1979-11-28,"2918 Reyes Shoals, Lake Curtis, AR 72508",136165.23,inactive,2024-06-07
963,Misty,Higgins,misty.higgins@gmail.com,479-352-3580,1948-06-26,"73373 Sue Burgs, Hunterberg, OK 74802",78747.39,active,2025-05-13
964,Renee,Lewis,renee.lewis@yahoo.com,726-304-4384,1952-10-22,"659 Danielle Freeway, East Peggy, MD 86132",138441.37,suspended,2020-05-28
966,Lindsey,Roberts,lindsey.roberts@gmail.com,827-546-9856,2002-04-21,"9791 Patricia Rapids Suite 029, South Chad, AR 43900",116489.78,active,2023-03-11
967,John,Santana,john.santana@yahoo.com,891-251-2735,2006-02-03,"137 Taylor Point Apt. 220, East Laurafurt, VA 95673",103159.12,active,2021-05-27
968,Michelle,Kelley,michelle.kelley@gmail.com,383-921-8304,1970-06-08,"8797 Bailey Fords, Elizabethstad, HI 31538",154822.0,inactive,2022-04-15
969,Dana,Foster,dana.foster@gmail.com,930-976-9740,1978-11-18,"04436 Lisa Walk, Danielland, MI 21866",35437.12,inactive,2024-06-17
970,Stephanie,Wiggins,stephanie.wiggins@hotmail.com,288-766-2424,1957-10-03,"PSC 1029, Box 2950, APO AE 40188",39592.39,inactive,2025-03-16
972,Tammy,Thomas,tammy.thomas@gmail.com,714-927-7011,1985-07-18,"32176 Goodwin Dam, North Catherineland, DE 15274",193108.87,inactive,2022-08-10
973,Patrick,Garcia,patrick.garcia@gmail.com,230-266-8787,1968-01-11,"2587 James Road, North Kelly, ID 57051",43060.93,inactive,2021-03-20
974,Omar,Clark,omar.clark@gmail.com,489-986-6711,1967-04-26,"481 Kathy Haven Apt. 114, Port Angelafurt, SC 69289",152185.73,active,2024-10-07
975,Donald,Rogers,donald.rogers@gmail.com,270-406-4511,1963-02-15,"29462 Mary Ramp Apt. 556, Port Judytown, AS 28631",90343.08,suspended,2025-07-12
976,Jennifer,Carroll,jennifer.carroll@yahoo.com,745-672-7566,2002-05-01,"13712 Lee Knolls Suite 856, Kathrynberg, IL 04045",149098.98,active,2023-04-18
977,Jordan,Jones,jordan.jones@hotmail.com,761-362-8903,1952-12-29,"70615 Timothy Point, Ramirezburgh, PA 81690",103207.25,inactive,2023-12-13
978,Bryan,Higgins,bryan.higgins@gmail.com,641-645-6606,1990-01-05,"3224 Matthew Green, Port Natalie, SC 84654",138884.97,active,2020-01-21
980,Erica,Bolton,erica.bolton@yahoo.com,985-902-8084,1967-03-02,"47124 Hamilton Creek, New Brianville, AS 67895",57110.63,inactive,2023-01-13
981,David,Clark,david.clark@hotmail.com,311-901-7208,2002-06-14,"76417 Rodney Canyon, New Connorstad, NV 14578",90684.63,suspended,2019-12-22
982,Eddie,Johnson,eddie.johnson@hotmail.com,292-422-3276,1949-06-20,"071 William Lodge Suite 130, Marquezmouth, CO 06766",214972.06,suspended,2025-12-29
983,Lisa,Roberts,lisa.roberts@hotmail.com,876-352-8421,2008-09-04,"USCGC Evans, FPO AA 23436",135938.79,inactive,2025-01-14
984,Danny,Gonzalez,danny.gonzalez@gmail.com,380-672-8004,1953-06-20,"8857 Warner Ranch, Tylerborough, DE 74066",169296.73,inactive,2020-03-14
985,Adam,Gonzalez,adam.gonzalez@hotmail.com,895-511-8122,1981-10-21,"627 Massey Lock, Morrowland, MI 77197",177349.65,inactive,2020-04-15
987,Benjamin,Curry,benjamin.curry@yahoo.com,578-762-1870,1982-04-21,"949 Leslie Shores, West Kristenton, KS 80528",18187.22,suspended,2025-12-25
988,Chelsea,Johnson,chelsea.johnson@hotmail.com,488-231-4854,1976-06-19,"9873 James Ramp Suite 166, Curtisfurt, CT 19957",113840.84,suspended,2025-06-14
990,Frederick,Jordan,frederick.jordan@hotmail.com,625-289-4041,1989-09-29,"0878 Daniel Loop, Port Erictown, SC 87066",141303.59,inactive,2024-09-26
991,Courtney,Davis,courtney.davis@hotmail.com,495-886-3056,1971-04-07,"USS Young, FPO AP 92489",47809.59,active,2024-12-14
992,Karen,Duncan,karen.duncan@hotmail.com,347-938-8974,1950-07-11,"11708 Reilly Pass Apt. 186, Kevinberg, GA 99831",164059.73,active,2026-07-04
993,David,Arroyo,david.arroyo@yahoo.com,857-625-8471,2001-02-05,"785 Randolph Plains, North Lisa, KS 71292",216375.31,suspended,2025-02-21
997,Elizabeth,Sanders,elizabeth.sanders@yahoo.com,234-238-8917,1956-12-27,"496 Payne Stravenue Suite 960, Shawnport, FL 08989",174483.92,active,2022-07-26
999,Warren,Mendez,warren.mendez@yahoo.com,676-729-2281,1941-05-10,"7287 Roger Road Apt. 141, Port Daniel, MH 99681",134185.21,suspended,2023-07-20
1000,Virginia,Wright,virginia.wright@hotmail.com,683-845-2279,2000-10-04,"61337 Kline Junctions, East Bradley, KS 42603",169864.43,suspended,2023-12-07
1001,Angela,Davis,angela.davis@yahoo.com,827-254-6628,1956-09-10,"54472 Martinez Court, Stewartton, VI 25830",136777.38,active,2023-03-07
1003,Steven,Arnold,steven.arnold@gmail.com,236-911-5981,1982-10-01,"6813 Dean Lock Suite 486, Lake Theresa, MO 91789",179387.72,suspended,2024-10-20
1005,Megan,Norman,megan.norman@yahoo.com,493-696-2351,1982-07-09,"051 Thomas Manors Apt. 398, Clarkmouth, IA 54344",46154.34,active,2026-05-18
1006,Theresa,Holland,theresa.holland@gmail.com,335-830-5603,1983-10-08,"5906 Smith Burg Suite 248, Haroldport, PW 49828",79098.2,inactive,2023-11-09
1007,Yolanda,Fleming,yolanda.fleming@yahoo.com,991-369-2414,2007-06-03,"7605 Baker Bridge Suite 565, Avilamouth, ND 04326",164332.55,inactive,2025-06-07
1009,Melissa,Lopez,melissa.lopez@yahoo.com,286-348-3525,2005-09-22,"16599 Perez Center Apt. 622, East Edwinburgh, WV 59735",203950.36,inactive,2022-11-02
1010,Ronnie,Keith,ronnie.keith@hotmail.com,443-876-8211,1939-08-01,"2591 Johnson Common Apt. 411, Reneehaven, GU 33426",179171.8,active,2022-05-21
1011,Amanda,Holmes,amanda.holmes@yahoo.com,951-553-1890,1989-10-11,"Unit 0801 Box 7986, DPO AA 93688",160581.96,active,2020-03-15
1012,Troy,Hansen,troy.hansen@gmail.com,675-608-8802,2003-12-25,"957 Sarah Groves, Taylorchester, WY 34988",84903.5,suspended,2024-10-20
1013,Melissa,Little,melissa.little@yahoo.com,429-240-2511,1941-03-11,"03843 Peterson Meadows, Heatherfurt, VI 99140",123358.89,active,2020-09-16
1014,Amanda,Murray,amanda.murray@yahoo.com,212-495-8353,1961-02-08,"Unit 2548 Box 2421, DPO AP 73572",102804.91,inactive,2021-10-22
1015,Heather,Hall,heather.hall@yahoo.com,299-744-6797,1961-02-14,"0064 Delgado Heights Suite 523, North Donaldborough, FL 93945",230272.77,inactive,2026-03-22
1016,Traci,Mitchell,traci.mitchell@hotmail.com,543-476-5375,1953-12-04,"917 Santana Locks Apt. 342, Jacksonborough, VI 73257",196114.23,inactive,2023-08-17
1018,Mark,Reid,mark.reid@gmail.com,732-545-3947,1939-07-28,"8824 Mark Forks, Alexanderville, NY 09561",87545.9,active,2024-06-30
1020,Jason,Nichols,jason.nichols@yahoo.com,559-424-5641,1947-03-13,"937 Alexis Spur Suite 391, New Stephen, NY 67674",73920.94,active,2021-09-06
1021,Donna,Sawyer,donna.sawyer@hotmail.com,294-258-4552,2006-07-27,"882 Kevin Island Suite 927, West Maryberg, KS 49894",229008.55,suspended,2019-09-26
1022,Jesse,Patrick,jesse.patrick@hotmail.com,288-819-3128,1997-10-08,"Unit 8642 Box 4238, DPO AP 30173",101462.77,suspended,2025-05-03
1024,Jennifer,Hawkins,jennifer.hawkins@gmail.com,854-664-5528,1949-06-10,"10232 Allen Square, Murrayfurt, DE 06439",188797.73,suspended,2025-10-31
1025,Renee,Romero,renee.romero@hotmail.com,463-365-2212,1948-10-20,"610 Lisa Field Suite 614, Lake Joeside, LA 42355",79557.82,inactive,2023-01-21
1028,Christopher,Smith,christopher.smith@hotmail.com,311-347-9857,1950-10-14,"1134 Lindsey Plains Suite 169, Kelseyfort, AZ 69024",188653.03,active,2021-03-01
1030,Ryan,Peters,ryan.peters@hotmail.com,945-456-8305,2002-05-18,"791 Johnson Unions Suite 257, New Shawnfurt, AK 91361",22165.78,inactive,2020-04-10
1031,Brooke,Martinez,brooke.martinez@gmail.com,238-880-7397,1995-05-05,"8982 Smith Common Apt. 952, Port Stevenmouth, NY 41704",77148.9,suspended,2026-09-03
1034,Carrie,Woods,carrie.woods@hotmail.com,324-780-9770,1974-03-17,"45421 Becker Landing Suite 056, North Megan, FL 17059",225579.37,inactive,2021-04-11
1035,Megan,Richardson,megan.richardson@gmail.com,806-512-1563,1978-10-12,"016 Sara Junctions, Hillton, NH 23003",99108.89,inactive,2023-04-15
1037,Abigail,Dougherty,abigail.dougherty@hotmail.com,593-876-4129,1958-12-13,"731 Victoria Cliffs Suite 850, Jonesstad, OH 84581",84349.22,inactive,2026-03-29
1038,Helen,Rush,helen.rush@gmail.com,698-286-8175,1999-02-12,"92711 Lopez Common Apt. 537, Port Ashleyborough, AZ 04803",181241.97,active,2022-08-27
1039,Steven,Pacheco,steven.pacheco@hotmail.com,225-937-4907,2005-06-29,"74189 Hoffman Islands, Jeremyberg, AS 74882",126609.63,active,2024-07-08
1040,Alejandra,Gutierrez,alejandra.gutierrez@hotmail.com,711-746-8361,1960-03-14,"2944 Miranda Loop Apt. 982, Harrisport, AS 71072",232579.46,active,2023-03-26
1041,Christopher,Winters,christopher.winters@hotmail.com,257-545-1701,2005-05-16,"5025 Walker Falls, South Patriciaborough, FM 95970",108022.74,active,2022-11-17
1043,Wendy,Macdonald,wendy.macdonald@hotmail.com,237-953-3319,1987-10-17,"53646 Amber Isle Suite 077, Janetfurt, MN 59350",126534.63,active,2025-11-15
1046,Holly,Cross,holly.cross@hotmail.com,709-809-4613,1999-02-26,"Unit 1311 Box 1786, DPO AE 79278",32010.44,active,2025-05-27
1047,Valerie,Smith,valerie.smith@yahoo.com,955-894-7586,1970-06-16,"602 Cynthia Lodge Suite 354, Lake Gregorytown, MH 11339",89980.16,suspended,2022-11-25
1048,Elizabeth,White,elizabeth.white@yahoo.com,340-529-4493,1957-01-08,"02601 Rodriguez Forest Apt. 594, Schultzmouth, AZ 57918",187658.59,suspended,2020-07-24
1050,Javier,Torres,javier.torres@hotmail.com,758-860-9655,1993-08-14,"45203 Williams Ridge, Calebside, ME 82664",72089.1,suspended,2022-07-14
1051,Christina,Davis,christina.davis@gmail.com,302-847-7162,2005-01-16,"Unit 5992 Box 8553, DPO AA 90419",190640.88,active,2025-03-09
1052,Ashley,Thomas,ashley.thomas@yahoo.com,206-207-3939,1965-01-03,"67990 Raymond Meadow, North Amymouth, NJ 34942",223602.4,suspended,2025-10-11
1053,Bradley,Dominguez,bradley.dominguez@gmail.com,490-626-8798,1950-03-23,"Unit 8423 Box 3944, DPO AP 92105",171703.55,active,2020-01-10
1054,Sylvia,Brooks,sylvia.brooks@gmail.com,735-661-7750,1995-11-10,"7625 Smith Estates Suite 017, South Lawrence, DC 51771",71114.33,active,2023-08-24
1055,Isaiah,Rodriguez,isaiah.rodriguez@hotmail.com,810-384-9190,1953-12-02,"292 Kristina Inlet, Melissaland, AL 97131",153875.06,active,2026-04-05
1056,Kristin,Duncan,kristin.duncan@hotmail.com,556-628-1074,1952-06-05,"PSC 6053, Box 0886, APO AP 33698",141811.71,active,2023-04-22
1057,John,Hernandez,john.hernandez@gmail.com,297-833-6929,1998-02-25,"3290 Kemp Isle Suite 598, Morrisshire, VI 24889",209526.3,suspended,2020-09-26
1058,Christopher,Watkins,christopher.watkins@hotmail.com,675-988-4409,1963-02-28,"60336 Laura Square Apt. 755, North Jonathan, NH 03733",79366.7,active,2024-03-22
1059,Heather,Martinez,heather.martinez@yahoo.com,901-685-9151,1998-08-02,"38023 Graves Extension Apt. 921, Rebeccahaven, WY 16818",57143.89,suspended,2025-01-03
1060,Alexa,Browning,alexa.browning@hotmail.com,860-572-5670,2004-10-29,"161 Wesley Forest Suite 588, Lake Briannamouth, OK 98755",64528.93,inactive,2026-01-28
1061,Steven,Kaufman,steven.kaufman@gmail.com,976-664-1709,1978-09-14,"8800 Stark Neck, North Amy, MS 80278",41181.48,active,2019-10-07
1062,Sherri,Romero,sherri.romero@hotmail.com,361-229-8947,1960-06-26,"454 Diane Passage, East Jennifer, NJ 21801",132308.63,active,2024-09-16
1064,Jessica,Middleton,jessica.middleton@hotmail.com,435-997-2804,1947-12-21,"5993 Emily Street, East Barryborough, AR 36807",90401.35,active,2023-01-11
1065,Sharon,Dominguez,sharon.dominguez@gmail.com,404-584-4615,1987-06-04,"775 Heather Cove, West Jennifer, AZ 17624",34323.6,suspended,2022-01-21
1066,Wesley,Butler,wesley.butler@gmail.com,271-792-7223,1965-03-27,"00593 Bryant Knolls Suite 919, East Katrina, TX 03504",223990.94,inactive,2026-01-27
1069,Brian,Sullivan,brian.sullivan@yahoo.com,339-313-8627,2003-05-06,"Unit 6670 Box 6362, DPO AE 75255",119804.52,active,2023-07-15
1072,Melissa,Fields,melissa.fields@gmail.com,392-319-2764,1964-10-21,"919 Hernandez Garden Suite 199, Bakerborough, OH 44912",79975.93,suspended,2024-04-03
1073,Linda,Clay,linda.clay@hotmail.com,453-535-8114,1970-04-15,"Unit 4725 Box 0583, DPO AE 32682",146641.68,suspended,2023-12-01
1074,Jose,Harris,jose.harris@gmail.com,205-627-1724,1995-05-01,"15876 Nathaniel Stravenue, Mitchellmouth, WI 95890",26893.03,inactive,2020-04-01
1075,Peter,Norris,peter.norris@hotmail.com,234-635-9701,1942-11-22,"6945 Michael Garden Suite 597, Philliphaven, MS 08834",60000.0,suspended,2021-01-10
1076,Ryan,Bullock,ryan.bullock@gmail.com,707-446-2361,1999-11-26,"5080 Schaefer River Suite 815, Port Raymond, FL 42849",141984.11,active,2021-08-10
1078,Brandy,Wright,brandy.wright@gmail.com,691-885-5994,2000-07-21,"USS Turner, FPO AA 40995",53920.23,inactive,2026-07-03
1080,Douglas,Martinez,douglas.martinez@yahoo.com,579-841-8607,1972-04-30,"84523 Ochoa Shoals Suite 268, Greenfort, AR 15237",174266.26,active,2024-08-10
1083,Benjamin,Mccall,benjamin.mccall@yahoo.com,835-543-1898,1947-04-09,"214 Luis Shore, North Ronald, PA 39969",132271.5,suspended,2025-10-10
1084,Jeremy,Berry,jeremy.berry@gmail.com,313-592-6989,1976-01-15,"8172 James Flat, Deanstad, VT 20708",121308.34,active,2026-02-07
1086,Eddie,Hernandez,eddie.hernandez@hotmail.com,789-804-1591,1996-04-11,"93899 Aaron Lakes Suite 353, East Rodney, CO 66990",162086.52,suspended,2022-12-05
1087,Michael,Johnson,michael.johnson@yahoo.com,919-414-4693,1941-03-16,"708 Paul Parks, Port Williamburgh, MP 26702",89142.97,inactive,2020-03-05
1088,Patrick,Garcia,patrick.garcia@yahoo.com,483-255-2038,1963-07-09,"58388 Janice Walks Suite 648, Kimberlyfort, ID 43009",100764.66,inactive,2021-12-09
1089,Scott,Baker,scott.baker@gmail.com,739-325-8703,1965-01-27,"222 Cynthia Throughway, Jonberg, MI 73929",175581.21,suspended,2021-01-22
1091,Carl,Holland,carl.holland@hotmail.com,668-289-2313,2002-10-22,"741 Adam Skyway Suite 384, Lake Annaberg, AL 87007",104731.52,active,2024-07-27
1093,Lucas,Carroll,lucas.carroll@gmail.com,357-271-4554,1964-03-02,"USS Richardson, FPO AA 94922",83083.62,suspended,2024-12-29
1094,Joseph,Jones,joseph.jones@hotmail.com,528-601-4389,1960-02-14,"0919 Vargas Forest Suite 787, Lindaton, NJ 00570",116536.93,suspended,2025-03-15
1097,Kathy,Stevens,kathy.stevens@yahoo.com,881-913-9686,1965-01-29,"865 Mary Fords Suite 319, Lake Kaylamouth, ME 25191",204903.55,inactive,2020-01-11
1098,Anthony,Hunt,anthony.hunt@hotmail.com,780-335-6021,1967-08-10,"31202 Brenda Knoll Apt. 576, Victoriashire, SC 60282",56125.64,inactive,2023-04-10
1102,Debra,Taylor,debra.taylor@hotmail.com,651-466-7056,1957-02-24,"05970 Micheal Creek Apt. 827, Craigchester, ME 31272",58958.24,suspended,2025-04-06
1103,Vanessa,Castaneda,vanessa.castaneda@hotmail.com,841-608-9012,1945-04-03,"654 Sandoval Gateway Suite 544, West Jenna, WY 10068",50843.62,inactive,2026-04-17
1105,Katherine,Copeland,katherine.copeland@hotmail.com,669-527-3556,1963-11-22,"09586 Catherine Neck, New Elizabeth, ND 84720",18953.34,suspended,2025-01-19
1106,Kaylee,Boyd,kaylee.boyd@yahoo.com,539-862-5842,1959-09-12,"09720 Darius Neck, South Markhaven, MI 25760",123208.17,inactive,2020-12-28
1110,Mark,Hughes,mark.hughes@gmail.com,797-739-4639,1951-02-28,"34236 Sarah Streets Apt. 033, Stephenburgh, KS 53791",191444.9,inactive,2024-06-29
1111,Jared,Rodriguez,jared.rodriguez@yahoo.com,285-751-8298,1991-02-19,"968 Harrington Plains Apt. 085, New Michelle, MS 99232",168308.07,active,2026-06-06
1112,Brandi,Williams,brandi.williams@hotmail.com,399-702-6206,1962-10-12,"4174 Victoria Hollow Apt. 502, New Laura, MP 48553",151904.16,suspended,2022-04-05
1113,Stacey,Martin,stacey.martin@hotmail.com,607-351-8006,2003-09-01,"6527 Blair Terrace Apt. 332, New Laura, AL 18365",100057.85,inactive,2022-08-20
1114,Allen,Rivera,allen.rivera@hotmail.com,507-928-2133,2007-08-08,"Unit 3303 Box 0334, DPO AA 61901",235010.25,suspended,2023-06-29
1115,Scott,Gross,scott.gross@gmail.com,945-654-7809,2000-11-01,"5076 Kimberly Ridge Suite 530, West Darlene, IL 07847",196418.18,inactive,2024-04-06
1118,Steven,Parsons,steven.parsons@gmail.com,804-974-7156,1978-08-09,"754 Rodriguez Turnpike Apt. 406, Daniellebury, ND 58265",37635.52,active,2025-12-10
1119,Eric,Byrd,eric.byrd@hotmail.com,624-379-8571,1951-05-21,"25909 Cruz Trace, Jenniferhaven, VA 97428",175674.84,active,2023-08-14
1120,Dylan,Wright,dylan.wright@gmail.com,590-496-9037,1990-10-26,"121 Christopher Causeway Apt. 878, East Heidiside, MT 97854",27375.71,inactive,2024-08-06
1121,Christina,Caldwell,christina.caldwell@gmail.com,705-772-8593,1956-03-11,"4039 Michael Radial, Heatherburgh, PA 42226",67843.49,active,2023-04-11
1122,Jill,Merritt,jill.merritt@gmail.com,507-855-8742,1994-11-16,"27643 Angela Falls, North Michael, LA 20116",45567.28,suspended,2023-09-27
1123,Drew,Bennett,drew.bennett@yahoo.com,383-703-5009,1982-11-20,"633 Heather Viaduct Apt. 344, Scotttown, ME 66325",24314.25,inactive,2022-01-02
1124,Mary,Porter,mary.porter@hotmail.com,813-963-6927,1964-06-17,"47020 Austin Lane Suite 195, Port Evelyn, NM 34236",146996.6,suspended,2025-12-07
1125,Claire,Mckee,claire.mckee@yahoo.com,843-902-8799,1969-07-28,"95634 Shaun Parks, Floresburgh, GA 47515",234285.44,active,2023-10-16
1126,Ashley,Smith,ashley.smith@gmail.com,950-789-1287,1975-03-19,"129 Anthony Land Apt. 294, North Marcuschester, IL 06011",205652.18,active,2020-12-07
1127,Edward,Stewart,edward.stewart@hotmail.com,349-527-8553,1956-07-06,"63726 Margaret Stream Suite 206, Jonesview, RI 67920",212986.43,active,2026-01-10
1128,Anthony,Barnett,anthony.barnett@yahoo.com,254-479-6917,1976-08-19,"138 Bradley Ports, Lake Melissa, CA 84697",111132.11,inactive,2024-11-07
1129,Christopher,Jefferson,christopher.jefferson@gmail.com,287-211-4566,2004-04-28,"USNS Casey, FPO AA 98697",132078.36,suspended,2023-06-07
1130,Kenneth,Bates,kenneth.bates@gmail.com,813-970-3738,1992-04-03,"8687 Evans Branch, Port Brandihaven, MD 34860",138704.14,inactive,2025-08-15
1131,Angela,Brown,angela.brown@yahoo.com,477-901-6939,1947-03-30,"Unit 2006 Box 2987, DPO AA 84161",39275.02,suspended,2023-04-22
1132,Alice,Sanchez,alice.sanchez@yahoo.com,761-776-2511,1977-02-23,"646 Hampton Crest Suite 234, North Cheryl, VT 57663",80474.74,inactive,2025-01-26
1133,Lindsey,White,lindsey.white@gmail.com,366-304-4569,1971-09-25,"104 Cheryl Place Apt. 147, North Thomasmouth, FL 53749",75000.0,active,2022-11-13
1136,Joseph,Mercado,joseph.mercado@gmail.com,556-519-6940,2007-02-19,"8269 Donna Port, North Shannonside, UT 57149",48861.1,inactive,2021-04-21
1137,Frank,Ellis,frank.ellis@yahoo.com,981-550-3821,1955-01-29,"USNS Thompson, FPO AP 27607",175596.66,active,2020-10-25
1139,Ryan,Torres,ryan.torres@gmail.com,333-280-7960,1997-06-13,"28233 Cory Plains, West Rachael, NH 97123",171361.63,active,2024-04-30
1140,Carol,Chase,carol.chase@hotmail.com,993-695-8065,2001-09-20,"7761 Roberto Roads, Margaretburgh, AL 83706",27438.76,active,2026-06-21
1141,Rachel,Medina,rachel.medina@gmail.com,236-528-1494,2005-10-02,"19279 Huber Crescent Suite 815, Rileyside, SD 32869",44400.73,inactive,2020-12-03
1142,Amber,Evans,amber.evans@hotmail.com,508-883-1168,2004-10-23,"266 Dominguez View, Fergusonburgh, RI 46887",185510.16,active,2025-12-09
1143,Bailey,Davis,bailey.davis@yahoo.com,801-404-4027,1954-09-15,"899 Matthew Fork Suite 607, Oliviashire, VI 80170",166873.34,active,2024-05-18
1146,Daniel,James,daniel.james@hotmail.com,741-422-4138,1940-03-22,"5092 Liu Islands Apt. 102, Taylormouth, AZ 52498",232066.56,active,2026-07-11
1147,Ricardo,Tran,ricardo.tran@gmail.com,204-942-2616,1941-01-18,"8458 Kayla Alley, Port Elizabeth, AZ 43739",223179.53,suspended,2020-08-28
1148,Timothy,Estrada,timothy.estrada@hotmail.com,444-939-4374,1945-03-14,"1856 Alexis Mission Suite 000, North Erin, VA 51668",115605.81,active,2021-05-11
1150,Kathleen,Sloan,kathleen.sloan@gmail.com,326-677-2807,1998-07-28,"60013 Watson Spurs Apt. 034, Kevinview, DC 79334",133379.52,inactive,2023-02-27
1153,Kevin,Roberts,kevin.roberts@yahoo.com,617-497-8011,1988-06-06,"652 Melanie Viaduct, New Jeffrey, AL 64608",60000.0,active,2020-06-21
1154,Maria,Montes,maria.montes@yahoo.com,383-213-9055,1966-01-08,"12900 Preston Shoals Apt. 117, Port Danielle, SC 61228",167205.2,inactive,2022-07-24
1156,Meagan,Taylor,meagan.taylor@yahoo.com,304-959-3764,1972-10-02,"575 Shane Centers, Sabrinahaven, PR 83958",32365.71,active,2020-01-23
1157,Brandon,Parker,brandon.parker@gmail.com,809-613-3011,1978-04-25,"4735 Michael Divide Suite 784, Port Kristinemouth, DE 47215",69697.06,inactive,2024-06-08
1158,Beverly,Park,beverly.park@hotmail.com,485-983-5472,1943-08-20,"9305 Tracy Place Apt. 331, South Christopher, WY 09498",185899.25,suspended,2021-01-31
1159,Haley,Allen,haley.allen@hotmail.com,687-882-7626,1972-10-15,"0878 Lisa Point, West Laurafort, ND 62788",237230.15,suspended,2022-09-09
1160,James,Mitchell,james.mitchell@hotmail.com,469-806-7027,1983-09-04,"152 Sean Inlet Suite 535, South Lisa, WY 67591",45126.19,inactive,2025-01-11
1161,Brendan,Hunt,brendan.hunt@gmail.com,843-337-1486,1964-01-31,"44671 Ramos Lane Apt. 969, West Jeffreyfurt, DC 77526",40111.95,active,2024-02-04
1162,Cassandra,Scott,cassandra.scott@yahoo.com,894-227-3934,2002-07-29,"5099 Hannah Creek Apt. 898, Timothyshire, AK 70138",102944.52,suspended,2021-02-04
1164,Kenneth,Potter,kenneth.potter@hotmail.com,228-704-2255,1941-04-07,"572 Colon Overpass Suite 958, New Judy, MP 78139",62828.85,suspended,2020-11-07
1165,Brett,Thomas,brett.thomas@yahoo.com,716-467-9887,1964-01-10,"891 Kevin Plains Apt. 971, Smithmouth, WV 76601",94282.67,suspended,2021-03-08
1167,Christopher,Barber,christopher.barber@hotmail.com,731-686-7403,1974-04-12,"8119 Chelsea Overpass Apt. 459, Port Andrewshire, SC 22380",120043.69,active,2021-08-20
1168,Martha,Griffin,martha.griffin@hotmail.com,875-998-5965,1992-10-29,"86693 Madeline Landing Apt. 588, Port Jennifertown, WI 88179",214403.45,active,2020-06-09
1169,Lucas,Martinez,lucas.martinez@yahoo.com,337-519-7374,1964-08-08,"93910 Susan Place, Port Ashley, NJ 40789",126214.99,active,2021-11-07
1170,Dennis,Cline,dennis.cline@yahoo.com,875-767-9837,1957-08-29,"90858 Melissa Stravenue Apt. 045, East Kevinmouth, IL 52990",145030.67,inactive,2021-03-07
1171,Chad,Cooper,chad.cooper@hotmail.com,259-932-9125,1958-04-03,"66271 Hannah Pass Suite 933, Johnton, VT 01433",76472.8,suspended,2024-12-05
1174,Nicholas,Smith,nicholas.smith@gmail.com,589-299-8014,2006-04-13,"4416 Austin Cove, Haleymouth, SC 27336",94621.75,inactive,2022-11-09
1175,Matthew,Brennan,matthew.brennan@hotmail.com,257-877-5001,1971-09-27,"PSC 6405, Box 1038, APO AP 00661",72970.29,suspended,2022-09-29
1176,Derek,Baird,derek.baird@gmail.com,286-904-2073,1980-09-11,"3628 Jose Green Suite 718, New Logan, IL 03333",210904.67,active,2020-01-14
1179,Kathleen,Santana,kathleen.santana@hotmail.com,524-586-7394,1955-12-11,"5833 Richard Trace Suite 704, East Jennifertown, RI 15275",89577.54,active,2026-06-07
1180,Sheri,Bailey,sheri.bailey@hotmail.com,555-969-3514,1964-11-18,"28262 Baker Expressway Apt. 412, North Cheryl, VA 86008",92584.78,suspended,2025-07-24
1181,Michael,Murray,michael.murray@gmail.com,370-829-5907,1940-01-27,"00794 Annette Estate Suite 538, North Christineport, CT 83638",98660.22,inactive,2022-11-16
1182,Sandra,Thomas,sandra.thomas@yahoo.com,850-277-9779,1990-08-05,"98726 Glenn Ports Suite 322, Christianfort, MP 39632",65525.78,inactive,2021-02-09
1183,Laura,Lopez,laura.lopez@gmail.com,924-868-8524,2004-06-06,"61189 Austin Inlet, Foxville, UT 50502",156655.05,active,2023-05-08
1184,Jason,Wells,jason.wells@gmail.com,297-806-6518,1944-04-22,"202 Anthony Isle Apt. 662, New Michaelchester, ND 76967",78687.01,suspended,2020-03-13
1185,Anthony,Morgan,anthony.morgan@yahoo.com,637-414-6690,1961-01-19,"17325 Anthony Mountain, New Steven, ID 99150",75000.0,suspended,2021-05-09
1187,Linda,King,linda.king@hotmail.com,839-727-8425,1972-08-08,"71928 Thomas Avenue Suite 443, Brownberg, GU 30068",167086.38,suspended,2023-11-12
1188,Katherine,Carter,katherine.carter@gmail.com,842-920-9457,1992-06-29,"60252 Rhonda Groves, East Stephanietown, OR 36099",209521.58,suspended,2026-06-22
1189,Kevin,Morrow,kevin.morrow@yahoo.com,876-960-8656,1963-11-29,"032 May Knoll Suite 132, Ortizmouth, PA 39836",77481.78,suspended,2024-04-17
1190,Jennifer,Johnson,jennifer.johnson@hotmail.com,987-644-1981,1960-11-25,"598 Rodriguez Camp Apt. 119, West Stephanieside, OR 12417",133943.85,inactive,2019-10-17
1192,Robert,Lewis,robert.lewis@yahoo.com,849-408-7757,1980-02-09,"Unit 0884 Box 4740, DPO AP 98700",77259.52,inactive,2025-12-17
1193,Jerry,Nicholson,jerry.nicholson@hotmail.com,462-903-4868,1950-09-26,"Unit 9190 Box 7499, DPO AE 11740",108102.24,active,2024-11-18
1194,Samuel,Williams,samuel.williams@yahoo.com,228-451-6087,1995-03-30,"9235 Joshua Grove, Nelsonton, NY 21173",121043.45,suspended,2024-07-12
1195,David,Andrews,david.andrews@hotmail.com,862-237-4309,1969-07-26,"2202 Whitney Flats Suite 205, Aaronborough, WV 29049",52000.0,active,2021-12-13
1196,Aaron,Smith,aaron.smith@hotmail.com,484-874-3883,2006-01-30,"6739 Cheryl Alley, North Johnnyfurt, AS 00848",161033.23,active,2023-10-14
1197,Andrew,Friedman,andrew.friedman@gmail.com,220-256-2375,1943-11-17,"27379 Singh River, South Alanmouth, ME 71715",87686.86,inactive,2021-03-26
1198,Vanessa,Tapia,vanessa.tapia@hotmail.com,431-277-7182,2002-12-28,"3000 Sutton Gateway Suite 113, Millerville, NC 11663",106110.7,active,2022-02-12
1199,Lucas,Bates,lucas.bates@hotmail.com,314-784-9196,1996-02-01,"8294 Teresa Field Suite 015, West Kathryn, KY 54617",225111.67,suspended,2024-01-14
1200,Robert,Griffin,robert.griffin@yahoo.com,993-737-5125,1949-02-07,"USNV Campbell, FPO AP 36327, tel 346-585-5102",128212.14,active,2020-03-04
1201,Michelle,Reynolds,michelle.reynolds@gmail.com,325-991-6134,1987-05-03,"82402 Haley Drive, Lake Jeffrey, NV 78680",91101.47,suspended,2019-12-16
1203,Wendy,Smith,wendy.smith@yahoo.com,413-320-7461,1995-10-02,"285 Ana Spur, Maysburgh, WY 83279",115563.54,inactive,2025-06-26
1204,Terri,Reed,terri.reed@gmail.com,400-878-9150,1955-10-23,"00792 Brian Meadow Suite 001, New John, FL 60568",173315.14,active,2026-01-20
1205,Christopher,Davis,christopher.davis@hotmail.com,715-945-2258,1980-04-20,"PSC 3296, Box 1512, APO AE 86335",231856.01,active,2020-07-24
1206,Rebecca,Potts,rebecca.potts@hotmail.com,932-576-6049,1976-02-17,"665 Stephanie Trail Suite 460, Dianaberg, NV 55415",22678.47,suspended,2021-05-09
1210,Natasha,Henson,natasha.henson@yahoo.com,364-649-6196,1982-01-05,"494 Mcdonald Common Apt. 903, Alexischester, CT 67381",213241.73,suspended,2024-04-28
1211,Kevin,Cunningham,kevin.cunningham@yahoo.com,480-282-9055,1972-03-30,"Unit 2354 Box 3404, DPO AP 55456",122582.26,inactive,2026-04-21
1212,Natasha,Molina,natasha.molina@hotmail.com,302-364-5275,1978-11-05,"15649 Martin Glens, North Tara, TN 91066",130406.26,inactive,2021-12-11
1213,Joshua,Campbell,joshua.campbell@gmail.com,946-760-6353,1970-12-08,"973 Amanda Mountain, North Mercedes, NE 31106",118624.11,active,2019-12-06
1214,Kristopher,Rogers,kristopher.rogers@hotmail.com,856-856-4010,1940-05-02,"188 Willis Manor, South Richardtown, MI 13390",157894.71,suspended,2026-02-05
1216,Craig,Blair,craig.blair@hotmail.com,455-728-3131,1998-10-02,"20319 Pierce Ramp, North Christopherview, AZ 02231",206025.22,suspended,2024-11-29
1217,Jason,Ellison,jason.ellison@yahoo.com,662-689-3187,1971-11-19,"71978 Williams Summit, Lake Katherineberg, WV 47002",75870.93,suspended,2023-02-06
1218,Gabriela,Jensen,gabriela.jensen@gmail.com,488-403-2382,1955-06-29,"94785 Morse Road Apt. 137, Jeffreyhaven, GA 93059",110018.21,active,2023-01-04
1219,David,Kennedy,david.kennedy@gmail.com,784-429-1339,1973-05-23,"072 George Centers Apt. 716, South Anthonyhaven, DE 81184",228480.25,suspended,2022-06-14
1220,Theodore,Davenport,theodore.davenport@gmail.com,841-434-2457,1950-08-22,"PSC 9964, Box 7718, APO AE 64092",234256.32,active,2019-10-27
1221,Matthew,Perez,matthew.perez@yahoo.com,989-906-8200,1985-03-17,"24808 Mueller Mountain, North Geoffreyview, TN 38926",151287.19,active,2024-10-15
1224,Adam,Pennington,adam.pennington@gmail.com,494-964-9096,1991-08-08,"842 Allison Squares, New Amandabury, OK 18451",102820.32,inactive,2023-09-12
1226,Jennifer,Gallagher,jennifer.gallagher@hotmail.com,497-468-4858,1995-08-08,"463 Elizabeth Ridges Suite 348, North Aarontown, GU 16031",155125.01,active,2026-05-12
1227,Nicole,Hill,nicole.hill@yahoo.com,900-862-8506,1975-07-14,"8961 Kennedy Plaza, Manuelville, DC 72067",37033.99,inactive,2020-02-23
1228,Kaylee,Bullock,kaylee.bullock@yahoo.com,909-607-4476,1996-09-29,"39597 Matthew Green, South Melissa, SC 06479",176360.58,suspended,2023-01-21
1229,Kathryn,Burnett,kathryn.burnett@yahoo.com,392-977-7211,1970-09-20,"24465 Henderson Mountain Suite 205, South Cristianmouth, IL 08515",141653.99,active,2019-12-26
1231,Pamela,Phillips,pamela.phillips@gmail.com,261-634-7536,1953-02-07,"726 Fernando Extensions Suite 468, Zavalamouth, HI 73246",47356.89,suspended,2022-05-30
1232,Zachary,Evans,zachary.evans@gmail.com,383-466-3783,2005-01-02,"2076 Douglas Cliff Apt. 538, Alvarezberg, MI 79634",129831.77,inactive,2020-03-04
1233,David,Barry,david.barry@yahoo.com,223-213-6658,1966-09-13,"060 Holmes Pike Suite 932, Lake Matthewstad, WI 31344",114110.38,inactive,2025-03-15
1234,Jordan,Reed,jordan.reed@gmail.com,245-330-9179,1998-03-19,"3961 Carlson Mission, Lynntown, MD 25647",211512.86,inactive,2023-03-03
1236,Megan,Woods,megan.woods@yahoo.com,606-606-5023,1962-04-25,"3202 Sherry Drive, Garcialand, MP 61421",181584.97,inactive,2023-03-04
1237,Maria,Curtis,maria.curtis@yahoo.com,769-873-8208,1940-03-07,"1620 Moore Plains, Danielview, MP 72916",29815.33,active,2024-12-26
1238,Richard,Tran,richard.tran@gmail.com,387-236-8704,2003-10-19,"9039 Jacob Falls, Cooleyshire, WY 72537",75769.72,suspended,2024-02-08
1239,Alexander,Shea,alexander.shea@yahoo.com,318-706-1668,1966-10-14,"7106 Miranda Mission Suite 031, Bradshawmouth, FM 05657",116017.37,active,2021-10-15
1240,Pamela,Jennings,pamela.jennings@gmail.com,340-984-5060,1958-05-18,"26724 Bennett Fork, Port Lindseyburgh, OK 37022",205776.11,active,2021-03-29
1241,Kimberly,Hamilton,kimberly.hamilton@gmail.com,295-408-5654,1997-08-08,"PSC 0839, Box 0654, APO AE 20984",58105.4,active,2022-10-06
1242,Nicole,Gilbert,nicole.gilbert@hotmail.com,479-776-4479,1941-06-01,"93932 Haynes Trace Suite 281, New David, MS 29626",147547.52,active,2020-12-23
1243,Michael,Williams,michael.williams@hotmail.com,384-626-2258,1961-07-03,"66765 Shawn Expressway, Michaelborough, OR 64628",72646.95,inactive,2020-04-13
1244,Joseph,Curry,joseph.curry@hotmail.com,536-226-5657,1947-12-20,"088 Turner Alley Suite 756, East Bradleytown, TN 94200",169251.34,suspended,2025-08-16
1246,John,Thompson,john.thompson@gmail.com,671-924-8861,2006-02-07,"25550 Christine Stream, West Justin, WY 94599",118800.32,inactive,2025-10-09
1247,Felicia,Johnson,felicia.johnson@yahoo.com,537-244-8423,1955-05-22,"393 James Estates Suite 362, Andersonside, AK 45959",90131.23,suspended,2026-08-14
1249,Douglas,Rasmussen,douglas.rasmussen@yahoo.com,906-672-1971,1979-09-14,"4954 Cameron Bridge Suite 294, New Jamesmouth, MA 82045",229321.84,inactive,2026-01-22
1252,Bryan,Vazquez,bryan.vazquez@yahoo.com,323-505-9042,1950-08-20,"43219 Kevin Shores Apt. 877, Littleview, NH 79860",195844.29,suspended,2024-12-14
1254,Timothy,Williams,timothy.williams@yahoo.com,656-597-8805,1990-10-06,"32998 Gomez Knolls, East Matthewside, TN 38490",77602.43,suspended,2021-03-11
1255,Susan,Hill,susan.hill@hotmail.com,974-632-7033,1970-09-27,"883 Teresa Islands Suite 726, North Jodi, KY 52654",154278.65,inactive,2025-09-02
1258,Ashley,Thompson,ashley.thompson@gmail.com,285-497-8671,1952-03-19,"2702 Ross Greens Suite 095, Leeland, NJ 37861",115092.93,inactive,2020-10-18
1259,Deborah,Smith,deborah.smith@gmail.com,209-227-9117,1981-09-29,"193 Nathan Flats, East Ethan, MP 61276",204821.43,suspended,2025-01-06
1262,Donna,Mathews,donna.mathews@hotmail.com,563-460-2339,1957-09-11,"1094 Marquez Mews, Derrickborough, VT 13495",188639.58,active,2023-11-04
1263,Paul,Hill,paul.hill@yahoo.com,383-386-7438,1998-06-22,"2776 Woods Manor, South Micheleborough, WY 33401",28047.44,inactive,2021-06-29
1264,Cassandra,White,cassandra.white@gmail.com,521-801-8454,1945-07-02,"75518 Smith Corners Suite 999, East Kevin, HI 05898",186132.65,inactive,2023-05-06
1265,Nicole,Mitchell,nicole.mitchell@gmail.com,549-391-4458,1952-09-23,"1723 Reed Tunnel Suite 386, Shanetown, GA 47547",59089.4,active,2023-09-17
1266,Morgan,Mejia,morgan.mejia@yahoo.com,630-402-5090,1954-07-03,"68904 Thompson Path Suite 410, New Matthewhaven, VI 44700",136631.47,active,2023-10-10
1267,Connie,Edwards,connie.edwards@hotmail.com,421-505-4530,1973-04-06,"USNS Davis, FPO AP 37008",120156.19,inactive,2025-05-17
1269,Kelly,Bryant,kelly.bryant@hotmail.com,970-615-6531,1976-05-01,"0661 Bridges Walks, Natalieview, MH 54777",47995.3,active,2022-04-03
1270,Melinda,Anderson,melinda.anderson@yahoo.com,912-392-1439,1998-08-27,"154 April Viaduct Apt. 027, Middletonburgh, OK 14918",64448.94,suspended,2026-07-03
1271,Alex,Holmes,alex.holmes@yahoo.com,646-841-9824,1995-09-03,"860 Cherry Lakes Suite 605, East Janicemouth, KY 56181",60383.01,inactive,2023-12-21
1274,Heather,Oneill,heather.oneill@hotmail.com,501-783-7418,1986-12-05,"55049 Don Crest Suite 048, Hubbardland, ND 53122",29304.72,active,2024-06-04
1276,Christopher,Carney,christopher.carney@hotmail.com,805-942-8993,1965-01-31,"USCGC Wilson, FPO AE 55378",69483.08,active,2020-12-04
1277,Jacqueline,Church,jacqueline.church@gmail.com,996-702-5803,1961-04-19,"1708 Short Inlet, Georgeshire, LA 21175",140822.76,inactive,2026-06-21
1279,Bryan,Morgan,bryan.morgan@hotmail.com,914-646-1340,1977-08-02,"4982 Hall Passage, Donnabury, AS 07618",53816.02,suspended,2021-08-27
1280,Heidi,Patton,heidi.patton@hotmail.com,552-648-4802,1991-06-14,"8167 Paul Lane, Elizabethville, MA 85068",130695.18,suspended,2021-06-02
1282,Nichole,Harris,nichole.harris@hotmail.com,626-889-6902,1943-10-31,"172 Hernandez Expressway, Pierceport, MP 39710",194705.93,active,2022-04-22
1283,Megan,Nguyen,megan.nguyen@gmail.com,912-754-9620,1952-11-27,"2889 Bean Ferry, Welchland, CA 55413",166086.53,active,2024-05-11
1286,Diane,Brooks,diane.brooks@yahoo.com,397-838-3803,1985-04-18,"37530 Andrea Grove, Sullivanton, IA 80460",201804.61,suspended,2022-09-05
1287,Nicholas,Juarez,nicholas.juarez@gmail.com,545-640-2867,2005-10-29,"65240 Kelly Square Suite 481, Clarkeview, TX 02633",155098.97,active,2025-12-20
1288,Tara,Russo,tara.russo@hotmail.com,679-543-1085,1958-04-11,"59773 Hill Station, Jenkinsborough, DC 30755",192244.65,active,2024-03-03
1291,Amy,Lewis,amy.lewis@hotmail.com,775-242-9311,1953-12-31,"877 Carr Landing Suite 041, West Alicia, AR 69085",41401.26,suspended,2025-07-16
1292,Stacey,Aguirre,stacey.aguirre@hotmail.com,570-360-5786,1998-02-07,"3983 Eric Crossroad, Smithtown, MH 09217",175212.27,suspended,2024-05-18
1293,Keith,Williams,keith.williams@hotmail.com,357-862-6959,1963-12-25,"91430 Simon Port Apt. 341, East Zacharyshire, NM 42627",92282.87,active,2025-07-27
1294,Edwin,Reid,edwin.reid@hotmail.com,649-625-1107,1997-08-30,"986 Wall Lights, Ernestberg, LA 01989",72460.17,inactive,2024-06-02
1296,Richard,Sexton,richard.sexton@hotmail.com,569-844-5021,1940-12-22,"USS Banks, FPO AA 53231",51657.69,suspended,2022-01-11
1297,Amanda,Suarez,amanda.suarez@gmail.com,341-639-7773,1970-11-11,"07966 Sharon Meadows Suite 724, West Johnport, NM 34268",221800.45,inactive,2024-02-15
1298,David,Martin,david.martin@gmail.com,230-653-3385,1962-05-22,"Unit 3795 Box 6100, DPO AA 64751",188973.71,suspended,2022-08-17
1300,Kenneth,White,kenneth.white@yahoo.com,602-977-1607,1969-10-02,"7489 Kimberly Park Suite 078, Clinebury, MD 09110",164559.11,suspended,2025-12-29
1301,Sandra,Dyer,sandra.dyer@hotmail.com,259-846-9516,1995-02-25,"1917 Tiffany Spurs Suite 173, Port Amanda, MI 10784",233930.77,inactive,2020-03-28
1302,Joseph,Reyes,joseph.reyes@yahoo.com,532-754-3316,1972-08-18,"580 Reed Streets, Lake Jillville, MD 59731",219849.25,active,2020-06-22
1304,Joshua,Smith,joshua.smith@gmail.com,867-652-6656,1959-11-08,"18039 Long Estates, East Willieside, OH 52843",215063.83,suspended,2019-10-01
1305,Gabrielle,Ramirez,gabrielle.ramirez@hotmail.com,582-763-6532,1972-05-28,"802 Morris Rest Suite 164, Fletcherborough, VI 27203",137310.24,inactive,2024-06-20
1308,Erin,Lozano,erin.lozano@yahoo.com,447-992-5979,1955-07-16,"8485 Matthew Union, Allenville, DE 78357",179285.05,suspended,2023-10-13
1310,Helen,Tyler,helen.tyler@hotmail.com,659-505-1085,1940-10-27,"317 Keith Summit, Port Christinamouth, VA 32466",118598.67,active,2025-04-14
1311,Barbara,Fisher,barbara.fisher@yahoo.com,779-931-9737,1941-10-15,"62359 Livingston Lakes Apt. 026, Lake Amandatown, DC 49518",205478.06,active,2020-02-28
1314,Andrew,Baker,andrew.baker@gmail.com,350-928-7974,1967-12-09,"9795 Meredith Ports Apt. 600, Williamsmouth, MI 65119",201913.15,active,2025-08-01
1315,Sarah,Stanley,sarah.stanley@yahoo.com,480-564-6183,2000-06-02,"54894 Frost Fork, North Angelaside, DE 94658",65682.14,active,2025-12-26
1316,Amy,Price,amy.price@hotmail.com,612-802-9502,1975-07-25,"4566 Michelle Ranch, Edwardfort, RI 65387",190899.09,inactive,2020-10-12
1319,David,Scott,david.scott@gmail.com,416-835-2873,1967-08-19,"7940 Schmitt Street Suite 315, Silvamouth, VA 60824",44208.91,active,2025-03-26
1320,David,Mahoney,david.mahoney@gmail.com,233-964-3569,1967-11-02,"4693 Rivera Crossing Apt. 359, Bakerside, NH 52403",227583.44,suspended,2021-05-17
1321,Amy,Smith,amy.smith@hotmail.com,630-224-4518,1998-01-15,"77184 Melissa Valley, New Jacobtown, PA 47671",100048.08,inactive,2019-12-08
1322,Ryan,Allen,ryan.allen@gmail.com,356-320-7086,2005-01-30,"973 Jason Wall, Robertston, HI 73989",85693.26,inactive,2020-10-26
1324,Andrew,Davis,andrew.davis@hotmail.com,512-490-4532,1970-11-09,"Unit 1693 Box 3284, DPO AA 18628, SSN 388-23-6240",58643.12,suspended,2026-02-19
1325,Jason,Phillips,jason.phillips@hotmail.com,325-760-6712,1964-11-04,"075 Atkins Isle, Hannahberg, MH 51488",32999.33,active,2026-08-29
1326,Brian,Howe,brian.howe@yahoo.com,786-517-8411,1971-03-26,"83100 Kramer Gardens, Lake Eric, WI 99901",217863.78,inactive,2021-04-15
1327,Ryan,Garrett,ryan.garrett@gmail.com,335-980-3269,1966-01-22,"PSC 7777, Box 3316, APO AP 66853",130057.58,inactive,2019-11-22
1328,Holly,Johnson,holly.johnson@yahoo.com,731-369-4853,1940-05-12,"707 Jared Lake Apt. 360, Christinaburgh, RI 66485",210328.71,inactive,2021-08-21
1329,Laura,Taylor,laura.taylor@yahoo.com,619-596-4814,2000-09-06,"740 Rachael Groves, Lake Deborahchester, NJ 99933",217854.26,inactive,2019-09-09
1330,Michael,Jackson,michael.jackson@yahoo.com,886-653-5544,1960-02-28,"062 Megan Gardens Suite 385, Wareview, MT 96043",161393.47,active,2026-03-03
1331,Chad,Berry,chad.berry@yahoo.com,707-755-4378,1945-04-01,"931 Tina Square Suite 984, West Carolhaven, NE 05007",142551.85,active,2026-05-28
1332,Bridget,Oliver,bridget.oliver@yahoo.com,287-397-9877,1950-12-05,"9326 Phillips Crossroad, Lake Jeffrey, OR 34220",146061.94,active,2020-05-29
1333,Patricia,Garcia,patricia.garcia@gmail.com,393-968-8796,1957-07-15,"159 Hart Junction, West Allen, UT 10099",129585.81,active,2020-10-30
1336,Heidi,Archer,heidi.archer@gmail.com,703-223-6569,1955-11-12,"564 Adkins Ports Suite 605, Parksview, OK 51202",115017.87,inactive,2026-03-06
1337,James,Gregory,james.gregory@gmail.com,524-591-5213,2006-07-15,"Unit 9723 Box 6108, DPO AE 75727",38207.57,active,2020-10-05
1338,Nicole,Butler,nicole.butler@yahoo.com,492-347-3992,1960-02-02,"65557 Tapia Isle, Wadehaven, MO 42768",74733.1,active,2024-10-18
1340,Melissa,Carter,melissa.carter@gmail.com,930-259-5882,1992-05-31,"5451 Gregory Glens Suite 418, Fitzpatricktown, FL 26940",104566.62,inactive,2026-05-18
1341,James,Russell,james.russell@hotmail.com,531-464-7152,1995-11-30,"Unit 0835 Box 7017, DPO AE 32633",227030.21,active,2022-01-20
1342,Ricky,Williams,ricky.williams@hotmail.com,445-970-4874,2004-01-16,"38602 Laura Isle Apt. 898, North Tonya, WI 36936",127441.44,suspended,2024-05-30
1343,Julie,Lewis,julie.lewis@hotmail.com,475-262-6215,1974-02-24,"197 Parrish View Suite 245, New Joseph, IL 48024",121190.82,inactive,2025-05-23
1345,Erica,Beasley,erica.beasley@hotmail.com,446-744-1278,1984-07-19,"60294 Thomas Well, Port Jesusland, MI 70027",72682.17,suspended,2020-06-20
1347,Samuel,Cox,samuel.cox@yahoo.com,345-582-9854,1963-10-19,"USS Douglas, FPO AE 67804",236738.53,active,2024-05-26
1349,Robert,Sanchez,robert.sanchez@gmail.com,868-371-1008,1953-01-02,"58694 Stephen Villages Suite 483, Port Tinaborough, UT 00827",31358.86,inactive,2023-06-10
1351,Robert,Dunn,robert.dunn@gmail.com,722-488-1745,1989-08-10,"USNS Young, FPO AA 95519",53834.42,suspended,2020-02-14
1352,Drew,Valdez,drew.valdez@gmail.com,461-649-6965,1958-03-06,"23790 Jeanette Underpass, Stewartview, VI 94147",173051.31,active,2025-11-24
1353,Amber,Little,amber.little@gmail.com,486-642-4454,1943-08-24,"7954 Courtney Mills Suite 755, New Alicia, GU 71888",153518.86,inactive,2020-06-10
1354,Amber,Jennings,amber.jennings@yahoo.com,518-623-7899,1947-07-02,"159 Luke Rapids Apt. 894, Williamfurt, GA 53583",78608.92,suspended,2022-11-03
1355,Margaret,Clark,margaret.clark@yahoo.com,415-670-6381,1979-11-03,"3802 Gina Locks Apt. 239, Maldonadoburgh, DE 83285",21524.16,suspended,2022-11-07
1357,Adrian,Morales,adrian.morales@hotmail.com,472-300-7437,1993-02-15,"07923 Maxwell Radial, South Angela, MH 30774",187267.28,suspended,2022-01-18
1358,Jeffrey,Whitehead,jeffrey.whitehead@hotmail.com,702-985-2447,2001-05-31,"497 John Island Apt. 675, Dixonchester, VI 68470",167238.59,inactive,2025-10-24
1359,Krista,Grimes,krista.grimes@gmail.com,566-596-3903,1974-12-05,"77312 Craig Isle Suite 057, West Davidland, NC 63211",204290.37,suspended,2019-12-10
1361,Curtis,Hernandez,curtis.hernandez@gmail.com,976-487-6862,1942-01-09,"Unit 5036 Box 8715, DPO AP 98811",60515.59,suspended,2026-06-17
1362,Phillip,Michael,phillip.michael@hotmail.com,935-426-4838,1952-08-08,"779 Medina Well, East Danielle, ME 82756",235586.44,inactive,2023-04-14
1364,Katherine,Hunter,katherine.hunter@gmail.com,484-782-9197,1973-02-28,"757 Carolyn Squares Apt. 731, Nixonborough, VT 05448",127670.51,suspended,2025-06-09
1365,Derrick,Gallegos,derrick.gallegos@yahoo.com,888-898-3875,1991-04-24,"233 Kevin Lane Suite 185, Amandashire, NE 51496",32510.06,active,2020-05-03
1366,Andrew,Owens,andrew.owens@gmail.com,330-465-4734,1941-10-08,"4621 Paul Ports Suite 841, Adamsville, NE 08842",213582.69,suspended,2025-12-14
1367,Scott,Rogers,scott.rogers@gmail.com,894-223-9731,1984-01-31,"PSC 1816, Box 9814, APO AE 30375",154409.35,suspended,2024-07-13
1368,Kristin,Evans,kristin.evans@yahoo.com,202-637-1849,1958-06-12,"094 Heather Valleys Suite 402, New Richard, TN 83983",207556.88,inactive,2021-08-04
1369,Wendy,Maddox,wendy.maddox@gmail.com,480-324-9491,1969-11-21,"509 Mann Ferry Apt. 836, Chavezville, PA 98314",121582.25,inactive,2022-02-13
1370,Nicholas,Perry,nicholas.perry@yahoo.com,938-429-1769,1962-04-16,"USS Taylor, FPO AA 98360",79701.13,inactive,2026-03-12
1371,Phillip,Allen,phillip.allen@gmail.com,523-205-7420,1960-12-05,"22349 Charles Fords, Stantonside, IN 55679",61203.01,active,2021-08-25
1372,Tracy,Williamson,tracy.williamson@gmail.com,955-431-7943,1957-05-24,"152 Hill Lodge Apt. 440, East John, PR 46436",230626.2,active,2026-05-26
1373,Bryan,Torres,bryan.torres@yahoo.com,537-518-2029,1991-01-12,"PSC 6426, Box 0186, APO AE 64675",156970.82,active,2024-11-02
1374,Karen,Gray,karen.gray@gmail.com,642-224-6477,2006-03-12,"695 Aguilar Estate Apt. 776, Lisaport, PA 06396",204592.68,active,2021-04-20
1376,Reginald,Taylor,reginald.taylor@hotmail.com,994-814-8184,1987-06-16,"PSC 3904, Box 7331, APO AA 47843",187629.88,suspended,2025-11-12
1377,Joshua,Simon,joshua.simon@hotmail.com,668-540-6655,1968-08-22,"9325 Danny Square Suite 887, Jasonberg, VI 90705",221510.59,inactive,2020-03-10
1378,Alan,Smith,alan.smith@yahoo.com,330-263-8240,1980-08-03,"6618 Brett Pines Suite 800, Lake Heatherfort, IA 11743",30163.12,suspended,2025-12-14
1379,Larry,Aguilar,larry.aguilar@yahoo.com,267-304-1914,1952-07-08,"3678 Jackson Cove, South Laurenland, OH 60283",142155.29,inactive,2021-11-03
1381,Nathan,Baker,nathan.baker@hotmail.com,210-664-7290,1949-07-05,"0023 Jackson Parkway, Sawyermouth, PW 91645",121054.42,inactive,2019-09-08
1382,Andrew,Nguyen,andrew.nguyen@gmail.com,303-547-1425,1953-01-19,"42066 Johnson Island, West Luisshire, OK 19069",118805.04,inactive,2019-09-27
1383,Andrew,Bird,andrew.bird@yahoo.com,310-305-1201,1955-12-17,"82222 Johnson Island, Port Tiffany, DC 24643",150128.87,active,2024-07-10
1384,Elizabeth,Williams,elizabeth.williams@yahoo.com,788-652-8877,1955-07-04,"90113 Ferguson Fords, New Craig, IN 84615",74895.51,inactive,2024-07-05
1386,Jessica,King,jessica.king@yahoo.com,519-798-8140,2003-04-08,"34286 Barton Hills Suite 602, Brandychester, NE 25840",131913.91,suspended,2025-04-02
1388,Lisa,Hart,lisa.hart@gmail.com,817-551-5768,1966-07-28,"53809 Butler Cove Suite 753, South Melinda, UT 49111",99880.26,active,2023-03-22
1389,Erik,Humphrey,erik.humphrey@yahoo.com,873-894-3369,1962-04-02,"PSC 6653, Box 5389, APO AP 90862",30724.52,suspended,2020-02-08
1390,Holly,Russell,holly.russell@hotmail.com,632-552-4201,1958-07-03,"324 Natalie Station Suite 792, Dakotafort, CO 21033",234785.39,suspended,2026-01-26
1391,Danielle,Boyer,danielle.boyer@hotmail.com,549-393-8794,1990-08-22,"USNS Mcgee, FPO AP 29940",172241.51,inactive,2025-11-30
1392,Mario,Lewis,mario.lewis@hotmail.com,792-779-6499,1954-11-20,"639 Robert Courts Suite 824, Lawrencebury, RI 80247",154774.9,inactive,2022-12-20
1393,Karen,Blake,karen.blake@hotmail.com,307-665-1691,1979-03-19,"3811 Prince Passage, Lake Steven, AK 32593",128096.61,active,2024-11-11
1394,Andrew,Drake,andrew.drake@yahoo.com,909-435-8643,1951-05-22,"2014 Olsen Plaza, New Paulafurt, VA 36558",156510.24,active,2024-03-07
1395,Audrey,Wilson,audrey.wilson@gmail.com,957-584-4363,1965-07-25,"Unit 6394 Box 7625, DPO AP 36935",106869.39,active,2022-12-19
1396,Mary,Goodman,mary.goodman@hotmail.com,275-566-1491,1976-02-23,"6339 Steve Summit Suite 036, Williamland, TN 14897",141141.54,active,2026-07-28
1397,Hunter,Gutierrez,hunter.gutierrez@yahoo.com,399-846-6896,1982-08-17,"96706 Jeffery Forges Apt. 016, East Michaelshire, AK 15389",27746.87,active,2021-09-29
1399,Amanda,Garcia,amanda.garcia@gmail.com,767-451-3925,1993-01-22,"01679 Benjamin Glen Apt. 160, Bethshire, TN 86706",61509.24,active,2022-11-15
1400,Christopher,Johnson,christopher.johnson@yahoo.com,221-893-3248,1985-03-17,"28866 Richard Plains, Lake Tammieton, IA 38771",102120.85,active,2025-07-19
1401,Drew,Blevins,drew.blevins@gmail.com,512-667-4934,1978-05-03,"8420 Luis Club Suite 079, South Maryshire, CT 27424",100060.23,inactive,2024-04-28
1402,Samantha,Reyes,samantha.reyes@gmail.com,725-509-1079,1949-05-27,"17132 Brandi Inlet Apt. 247, East Tarahaven, OH 86379",213002.1,active,2024-10-05
1403,Christopher,Davis,christopher.davis@gmail.com,333-394-4140,1998-01-24,"452 Peck Club Apt. 678, Travisport, VI 56691",136227.15,suspended,2025-01-23
1404,Jacob,Jones,jacob.jones@hotmail.com,813-639-5006,1975-02-13,"74916 Kimberly Heights, East Darlene, DE 46160",222465.02,suspended,2023-02-12
1405,Justin,Williams,justin.williams@hotmail.com,305-313-5413,1956-01-02,"50696 Paul Lodge Suite 552, Gregoryfort, WA 41380",90745.09,active,2024-07-24
1407,Veronica,Haynes,veronica.haynes@yahoo.com,266-371-9333,1966-06-21,"635 Osborne Hill Apt. 271, Moorefurt, DC 86144",104161.72,suspended,2019-10-15
1409,Jorge,Cobb,jorge.cobb@hotmail.com,281-578-8199,1944-10-10,"06689 Emily Unions, South Derekberg, AL 62329",176874.27,inactive,2022-06-28
1411,Alicia,Howard,alicia.howard@hotmail.com,605-423-6013,1968-02-20,"04108 Chavez Unions Apt. 351, East Michaeltown, GU 41712",112355.07,inactive,2024-01-20
1412,James,Coffey,james.coffey@yahoo.com,583-460-2388,1957-06-08,"PSC 2892, Box 0641, APO AP 92278",47821.33,active,2024-12-02
1415,Keith,Stephenson,keith.stephenson@gmail.com,524-479-7264,1975-09-22,"88930 Walker Key, Zavalaside, SD 93610",23487.44,inactive,2021-02-07
1417,Angela,Rosario,angela.rosario@yahoo.com,759-859-2280,1963-09-06,"084 Barbara Street Apt. 696, Lake Kennethberg, NC 80158",192463.87,active,2020-12-06
1418,Laurie,Patterson,laurie.patterson@yahoo.com,273-568-1627,1999-11-13,"5673 Shaun Groves, Scottton, CO 52808",139217.79,inactive,2025-05-09
1419,Lucas,Wallace,lucas.wallace@gmail.com,456-509-5496,1991-01-20,"PSC 6814, Box 9802, APO AA 29330",60322.62,active,2022-12-28
1420,Cynthia,Hunt,cynthia.hunt@gmail.com,274-624-9831,1996-04-29,"929 Phillips Hollow Suite 725, New Julianburgh, IA 98011",80569.65,inactive,2020-08-04
1421,Donald,King,donald.king@gmail.com,793-975-1194,1972-06-19,"41724 Jennifer Junctions, Port Raymond, CT 43443",52000.0,suspended,2022-02-18
1424,Cory,Phillips,cory.phillips@gmail.com,321-304-6028,1978-02-18,"41678 Rebecca Knolls, New Gregory, MO 50629",188969.1,suspended,2025-09-20
1426,Cody,Richards,cody.richards@gmail.com,955-209-9188,1997-03-07,"59379 Miller Circle, North Debbieburgh, VT 76754",197909.11,inactive,2023-04-04
1428,Jessica,Madden,jessica.madden@gmail.com,533-801-1380,1960-06-18,"7781 Rivera Highway, Grossbury, NV 02185",144002.19,active,2023-04-28
1429,Kimberly,Wilson,kimberly.wilson@yahoo.com,231-403-7144,1996-03-18,"USNV Gonzalez, FPO AP 92159",235598.21,active,2024-12-16
1431,Manuel,Kelley,manuel.kelley@yahoo.com,854-511-2527,1957-08-08,"23116 Garrett Springs, Johnsonfort, SC 56544",56056.05,suspended,2021-08-14
1432,James,Sanchez,james.sanchez@gmail.com,232-905-9005,1959-02-03,"85921 Nicholas Roads Suite 856, South Christopher, LA 20453",23958.15,active,2024-09-09
1433,Catherine,Lee,catherine.lee@gmail.com,490-410-4818,2002-06-17,"5398 Morgan Squares, East Douglaschester, MI 79070",82625.43,suspended,2022-05-10
1434,Donna,Shaw,donna.shaw@yahoo.com,258-577-9495,2002-06-01,"78417 Laurie Parks, Petersonland, FM 45173",20452.45,inactive,2021-08-01
1435,Paula,Calhoun,paula.calhoun@gmail.com,360-313-3115,1971-11-01,"0652 Long Ferry, Wallacebury, VI 48840",137092.57,inactive,2022-04-19
1436,Bryce,Thomas,bryce.thomas@gmail.com,598-411-3128,1942-01-09,"Unit 5533 Box 7565, DPO AA 80926",211239.69,inactive,2025-11-29
1437,Taylor,Jenkins,taylor.jenkins@hotmail.com,362-818-6084,1969-12-02,"622 Olsen Ports Suite 510, Richardberg, MD 01262",52000.0,suspended,2021-05-11
1438,Susan,Lane,susan.lane@hotmail.com,482-406-1121,1944-05-22,"512 Michelle Trafficway Apt. 767, New Shirley, WA 42388",238020.9,inactive,2021-07-15
1439,Jacqueline,Austin,jacqueline.austin@hotmail.com,291-728-3726,2002-12-15,"421 Barbara Hollow Suite 502, Port James, MH 65175",91013.9,suspended,2022-03-16
1440,Steven,Riggs,steven.riggs@hotmail.com,673-789-1640,1964-08-25,"USS Mitchell, FPO AA 65086",181678.54,inactive,2021-07-10
1441,Jennifer,Ford,jennifer.ford@gmail.com,555-917-5873,1950-09-18,"070 Jerry Ridge Apt. 147, Port John, NV 85056",104822.06,active,2021-07-25
1443,Richard,Robinson,richard.robinson@gmail.com,297-602-1715,1992-03-27,"01122 Lorraine Ville Apt. 848, Davidview, WI 71691",71212.35,active,2020-04-21
1444,James,Haney,james.haney@gmail.com,549-547-5417,1984-02-18,"960 Sheena Spurs Suite 713, Smithmouth, SC 89260",172965.77,suspended,2020-08-26
1445,Jon,Lowery,jon.lowery@yahoo.com,621-980-2986,1989-03-15,"85649 Daniel Field, West Christy, WV 12766",238960.24,active,2021-02-23
1446,Rebecca,Arias,rebecca.arias@yahoo.com,716-984-6341,1940-12-04,"15461 Cooper Pines, New Natalieborough, NC 96674",109041.33,active,2025-07-03
1448,Cynthia,Garcia,cynthia.garcia@hotmail.com,590-551-7542,1946-05-23,"7558 James Road Apt. 168, Patrickmouth, DE 64340",207981.64,inactive,2021-07-03
1449,Mary,Hayes,mary.hayes@yahoo.com,456-317-3236,2005-04-22,"71698 Timothy Cove, Davisstad, NC 51522",90618.5,suspended,2026-07-25
1450,Roger,Lindsey,roger.lindsey@yahoo.com,607-712-5043,1967-01-17,"7598 Elizabeth Estate Suite 170, Michellemouth, ND 27682",139751.14,active,2021-03-31
1452,Douglas,Mcdonald,douglas.mcdonald@hotmail.com,302-381-5819,2007-01-28,"58466 Jacobs Fords, Port Nancyborough, AL 20374",45561.61,suspended,2019-11-16
1453,Kristina,Peterson,kristina.peterson@gmail.com,718-971-5185,1973-08-18,"PSC 7276, Box 6983, APO AA 42005",168379.06,active,2024-10-17
1455,Amanda,Elliott,amanda.elliott@yahoo.com,913-248-9566,1989-04-20,"738 Stephanie Underpass, Harrisonville, DE 66202",160304.71,suspended,2021-09-22
1456,Kelly,Flores,kelly.flores@hotmail.com,599-906-6051,1949-06-24,"09007 Dwayne Causeway Apt. 423, Emilyfort, IL 89342",116565.04,suspended,2025-07-12
1458,Jennifer,Gray,jennifer.gray@gmail.com,293-216-7908,1987-04-18,"09522 Landry Spring Suite 537, Lake Ian, MP 12067",24203.61,active,2024-06-09
1460,Matthew,Kramer,matthew.kramer@hotmail.com,941-371-1721,1949-02-11,"10162 Smith Parkways Apt. 265, Lake Jose, NH 44575",110280.96,active,2024-10-19
1461,Carla,Boyer,carla.boyer@gmail.com,479-847-6157,1979-05-07,"835 Kline Rapid Apt. 149, Kennedyland, GU 33550",156677.48,suspended,2023-01-24
1462,Patrick,Waller,patrick.waller@hotmail.com,323-437-4502,1973-04-02,"643 Andrew Fords Apt. 726, Diazhaven, FL 41182",41506.54,inactive,2021-11-19
1463,Philip,Cook,philip.cook@hotmail.com,546-780-6802,1993-02-12,"PSC 7240, Box 0020, APO AP 51766",20659.87,active,2026-07-07
1464,Elizabeth,Miller,elizabeth.miller@hotmail.com,267-873-5562,1967-07-15,"1908 Ramirez View, South Natalie, MO 85920",162287.79,inactive,2024-03-19
1466,Lori,Chapman,lori.chapman@gmail.com,782-375-5127,1999-07-24,"048 Glenn Row, West Holly, KY 08951",230905.7,suspended,2020-09-01
1467,Matthew,Gilmore,matthew.gilmore@hotmail.com,620-634-1469,1979-08-06,"304 Cynthia Mall, Davischester, MO 22834",91714.33,suspended,2022-04-29
1468,Amanda,Day,amanda.day@hotmail.com,882-693-2106,1940-05-11,"26815 Chan Square, Kaylatown, VI 46046",92393.36,suspended,2023-02-12
1469,Rhonda,Robinson,rhonda.robinson@gmail.com,591-723-4808,1956-03-17,"833 Michelle Meadows Suite 397, Tiffanyville, OH 77116",129759.25,suspended,2021-08-25
1470,Vanessa,Burgess,vanessa.burgess@gmail.com,221-831-3032,2007-07-03,"6501 Burnett Meadow, Vaughnville, NY 65413",86564.4,suspended,2024-01-28
1474,Angel,Roberson,angel.roberson@hotmail.com,733-624-5726,1950-12-15,"0141 Rodriguez Tunnel, Riveraside, OR 25204",184622.3,active,2026-03-28
1475,Ashley,Ashley,ashley.ashley@gmail.com,436-207-2412,1942-12-12,"5188 Miller Crescent Suite 860, Port Deniseton, AL 94663",137727.21,active,2022-12-20
1476,Carrie,Green,carrie.green@hotmail.com,815-623-3255,1986-06-01,"787 Fowler Causeway, Lake Allen, FL 77787",89403.41,inactive,2024-03-09
1477,James,Martinez,james.martinez@hotmail.com,266-703-2146,1952-03-12,"018 Houston Camp Suite 429, South Dorothystad, FL 24245",229712.78,active,2026-08-13
1479,Kristen,Conway,kristen.conway@hotmail.com,719-280-7983,1990-05-12,"9753 Landry Street, Virginiamouth, NM 90990",178947.58,inactive,2024-01-13
1480,Christopher,May,christopher.may@yahoo.com,450-634-3890,1993-12-19,"7406 Mccormick Lake Suite 453, Markland, KY 50415",152498.97,inactive,2024-06-19
1481,Diana,Kemp,diana.kemp@hotmail.com,659-850-4299,1983-02-04,"8348 Kristin Points Apt. 586, Port Robert, NM 28790",78353.09,inactive,2020-03-20
1483,Ann,Sandoval,ann.sandoval@hotmail.com,952-643-3553,1963-05-13,"695 Michael Track, Luiston, MN 94968",199952.05,inactive,2019-11-06
1484,Anthony,Thompson,anthony.thompson@yahoo.com,708-994-3454,2006-12-01,"007 Juan Trace, New Brandon, NH 59068",150130.71,active,2022-05-28
1485,Jeremy,Rodgers,jeremy.rodgers@gmail.com,463-589-8596,1959-02-05,"5038 Bryan Dam Suite 851, Benjaminberg, UT 91884",85898.1,inactive,2024-09-17
1486,Cynthia,Evans,cynthia.evans@yahoo.com,820-692-2178,1975-01-15,"143 Perez Circles, South Candace, WI 90125",91977.98,suspended,2020-05-18
1487,Gloria,Cohen,gloria.cohen@gmail.com,735-585-8726,1966-08-06,"11123 Johnston Harbor Apt. 652, Montoyaberg, OH 57403",20849.21,suspended,2024-06-27
1488,Mary,James,mary.james@gmail.com,703-614-7812,1943-03-04,"08573 Angela Springs Suite 545, West Crystalchester, AZ 79619",226743.27,active,2022-06-27
1489,Madison,Garrett,madison.garrett@hotmail.com,701-515-2167,1975-03-21,"74555 Haley Square, Port Robertfort, HI 71780",108750.84,active,2022-05-17
1490,Megan,Perry,megan.perry@gmail.com,779-366-4182,1997-07-12,"1215 Brooks Manors Apt. 641, Port Roger, NY 34257",187375.09,inactive,2022-05-14
1492,Matthew,Jones,matthew.jones@hotmail.com,866-594-7947,1946-03-19,"5059 Samantha Crossroad, Alexanderville, HI 28722",181317.45,active,2026-01-13
1493,Juan,Perez,juan.perez@hotmail.com,570-846-1462,1965-11-01,"PSC 8048, Box 5142, APO AE 19539",172838.66,suspended,2026-04-18
1494,Mike,Cabrera,mike.cabrera@yahoo.com,819-666-3414,1995-06-06,"282 Daniel Glens, South Michael, MN 58377",74451.94,suspended,2023-10-02
1496,Gina,Foley,gina.foley@hotmail.com,282-730-4093,1973-01-07,"Unit 7711 Box 5062, DPO AP 77118",212473.37,active,2020-02-10
1497,Danny,Nunez,danny.nunez@yahoo.com,908-509-9202,1970-05-26,"1732 Meagan Divide Apt. 087, Port Christine, GA 13339",232825.72,suspended,2023-11-06
1498,Brittney,Sanchez,brittney.sanchez@hotmail.com,944-984-8291,1974-05-09,"PSC 5737, Box 6710, APO AA 18445",185046.62,suspended,2020-02-10
1499,Annette,Fleming,annette.fleming@yahoo.com,851-786-6642,2000-09-20,"9915 Brian Harbor Suite 002, East Kimberlyfurt, WA 68755",198758.62,inactive,2025-06-16
1500,John,Snyder,john.snyder@hotmail.com,412-599-9689,1941-07-10,"450 Brooke Parkway, Chavezfurt, AR 31662",19425.31,active,2024-05-01
1502,Cole,Jones,cole.jones@gmail.com,374-380-7138,1982-10-29,"2105 John Harbors, Brownside, ME 21430, tel 326-964-5865",59380.81,active,2021-11-06
1503,Eduardo,Garcia,eduardo.garcia@hotmail.com,386-714-2806,1990-12-06,"3208 Gina Club, Millschester, IN 54939",118046.69,active,2021-03-24
1505,Brandon,Johnson,brandon.johnson@gmail.com,651-841-2789,1985-06-05,"70716 Joseph Lakes, Port Destinyside, MP 80016",210776.36,active,2022-02-05
1506,Malik,White,malik.white@yahoo.com,287-586-3042,2001-07-14,"19194 Cox Lakes Suite 972, Cooperfurt, GU 15559",79441.21,inactive,2023-05-25
1507,Carol,Chavez,carol.chavez@yahoo.com,747-576-1906,2006-01-12,"1886 Meghan Garden Suite 612, Hubbardfurt, WI 58253",167362.62,active,2020-02-12
1508,Amy,Case,amy.case@yahoo.com,532-895-8388,2007-11-04,"1388 Burgess View, East Jessicaborough, TX 86389",165701.55,active,2025-12-30
1509,Sara,Juarez,sara.juarez@yahoo.com,734-207-7154,2000-01-03,"4662 Coleman Stream, North Kenneth, TX 14977",151862.64,inactive,2024-04-25
1510,Charles,Bryant,charles.bryant@gmail.com,975-545-8036,1965-02-06,"152 Dixon Creek, Mooneychester, IL 54982",92714.14,suspended,2021-05-17
1514,Andrew,Herrera,andrew.herrera@yahoo.com,577-662-8785,1945-12-17,"075 Fox Stream Suite 974, Weberton, MD 21633",132310.91,suspended,2023-11-23
1515,Sarah,Taylor,sarah.taylor@yahoo.com,853-529-1272,1991-11-01,"656 Black Court Apt. 061, Lewismouth, MT 32384",158698.56,active,2026-08-25
1516,Cody,Russell,cody.russell@gmail.com,894-654-4826,1942-09-06,"5726 Robert Inlet Suite 378, North Audreyborough, NC 90906",152701.39,inactive,2023-01-12
1517,Jennifer,Wong,jennifer.wong@hotmail.com,283-556-8010,1942-05-18,"013 Victor Meadow, Baileyburgh, DE 51490",226476.82,inactive,2019-10-24
1518,Jeffrey,Terrell,jeffrey.terrell@gmail.com,951-594-5814,1949-08-19,"17985 Lane Throughway, West Hannahton, IA 62920",152792.59,suspended,2025-07-22
1519,Emily,Guzman,emily.guzman@hotmail.com,785-933-9267,1995-11-07,"356 Erin Radial Apt. 274, New Crystal, FL 42726",25047.56,inactive,2020-11-06
1520,Kimberly,Mcclain,kimberly.mcclain@gmail.com,889-761-8648,2000-11-18,"92581 Collier Ways Suite 212, South Lisa, DE 91755",55307.73,inactive,2023-04-21
1521,Amber,Hall,amber.hall@hotmail.com,878-753-4946,1998-04-26,"38453 Lee Forge Apt. 930, Harperhaven, TN 97085",72025.03,active,2021-04-11
1522,Matthew,Rubio,matthew.rubio@gmail.com,308-645-1478,1941-02-12,"459 Taylor Harbors Apt. 899, Lake Daniel, NJ 83869",53572.23,inactive,2025-09-05
1523,Kimberly,Lopez,kimberly.lopez@hotmail.com,425-936-5220,1974-04-16,"USS Barnes, FPO AP 08938",165837.06,suspended,2023-07-16
1525,Melissa,Nelson,melissa.nelson@hotmail.com,789-984-2059,1978-11-02,"63236 Parker Bridge, New Coryport, LA 35687",160965.01,inactive,2024-03-04
1526,Gary,Hodges,gary.hodges@hotmail.com,869-857-8159,1944-04-30,"02435 Heidi Inlet Suite 651, Lake Jillchester, TN 09037",197475.34,active,2022-05-27
1527,Tina,Butler,tina.butler@yahoo.com,497-289-2824,1985-06-14,"47539 Phyllis Mountain Apt. 542, Maryland, TX 83526",37788.95,suspended,2025-05-21
1529,Austin,Frye,austin.frye@gmail.com,954-201-6092,1974-08-02,"9692 Ashley Fort Apt. 861, Christopherland, SC 71511",31738.46,suspended,2020-03-18
1530,Kimberly,Lee,kimberly.lee@hotmail.com,633-527-6980,1991-08-30,"2424 Nicholas Spring, New Julie, KY 54255",195049.03,active,2022-05-01
1532,Lisa,Thompson,lisa.thompson@gmail.com,348-503-4586,1967-05-16,"9285 Smith Grove, West Lori, AK 76210",128962.85,inactive,2023-02-20
1533,Michelle,Martin,michelle.martin@hotmail.com,999-933-2393,1995-06-21,"470 Ashley Valley Suite 453, Carolynfort, MO 43510",150951.43,inactive,2019-12-09
1534,Bradley,Ellis,bradley.ellis@hotmail.com,480-923-8836,1963-08-17,"99542 Lewis Harbor, Jodifurt, TN 49953",158099.11,active,2025-04-19
1535,Zachary,Hamilton,zachary.hamilton@yahoo.com,921-585-1963,1964-04-14,"0617 Monica Way Suite 901, Christineland, CO 03950",235813.7,inactive,2023-06-01
1537,Eileen,Green,eileen.green@hotmail.com,899-569-1543,1964-12-16,"3596 Smith Harbors, Katherinetown, SD 44426",238016.03,suspended,2022-04-16
1541,Melissa,Thomas,melissa.thomas@hotmail.com,668-870-3681,2003-11-03,"93048 Hernandez Ways Suite 758, Blaketon, MH 28843",146128.94,inactive,2023-04-10
1542,Paul,Perry,paul.perry@gmail.com,498-348-4436,1946-04-04,"USCGC Lewis, FPO AA 89630",66426.3,suspended,2021-04-09
1543,Juan,Fuller,juan.fuller@yahoo.com,909-465-1315,1991-02-21,"331 Emily Drive Apt. 357, Daviston, NV 29315",168586.55,active,2026-07-31
1544,Mary,Blackwell,mary.blackwell@yahoo.com,895-372-1922,1974-11-30,"7626 Paul Lock Suite 850, Cervantesview, WY 65485",39322.6,inactive,2021-11-22
1545,Tammy,Trevino,tammy.trevino@hotmail.com,320-727-6545,1992-07-30,"348 Taylor Knoll Apt. 774, Port Kristenfort, MS 61545",149733.11,active,2026-02-04
1547,Thomas,Clark,thomas.clark@gmail.com,376-868-7150,1981-07-16,"09406 Ross Stream, East Julie, VA 35024",190238.66,suspended,2019-12-31
1548,Matthew,Fox,matthew.fox@yahoo.com,996-674-7260,1949-08-13,"3523 Shelly Meadows Apt. 004, Johnsonshire, WA 10813",79097.96,suspended,2025-09-04
1549,Chad,Fitzgerald,chad.fitzgerald@yahoo.com,211-322-2910,1968-10-05,"1199 Bass Common Apt. 815, Lake Suzanne, WY 36766",36345.41,active,2022-07-25
1550,Richard,Jones,richard.jones@hotmail.com,430-223-8856,1951-02-25,"1868 Caldwell Harbors Suite 966, Kelleyberg, VT 80993",78766.91,suspended,2020-12-19
1552,Leslie,Massey,leslie.massey@hotmail.com,785-328-2629,1969-10-15,"21405 Javier Corners Suite 604, Parkerbury, IL 72821",90200.83,suspended,2023-05-03
1553,Brittany,Davis,brittany.davis@yahoo.com,615-917-1323,1960-06-21,"47442 Jacob Rest Suite 410, Lake Jeremy, NY 63527",105422.83,suspended,2024-08-10
1555,Rachel,Waller,rachel.waller@yahoo.com,481-740-5126,1997-07-24,"3988 Little Square, South Andreamouth, MA 82108",209364.76,suspended,2024-05-10
1556,Lindsay,Brown,lindsay.brown@hotmail.com,478-393-8763,1992-07-20,"86558 Nicholas Key, East Amanda, PR 13228",45316.06,active,2026-08-16
1557,Briana,Collins,briana.collins@hotmail.com,868-365-2438,1957-02-06,"038 Lori Way, Lopezberg, VT 80022",142874.16,active,2024-05-15
1558,Tina,Thompson,tina.thompson@gmail.com,718-505-6956,2001-02-07,"730 Glenn Passage Suite 273, Christopherland, LA 95361",232513.31,active,2025-04-14
1559,Richard,Gonzalez,richard.gonzalez@gmail.com,454-507-1756,1970-09-28,"3015 Benjamin Circle Suite 407, Patelville, MH 06720",228059.64,suspended,2026-09-06
1560,Christina,Barron,christina.barron@yahoo.com,655-343-9035,1982-05-16,"557 Figueroa Station Suite 345, Davidside, WA 24587",172312.53,suspended,2020-09-10
1561,Carla,Garcia,carla.garcia@yahoo.com,751-722-4438,1977-02-07,"USNV Peterson, FPO AE 55154",170720.53,suspended,2019-11-20
1563,Paula,Beasley,paula.beasley@hotmail.com,765-421-6882,1996-08-27,"42168 Robert Parkway, East Gloria, SC 65934",79581.85,suspended,2019-12-06
1565,Lauren,Schultz,lauren.schultz@hotmail.com,667-285-5164,1994-01-16,"87032 Anthony Rue, Durhamview, OH 45013",168188.7,suspended,2022-03-13
1569,Nicole,Bailey,nicole.bailey@hotmail.com,327-744-2802,2001-09-27,"Unit 9931 Box 3606, DPO AP 17275",169843.39,inactive,2023-08-27
1570,Nicole,Taylor,nicole.taylor@hotmail.com,855-291-6944,2002-10-11,"38604 Rivas Harbor, Orrland, WV 76184",219852.48,inactive,2022-12-27
1571,Christina,Lewis,christina.lewis@gmail.com,480-210-2604,1995-07-27,"489 Blair Points, Lake Ashley, ME 10124",101728.63,active,2024-02-25
1572,Brianna,Molina,brianna.molina@yahoo.com,326-379-9625,1974-09-22,"3472 Brianna Course, Wellston, GU 74477",179688.69,inactive,2025-07-03
1573,Mark,Walker,mark.walker@hotmail.com,297-741-6716,1955-11-14,"84886 Davenport Isle Suite 292, Kimside, TN 24824",173501.13,inactive,2021-03-11
1576,Christopher,Woods,christopher.woods@yahoo.com,330-465-1155,1965-11-30,"289 Hill Station Suite 411, Tarafurt, TX 21012",170438.15,suspended,2020-01-15
1577,Roy,Morris,roy.morris@gmail.com,346-587-5380,1994-09-29,"976 Cook Grove, Kellymouth, CA 47449, contact roy.morris@gmail.com",29735.95,suspended,2025-04-07
1578,Kimberly,Graham,kimberly.graham@gmail.com,924-996-5081,1951-05-08,"963 Robin Causeway Apt. 582, Port Danielborough, MP 05434",168563.78,inactive,2022-07-13
1581,Samuel,Allen,samuel.allen@hotmail.com,989-520-2476,1981-04-10,"55446 Michael Prairie Apt. 609, Washingtonview, WA 53309",158898.22,active,2022-02-14
1582,Cynthia,Taylor,cynthia.taylor@gmail.com,295-369-1940,1943-03-17,"364 Daniel Spurs Apt. 856, Rodgersberg, AS 66208",36777.9,inactive,2023-12-28
1583,Michael,Williams,michael.williams@gmail.com,210-634-9334,1958-12-24,"3830 Gibson Well Suite 821, South Ian, KS 29014",225001.99,active,2021-02-26
1584,Sherri,Wood,sherri.wood@yahoo.com,727-901-9722,1965-08-30,"6078 Marie Village Suite 199, New Williammouth, NJ 49606",172929.79,inactive,2021-02-05
1586,Sean,Bell,sean.bell@yahoo.com,450-956-9652,1960-10-04,"0554 Wong Station, Lake Mary, IN 57112",169865.34,active,2022-10-24
1588,Brittney,Owens,brittney.owens@gmail.com,698-784-6418,2001-12-15,"54773 Mendez Greens, Lake Charles, MH 86911",229451.36,inactive,2022-07-26
1589,Jose,Herrera,jose.herrera@gmail.com,374-582-2855,1964-03-29,"8564 Jeffrey Groves Suite 416, Nancystad, NH 28549",93026.81,suspended,2022-06-07
1590,Christine,Edwards,christine.edwards@gmail.com,984-320-5752,1986-04-15,"5809 Tucker Rapid Suite 758, Lake Rileyton, FL 70087",84417.51,inactive,2020-08-20
1591,Kiara,Baker,kiara.baker@hotmail.com,202-955-7449,1984-12-10,"2334 Smith Brook, Garciafurt, AS 78213",66276.83,inactive,2024-04-17
1592,Wendy,Wallace,wendy.wallace@hotmail.com,236-674-8999,1951-01-05,"973 Martinez Keys Suite 950, South Sheila, MN 94071",30764.27,active,2020-11-25
1594,Tracy,Reynolds,tracy.reynolds@hotmail.com,876-790-6494,1943-11-19,"1621 Lane Tunnel Apt. 896, Moralesbury, MI 26445",40496.99,inactive,2024-08-05
1596,Lauren,Wilkins,lauren.wilkins@gmail.com,987-872-5098,2008-01-28,"3097 Martin Roads, Theresabury, NE 53609",68193.14,inactive,2024-12-08
1597,Melissa,Livingston,melissa.livingston@yahoo.com,573-638-3984,1975-02-11,"1480 Jane Walk Apt. 073, Kimchester, MP 48310",137086.88,inactive,2023-04-30
1598,Ann,Hernandez,ann.hernandez@gmail.com,872-649-3651,1998-12-11,"63794 Donald Parkways Suite 691, Port Davidberg, ID 22291",49052.12,suspended,2021-10-06
1599,Charles,Sims,charles.sims@gmail.com,567-926-4251,1969-10-05,"1197 Megan Valleys, Phillipmouth, NV 35117",42567.77,inactive,2026-08-14
1600,Crystal,Nelson,crystal.nelson@yahoo.com,327-512-3969,2005-01-30,"5441 Abigail Union, Christopherfurt, PW 59502",218021.51,active,2025-03-08
1601,Jacob,Burch,jacob.burch@hotmail.com,690-881-5354,1948-12-04,"88193 Monroe Stravenue, Palmerville, ND 37130",44371.89,inactive,2024-06-13
1602,Michelle,Crosby,michelle.crosby@yahoo.com,898-931-3087,1959-05-05,"01483 John Grove, North Danielmouth, GA 71503",90125.07,inactive,2021-02-15
1603,Jamie,Price,jamie.price@gmail.com,334-312-2767,1963-09-03,"4770 Victoria Shore Suite 618, Port Steven, FL 97554",193982.28,active,2022-04-28
1604,Cassandra,Smith,cassandra.smith@yahoo.com,712-213-4874,1994-09-28,"621 Thomas Haven, Hoffmanport, CT 66168",29552.84,inactive,2022-10-28
1605,Peter,Andrews,peter.andrews@gmail.com,955-208-8116,1970-02-23,"4564 Mcdonald Coves, South Benjaminbury, PA 89856",124602.85,inactive,2019-12-27
1608,Carmen,Walsh,carmen.walsh@yahoo.com,403-685-2688,1986-07-03,"60221 Duncan Throughway Apt. 887, Laurahaven, AL 19056",173654.18,suspended,2021-11-14
1609,Michelle,Reilly,michelle.reilly@gmail.com,563-461-5670,1953-11-14,"384 Faith Road Apt. 065, Allenmouth, PR 11571",68923.29,active,2024-08-25
1610,Timothy,Morgan,timothy.morgan@yahoo.com,966-596-8008,1972-09-10,"510 Jessica Hollow, Port Kathyberg, PW 71683",112639.26,suspended,2026-04-02
1612,Michael,Mason,michael.mason@gmail.com,427-544-7980,1951-11-17,"PSC 4124, Box 6051, APO AA 33710",124381.34,suspended,2024-02-02
1614,Shelly,Douglas,shelly.douglas@hotmail.com,959-969-8798,1944-11-08,"USCGC Rhodes, FPO AP 31064",58348.86,active,2021-12-29
1615,Megan,Fowler,megan.fowler@yahoo.com,417-492-8734,2004-01-07,"32496 Cook Throughway, Kempview, VI 45102",80195.38,suspended,2023-01-28
1616,Darren,Smith,darren.smith@hotmail.com,389-458-9049,1999-08-28,"473 Amber Key, Smithmouth, PR 38447",98715.04,inactive,2021-11-07
1617,Francis,Williams,francis.williams@hotmail.com,885-213-3134,1998-09-09,"476 Daniel Center Suite 976, Nicolestad, LA 88792",91529.0,suspended,2025-08-06
1618,Julia,Barnes,julia.barnes@yahoo.com,741-819-7088,1976-04-10,"26934 Adams Springs Apt. 390, Suefurt, NC 46228",70891.99,inactive,2020-01-29
1620,Pamela,Gonzales,pamela.gonzales@yahoo.com,242-800-4120,1954-09-14,"962 Walker Mountain, Lake Lindsey, NV 09644",60829.91,active,2025-05-02
1621,Elizabeth,Miller,elizabeth.miller@yahoo.com,914-562-8129,1999-11-05,"28962 Donna Bypass Suite 824, East Jesse, TX 32201",84927.76,inactive,2025-11-04
1622,Brett,Thomas,brett.thomas@hotmail.com,746-938-3517,1940-06-03,"4606 Mary Lane, Jasminetown, MO 80713",27726.07,active,2024-06-01
1623,Maurice,Anderson,maurice.anderson@yahoo.com,928-458-6690,1971-03-06,"2941 William Gardens Suite 006, Jonside, MA 38153",216670.69,inactive,2020-07-05
1625,Terri,Ortiz,terri.ortiz@yahoo.com,813-480-3112,2006-09-25,"Unit 5507 Box 8688, DPO AP 59041",82303.71,suspended,2024-10-23
1626,Amy,Johnson,amy.johnson@gmail.com,958-607-9110,2003-03-29,"13170 Christy Stravenue, Annchester, IL 78078",170002.13,suspended,2024-07-19
1627,Kimberly,Stanley,kimberly.stanley@hotmail.com,648-968-9344,2001-12-19,"87314 Linda Port Suite 629, South Ruthshire, MO 41095",103281.39,inactive,2024-10-29
1628,Kevin,Simmons,kevin.simmons@gmail.com,478-411-4015,1972-09-24,"880 Smith Islands, Lake Blakehaven, NM 41424",18799.32,suspended,2019-11-15
1629,Matthew,Miller,matthew.miller@gmail.com,913-209-9401,1989-02-25,"017 Evans Groves, South Joshuafort, RI 18521",119107.9,suspended,2020-01-16
1630,Donna,Horton,donna.horton@gmail.com,465-510-4609,1944-01-19,"6275 Kimberly Knolls Apt. 697, Joshuaton, IN 95044",83792.74,inactive,2020-10-17
1631,Raymond,Olson,raymond.olson@yahoo.com,375-429-1747,1959-02-28,"09587 Rachel Spurs, South Amanda, SD 01872",136451.61,inactive,2025-05-07
1632,Ronald,Flynn,ronald.flynn@yahoo.com,484-336-5430,2005-03-10,"26714 Porter Courts, Smithstad, AZ 95183",211890.99,active,2025-01-08
1633,Daniel,Reynolds,daniel.reynolds@hotmail.com,686-551-3761,1951-01-23,"Unit 7209 Box 2519, DPO AE 06559",18310.79,inactive,2023-11-22
1634,David,Hart,david.hart@hotmail.com,577-532-2363,1951-12-08,"33297 Marie Ports Apt. 795, New Regina, MA 70693",228106.98,suspended,2019-11-24
1635,Tami,Welch,tami.welch@yahoo.com,207-212-2839,1985-01-02,"PSC 1163, Box 9714, APO AP 22111",90069.0,active,2025-03-08
1636,Teresa,Mckee,teresa.mckee@yahoo.com,564-424-5582,1952-07-15,"1424 Serrano Prairie Suite 262, Carolynhaven, ND 31661",57235.22,active,2026-07-26
1637,Heather,Thompson,heather.thompson@hotmail.com,960-935-2095,1960-06-25,"736 Castillo Terrace Suite 434, Lake Nicole, VI 40386",227935.7,inactive,2020-02-21
1638,Cindy,Ford,cindy.ford@yahoo.com,657-409-5438,1952-07-06,"7156 Walker Path Apt. 299, Port Lindaview, ND 85340",66981.87,inactive,2019-11-27
1640,Heather,Novak,heather.novak@gmail.com,577-351-8848,1943-03-22,"203 Casey Fort Apt. 914, North Erikaberg, NH 32184",38799.42,active,2021-10-25
1641,Daniel,Page,daniel.page@yahoo.com,380-393-9036,1967-06-25,"4147 Fisher Turnpike, North Cynthiahaven, KY 16999",227424.82,active,2024-08-10
1642,Samantha,Robles,samantha.robles@gmail.com,221-517-3669,1950-08-07,"Unit 9847 Box 4229, DPO AP 84042",214526.18,inactive,2023-07-09
1643,John,Bauer,john.bauer@hotmail.com,392-271-3351,1947-01-11,"677 Tonya Gateway Apt. 226, Lake Kevin, VA 31470",33994.81,active,2019-11-13
1644,Richard,Smith,richard.smith@hotmail.com,302-941-9630,1967-11-15,"006 Kirby Lodge, Port Maryport, ME 19591",48478.67,active,2022-03-03
1646,Christy,Torres,christy.torres@gmail.com,335-454-2369,1940-03-15,"045 Jodi Skyway Apt. 528, Grantbury, MA 60358",77419.74,active,2026-03-11
1648,Kyle,Bruce,kyle.bruce@gmail.com,407-342-8871,1945-03-24,"0985 Jennifer Mount Apt. 033, Bradleyland, MO 06818",186647.13,inactive,2025-09-23
1649,David,Underwood,david.underwood@yahoo.com,539-690-3531,1994-01-22,"1555 Brown Radial, Cynthiaton, KY 20408",72125.57,active,2023-03-27
1650,Edwin,Holland,edwin.holland@hotmail.com,969-526-4016,1946-08-11,"4119 Nathan Landing Apt. 253, South Kelliland, OR 12445",22708.15,active,2023-09-07
1651,Megan,Short,megan.short@hotmail.com,503-305-9381,1999-06-21,"Unit 5053 Box 4941, DPO AP 93948",214793.42,inactive,2020-07-29
1652,Nancy,Rodriguez,nancy.rodriguez@hotmail.com,429-224-4713,1995-12-21,"7166 Glenn Passage Apt. 463, Port Kristenville, WA 54308",112824.07,active,2026-09-02
1653,Dennis,Christian,dennis.christian@hotmail.com,431-900-7303,1976-12-30,"635 Albert Tunnel Apt. 761, Bobberg, AR 41709",170462.12,suspended,2023-06-20
1654,Catherine,Keller,catherine.keller@hotmail.com,520-890-2925,1998-08-11,"771 Lee Forge Suite 080, North Bradleyport, WV 99369",40585.45,inactive,2021-03-02
1655,Robert,Davis,robert.davis@gmail.com,928-417-4734,1976-08-21,"8888 Amanda Fords, West Laurenfurt, TN 15519",98029.56,active,2025-10-29
1656,Paul,Sanchez,paul.sanchez@hotmail.com,632-485-9427,2004-10-21,"851 Cantu Ranch Apt. 509, Cookfurt, WV 73482",135766.7,suspended,2019-11-26
1658,Michael,Campbell,michael.campbell@yahoo.com,477-711-7047,1977-06-10,"306 Farley Pike, Dakotaview, MI 37732",225099.77,suspended,2025-07-08
1659,Cathy,Harris,cathy.harris@yahoo.com,352-996-3401,2001-11-04,"7490 Gray Passage Suite 751, Kathrynville, CO 56204",89096.83,inactive,2026-08-29
1660,Kevin,Jordan,kevin.jordan@yahoo.com,268-315-8003,1968-08-14,"3431 Sabrina Shoal Suite 392, Lake Antoniostad, NC 45865",231027.94,inactive,2021-04-26
1661,Roy,Chang,roy.chang@gmail.com,530-330-3979,1995-09-19,"773 Erica Courts Suite 787, New Kirstenchester, CT 49151",188392.86,inactive,2025-09-01
1662,Justin,Castillo,justin.castillo@gmail.com,634-692-7782,1980-01-18,"40254 Morris Shoals, West Kennethton, NY 98067",151586.97,suspended,2021-02-20
1663,Jennifer,Wade,jennifer.wade@hotmail.com,869-451-7278,1978-10-12,"PSC 3976, Box 7388, APO AA 18209",110942.44,inactive,2025-02-17
1664,Kyle,Davis,kyle.davis@gmail.com,704-745-9785,1960-05-12,"83000 Kelly Island Apt. 949, North Travis, VT 36936",200351.73,inactive,2020-09-11
1665,Daniel,Frey,daniel.frey@hotmail.com,932-631-9633,2001-03-12,"USCGC Edwards, FPO AA 54674",146288.57,suspended,2020-03-02
1666,Karen,Hernandez,karen.hernandez@hotmail.com,919-289-4853,1941-07-25,"1896 Dustin Drives, Stricklandfurt, AR 01048, tel 255-378-5618",98299.49,active,2024-03-22
1668,Gabriel,Atkins,gabriel.atkins@gmail.com,698-935-2492,1977-05-09,"6081 Jeff Crossroad Suite 884, Toddton, OR 73491",120206.22,suspended,2022-08-20
1669,Patrick,Lee,patrick.lee@gmail.com,899-247-1868,1970-12-02,"9584 Turner Bridge Apt. 248, West Amanda, MP 51997",183832.97,active,2023-12-18
1670,James,Jones,james.jones@yahoo.com,586-950-1431,1946-04-10,"5031 Robin Bypass, South Erika, SC 77461",172539.2,inactive,2025-01-28
1672,Ashley,Garner,ashley.garner@gmail.com,350-574-3314,1994-07-03,"569 Pamela Stream, Ortizside, TN 28212",35536.51,active,2026-05-06
1673,Keith,Novak,keith.novak@gmail.com,626-353-3988,2007-07-30,"31811 Larry Junctions Apt. 325, South Morgantown, ME 41371",122287.77,active,2020-04-19
1674,Shannon,Shaw,shannon.shaw@yahoo.com,915-506-8703,1941-07-31,"67148 Rose Cliff Apt. 314, Kathrynfurt, KY 41749",109357.99,inactive,2020-10-07
1675,Thomas,Potts,thomas.potts@gmail.com,493-313-3554,1968-11-11,"407 Johnson Forest Suite 449, Smithbury, IA 80252",31320.18,suspended,2026-07-14
1678,Anthony,Ferguson,anthony.ferguson@yahoo.com,633-360-5453,1981-03-28,"1253 Johnson Heights Apt. 047, Stephaniefurt, NH 79071",234033.16,suspended,2024-02-18
1680,Sean,Herring,sean.herring@gmail.com,963-772-2264,1973-07-02,"493 Lisa Camp Suite 811, South Danielchester, MP 07326",199276.06,inactive,2024-08-15
1681,Victoria,Ramirez,victoria.ramirez@gmail.com,868-857-7637,1965-11-12,"4415 Sweeney Manors, Ramirezbury, IN 87740",201650.32,active,2023-03-04
1682,Ebony,Turner,ebony.turner@hotmail.com,862-634-4190,2003-10-16,"2391 Parsons Burg Apt. 353, Port Brianshire, OR 24108",77922.14,active,2022-07-08
1683,Paul,Powell,paul.powell@yahoo.com,817-997-6496,2001-09-18,"197 Young Motorway Apt. 946, West William, VT 95236",24226.85,inactive,2022-08-13
1684,Edwin,Hull,edwin.hull@hotmail.com,309-266-4471,1994-02-03,"653 Michelle Shoals Suite 871, Jacquelinebury, KY 76064",150558.59,active,2020-08-10
1685,James,Martinez,james.martinez@yahoo.com,406-853-1530,1991-11-08,"PSC 6706, Box 0558, APO AP 13774",71354.4,active,2020-06-30
1686,Tim,Perez,tim.perez@yahoo.com,245-777-8926,1957-07-19,"16250 Terry Radial, West Karen, MO 40118",28141.1,inactive,2020-05-07
1687,Richard,Weiss,richard.weiss@hotmail.com,208-565-5626,2000-05-01,"14557 Melanie Fort Apt. 427, Lake Amberfurt, MO 98459",230840.06,suspended,2023-03-22
1688,Brandy,Hernandez,brandy.hernandez@yahoo.com,969-600-6830,1991-03-19,"0926 Adrian Shores, Port Susanville, TN 98784",234194.86,suspended,2023-02-26
1689,Brian,Meyers,brian.meyers@yahoo.com,539-617-9250,1948-03-01,"738 French Trail, East Staceybury, AL 06645",40422.64,active,2025-08-04
1691,Charles,Baker,charles.baker@yahoo.com,280-840-2528,1947-06-23,"736 Montes Stream Suite 192, North Kelsey, NC 72190",229525.66,active,2021-06-28
1692,Derek,Taylor,derek.taylor@yahoo.com,987-935-3638,1989-05-07,"641 Cruz Route, Port Anthony, ID 54694, contact derek.taylor@gmail.com",238538.49,suspended,2025-02-07
1693,Jose,Wilson,jose.wilson@hotmail.com,867-735-6593,1962-05-17,"8359 Robert Mountain, Hillbury, FL 30035",117340.61,active,2019-11-09
1694,Kimberly,Estrada,kimberly.estrada@hotmail.com,568-838-8059,1978-04-12,"252 Nicole Roads, Trujilloville, HI 50378",26882.86,suspended,2023-06-03
1695,Pamela,Allen,pamela.allen@hotmail.com,444-413-2228,1939-03-29,"25296 Scott Spur Suite 368, Hunterville, CA 41016",230679.47,suspended,2022-05-03
1696,Krista,Walker,krista.walker@gmail.com,299-215-3336,1952-05-16,"805 Mendoza Ville, Loganstad, PA 88950",188122.44,inactive,2021-02-07
1697,Donna,Benson,donna.benson@hotmail.com,710-296-8451,1959-08-11,"PSC 2787, Box 9025, APO AP 13341",87645.55,inactive,2025-09-14
1698,Hailey,Smith,hailey.smith@hotmail.com,486-790-6952,1994-03-17,"72162 Foster Brooks Apt. 235, Charlestown, HI 82091",96447.8,active,2025-12-01
1699,Luis,Barrett,luis.barrett@hotmail.com,464-684-5194,1992-08-14,"3793 Davila Walk Suite 519, West Jennifer, KY 89916",187418.49,inactive,2021-07-07
1700,Christopher,Brown,christopher.brown@hotmail.com,305-328-5650,1950-05-10,"0386 Susan Lock Suite 611, West Stacy, LA 96220",26789.57,inactive,2025-02-08
1701,Melissa,Harris,melissa.harris@gmail.com,834-896-3113,1972-09-22,"6308 Belinda Expressway, Virginiaside, DC 67515",115863.74,suspended,2022-02-04
1702,Steven,Nixon,steven.nixon@gmail.com,871-545-8347,1952-08-28,"8831 Dana Forks, Jarvisport, ND 46236",130319.22,inactive,2023-03-02
1703,Edward,Smith,edward.smith@gmail.com,835-859-1934,1947-06-18,"84287 Gallegos Cliff Suite 279, Gillborough, SC 52347",182511.45,active,2026-03-16
1705,Brandon,Clark,brandon.clark@gmail.com,274-428-7360,1957-07-18,"Unit 2235 Box 0283, DPO AE 92957",212063.27,suspended,2022-03-16
1707,Cheryl,Huff,cheryl.huff@yahoo.com,384-949-2775,1998-11-27,"33045 Browning Circles Apt. 616, Bakermouth, AL 04515",221676.2,active,2025-09-20
1708,Gina,Mitchell,gina.mitchell@hotmail.com,404-611-6385,1939-10-11,"51764 Betty Loop, New Adam, DC 39261",32312.68,inactive,2021-10-28
1709,Cody,Howard,cody.howard@yahoo.com,417-919-8802,1954-06-23,"961 David Villages Apt. 552, Lake Francisco, TN 72941",43380.47,inactive,2021-03-25
1712,Andrew,Kerr,andrew.kerr@yahoo.com,418-255-4465,1970-02-09,"971 Jones Vista, Margaretberg, HI 80343",210700.57,suspended,2021-05-16
1713,Victoria,Robinson,victoria.robinson@hotmail.com,276-955-4922,1970-10-02,"592 Mark Underpass Suite 967, Seanland, CT 89711",36557.26,active,2023-08-28
1715,Tiffany,Sweeney,tiffany.sweeney@hotmail.com,388-255-2514,1989-06-27,"52213 Nicholas Pike, Brownhaven, ID 36191",216680.36,inactive,2023-10-10
1716,Stephen,Becker,stephen.becker@gmail.com,368-403-6722,1978-01-04,"74611 Jessica Ports, Rayberg, NH 14280",227111.05,inactive,2023-05-09
1717,Cynthia,Hickman,cynthia.hickman@hotmail.com,905-364-8156,1966-01-13,"38788 Khan Drive, Jessicaside, VI 81080",96741.71,active,2020-09-04
1719,Rachel,Hopkins,rachel.hopkins@yahoo.com,348-531-6185,1956-10-18,"6926 Paul Trail, Justinbury, ME 59735",21149.46,inactive,2019-10-08
1721,Steven,Obrien,steven.obrien@hotmail.com,328-849-8361,2008-05-13,"Unit 5857 Box 8375, DPO AA 87794",159839.44,suspended,2021-08-18
1722,Valerie,Arnold,valerie.arnold@yahoo.com,423-963-4074,1999-12-14,"40730 Pearson Courts Suite 761, West Diane, SD 82606",111279.1,suspended,2026-04-10
1723,Aaron,Romero,aaron.romero@gmail.com,815-586-4541,1939-03-22,"33854 Joel Field, Perkinsmouth, DC 73157",95274.99,active,2024-10-26
1724,Mason,Cannon,mason.cannon@hotmail.com,214-579-6960,1947-09-21,"65327 Lawrence Skyway, Lisaport, RI 59547",21594.46,inactive,2020-03-19
1728,Dale,Moore,dale.moore@gmail.com,849-490-2625,1983-02-15,"PSC 8305, Box 6446, APO AP 91592",238970.64,active,2021-10-11
1729,Michael,Lambert,michael.lambert@yahoo.com,477-996-5943,2000-08-26,"9502 Lewis Isle Suite 077, Tateport, WY 28863",128201.89,suspended,2026-07-01
1730,Jesse,Taylor,jesse.taylor@yahoo.com,848-654-9247,1959-10-29,"904 Johnson Pike, Lake Judy, IA 52970",147033.86,active,2025-07-25
1731,Ariana,Le,ariana.le@gmail.com,630-416-4651,1948-10-16,"USCGC Wu, FPO AP 02777",190467.42,suspended,2023-06-07
1732,Isaiah,Jennings,isaiah.jennings@gmail.com,400-680-3038,1974-07-04,"5061 Mejia Camp Suite 701, Erikaburgh, AZ 07817",95836.24,inactive,2025-05-26
1735,Angel,Miller,angel.miller@gmail.com,226-357-7134,2005-10-06,"PSC 0082, Box 2837, APO AA 98621",204650.86,suspended,2026-07-05
1736,Joshua,Gibson,joshua.gibson@gmail.com,525-543-3792,1942-03-12,"8872 Bryan Fields Apt. 280, East Robertshire, OH 07449",230933.65,inactive,2019-12-15
1738,Gregory,Murray,gregory.murray@yahoo.com,851-599-3846,1970-03-14,"7884 Scott Valleys Suite 657, Elliston, NE 11827",107492.42,inactive,2025-03-28
1739,Douglas,Mendez,douglas.mendez@hotmail.com,647-436-2631,1962-04-15,"426 Laura Dale, South Gloria, CA 93227",175625.52,active,2024-11-27
1740,Dawn,Gray,dawn.gray@gmail.com,846-790-7422,1963-06-16,"3718 Johnson Loaf, Danielstown, WY 26881",205152.82,suspended,2025-05-10
1741,Charles,Franco,charles.franco@hotmail.com,362-530-4338,1985-05-07,"9512 Aguilar Field Apt. 242, Johnstad, TX 90373",38702.48,active,2020-06-25
1743,Gina,Tucker,gina.tucker@gmail.com,785-591-1414,1959-12-02,"7107 Brown Fork, South Theresa, OR 49389",182799.4,active,2025-10-19
1744,Jessica,Harper,jessica.harper@yahoo.com,930-559-3453,1967-12-28,"1051 Austin Village Apt. 070, South Angelastad, AK 95726",83916.8,active,2022-09-01
1745,Gregory,Watson,gregory.watson@gmail.com,988-466-1847,1986-09-10,"723 Antonio Bridge Apt. 975, Adamsmouth, TX 91310",79042.19,active,2022-06-11
1746,Desiree,Dalton,desiree.dalton@yahoo.com,853-793-2694,1952-05-28,"9744 Michael Lights Suite 204, South Justinstad, WI 94715",42626.8,suspended,2026-06-04
1747,Jason,Carter,jason.carter@hotmail.com,345-489-5292,1997-09-08,"37937 Hogan Locks, Grayville, WA 89113",216602.26,active,2025-06-25
1749,Jason,Weiss,jason.weiss@yahoo.com,698-840-2250,1971-07-30,"0574 Rivera Port, Clarkview, MN 32415",64685.71,inactive,2025-11-09
1750,Logan,Dickson,logan.dickson@hotmail.com,848-661-3639,1975-01-11,"10851 Jenkins Manors, Candaceburgh, CA 32320",57917.03,active,2023-03-02
1751,Michael,Ray,michael.ray@gmail.com,406-855-4494,1992-08-31,"73480 Nicole Drive, Bakerstad, RI 65426",44019.98,inactive,2020-04-27
1752,Elaine,Anderson,elaine.anderson@yahoo.com,828-814-9953,1977-08-01,"298 Morse Plaza Apt. 921, Thomasview, PA 96032",19113.23,suspended,2021-04-03
1756,Vickie,Terrell,vickie.terrell@yahoo.com,556-925-5822,1990-10-27,"Unit 0596 Box 2751, DPO AP 76709",121683.71,inactive,2025-08-26
1759,David,Anderson,david.anderson@hotmail.com,643-656-7942,1943-12-01,"PSC 3303, Box 7271, APO AP 54745",150385.21,inactive,2021-03-18
1760,Cynthia,Martin,cynthia.martin@yahoo.com,310-821-7275,1980-02-06,"3112 Jason Square Apt. 782, Ryanton, MH 52286",113307.48,suspended,2019-09-12
1761,Robert,Flores,robert.flores@yahoo.com,847-265-8363,1977-01-12,"663 Hamilton Station Suite 180, Lake Melissa, TX 68953",55129.29,active,2022-06-28
1763,Bridget,Espinoza,bridget.espinoza@hotmail.com,607-230-2878,1961-02-06,"828 Cole Camp, Ericbury, CO 88299",57938.74,inactive,2022-09-25
1764,Jeffrey,Craig,jeffrey.craig@hotmail.com,930-567-7641,1970-03-04,"23203 Duffy Pike Suite 427, Gardnerberg, NE 71486",65770.88,inactive,2024-08-06
1765,Jacqueline,Strickland,jacqueline.strickland@gmail.com,998-521-3003,1975-04-29,"603 Adam Orchard Suite 834, Bookertown, MT 24355",20138.53,suspended,2025-01-20
1766,Elizabeth,Perez,elizabeth.perez@gmail.com,418-676-6268,2007-09-19,"573 Macdonald Extensions Apt. 277, North Jonathanborough, MA 70066",217521.16,suspended,2022-12-29
1768,Frank,Scott,frank.scott@hotmail.com,703-787-3042,1958-05-15,"Unit 5554 Box 6893, DPO AP 59466",145416.54,suspended,2023-07-26
1769,Patricia,Bird,patricia.bird@hotmail.com,525-527-4246,1970-11-10,"67881 Kramer Manor, Ricardomouth, IN 69660",61761.36,inactive,2021-10-20
1770,Peter,Buchanan,peter.buchanan@yahoo.com,481-631-2953,1963-12-17,"4846 Reese Fords, Lake Gregory, PR 09748",45548.57,active,2026-02-27
1771,Tammie,Martin,tammie.martin@hotmail.com,805-592-4873,1954-09-27,"770 Donna Manors Apt. 394, Brandishire, TX 37076",145963.87,inactive,2023-01-07
1773,Anthony,Wilson,anthony.wilson@hotmail.com,740-240-6527,2005-05-17,"USCGC Davis, FPO AA 19346",161140.2,active,2020-09-12
1775,Mark,Ellis,mark.ellis@gmail.com,769-993-6131,1972-10-11,"2871 Howe Lakes Suite 957, Michaelfort, MA 74995",127627.73,active,2025-10-15
1776,Matthew,Hudson,matthew.hudson@yahoo.com,913-665-9082,1973-05-29,"3629 Scott Hills Suite 418, New Michael, GA 90898",206405.25,active,2023-05-03
1777,Lawrence,Stevenson,lawrence.stevenson@hotmail.com,305-229-4670,1975-02-24,"PSC 2078, Box 8216, APO AP 41570",28619.2,active,2019-10-02
1778,Cole,Jones,cole.jones@hotmail.com,533-587-5487,1996-03-31,"5744 Hernandez Unions, North Kristine, TN 18262",68247.76,active,2025-07-03
1779,Thomas,Cruz,thomas.cruz@hotmail.com,750-205-1860,1991-07-19,"08824 Jacob Stream Suite 321, Lake Victoria, FM 37952",75650.67,active,2022-07-19
1780,Alec,Park,alec.park@hotmail.com,511-276-5320,1998-10-03,"40941 Laura Corners Apt. 525, Armstrongshire, OK 08513",91111.03,suspended,2026-02-22
1781,Jasmine,Campbell,jasmine.campbell@yahoo.com,915-374-3257,1974-08-23,"23254 Smith Plaza Apt. 134, West Laurie, VT 48589",147526.61,active,2023-08-28
1783,Nicole,Zimmerman,nicole.zimmerman@hotmail.com,740-446-8830,1997-09-19,"14948 Francisco Pine, New Amyhaven, VT 09706",164801.71,inactive,2020-10-30
1784,Beth,Byrd,beth.byrd@yahoo.com,667-928-8739,1979-10-25,"19199 William Cliff, East Manuel, OH 95798",188096.84,suspended,2021-04-08
1785,Lisa,Clark,lisa.clark@yahoo.com,771-448-4373,2001-04-07,"USNS Hodges, FPO AP 52758",172282.24,active,2022-09-22
1786,Tracy,Frey,tracy.frey@hotmail.com,284-549-9481,1964-04-27,"1038 Christine Parkways, Robertsmouth, GU 04455",121929.39,inactive,2026-01-03
1787,Daniel,Bowen,daniel.bowen@gmail.com,307-548-4418,1991-11-02,"4956 Susan Club, Patriciafort, WI 51729",198706.98,suspended,2021-03-19
1788,Michael,Mckenzie,michael.mckenzie@yahoo.com,978-519-8438,1962-08-03,"7231 Avila Fords, South Anthonyborough, TN 65704",163474.23,suspended,2023-03-03
1789,Susan,Gordon,susan.gordon@gmail.com,424-572-7317,1999-03-20,"7039 Heath Ford, South Raymondmouth, AK 02292",234464.36,suspended,2025-03-23
1790,Michael,Lawson,michael.lawson@yahoo.com,998-609-4079,1962-08-18,"PSC 6693, Box 2337, APO AE 04338",33237.93,inactive,2024-05-28
1791,Trevor,Harmon,trevor.harmon@yahoo.com,791-863-2672,1993-12-18,"97140 Gonzalez Falls, West Jason, AK 99150",50698.32,active,2023-03-28
1794,Joe,Simpson,joe.simpson@hotmail.com,641-417-3467,2001-02-25,"PSC 8736, Box 9323, APO AP 02728",106118.02,inactive,2022-09-16
1795,Antonio,Neal,antonio.neal@yahoo.com,254-651-5466,1963-02-16,"466 Holmes Street Suite 416, South Katie, DC 05559",100091.31,active,2022-12-10
1798,Paul,Johnson,paul.johnson@gmail.com,861-454-2819,1947-08-02,"89260 Peterson Station, Nicholasstad, PW 34344",66746.71,active,2026-02-14
1800,Jerry,Smith,jerry.smith@gmail.com,916-933-7628,1988-05-18,"227 Stephanie Pike Suite 974, Lake Corey, PR 95761",105003.6,active,2019-09-23
1803,Susan,Hess,susan.hess@gmail.com,917-837-8811,1992-02-03,"79595 Kevin Falls Suite 449, Pattersonmouth, LA 18613",182078.15,suspended,2021-01-14
1804,Mary,Pollard,mary.pollard@hotmail.com,522-897-2137,1987-04-15,"2752 Tammy Creek Suite 173, Kevinshire, TN 37799",54995.29,inactive,2024-10-09
1805,Heidi,Flores,heidi.flores@gmail.com,213-882-8775,1967-11-09,"3832 Ramirez Street, Higginston, AR 12362",112998.81,active,2025-02-03
1806,Sean,Marshall,sean.marshall@gmail.com,278-374-1159,1992-10-08,"576 Joan Garden Apt. 494, Christopherport, HI 82488",149869.14,inactive,2023-09-22
1808,Nicholas,Walsh,nicholas.walsh@hotmail.com,433-737-9243,1957-10-20,"8821 Moyer Spring, Charlestown, NM 95884",55141.65,active,2023-06-04
1810,Morgan,Burns,morgan.burns@hotmail.com,463-879-8970,1977-03-23,"237 Waller Points Suite 700, Castroville, SC 19772",74285.18,inactive,2020-07-24
1811,Matthew,Thompson,matthew.thompson@gmail.com,508-927-6467,2007-06-24,"226 Armstrong Prairie, New Robertfurt, MT 95923",215884.68,active,2022-09-23
1812,Andrew,Weaver,andrew.weaver@yahoo.com,315-476-9508,1955-04-01,"PSC 3839, Box 5716, APO AA 53258",179663.85,active,2021-04-02
1813,Katherine,Barnett,katherine.barnett@gmail.com,425-875-3320,1995-06-05,"Unit 0037 Box 0907, DPO AE 32740",97297.16,active,2022-01-30
1815,Heather,Vasquez,heather.vasquez@yahoo.com,586-854-2768,2000-09-07,"296 Brown Mountains Suite 456, Scottchester, NJ 52296",232330.58,suspended,2024-07-05
1816,Michael,Hill,michael.hill@hotmail.com,660-739-3866,1947-10-19,"9477 Smith Valley, East Kyleberg, WV 20052",76898.67,suspended,2020-07-28
1817,Bruce,Kim,bruce.kim@gmail.com,600-803-7836,1977-05-26,"32645 Stephanie Landing, Walkertown, RI 94315",227849.16,inactive,2022-12-20
1818,Katherine,Duarte,katherine.duarte@yahoo.com,242-793-9520,1980-12-11,"63516 Thomas Drive Suite 767, Davidmouth, VT 73636",173807.51,suspended,2024-07-18
1819,James,Wolf,james.wolf@hotmail.com,665-780-6685,1997-08-30,"53669 James Park, Hallview, DC 20089",82026.69,active,2021-10-27
1821,Jennifer,Summers,jennifer.summers@hotmail.com,880-366-5974,1952-09-24,"89423 Walls Bypass, Lake Sean, KY 26389",126075.11,active,2020-06-03
1824,Tracy,Horton,tracy.horton@gmail.com,457-341-6737,2008-08-20,"4053 Crystal Mission, Lake Tara, PA 56688",213076.31,suspended,2026-02-14
1825,Alexandra,Cox,alexandra.cox@gmail.com,358-288-5434,1949-01-02,"839 Jeffrey Motorway, Mcintyrehaven, VI 29034",49667.02,suspended,2020-05-24
1827,Alexander,Graham,alexander.graham@hotmail.com,894-852-7328,1976-11-17,"067 Veronica Park Suite 714, Wrightside, OR 47473",111809.05,active,2023-11-23
1832,April,Foster,april.foster@hotmail.com,715-901-6858,1969-01-18,"26447 Elizabeth Passage Suite 954, South Victoriaton, WY 81288",121980.11,inactive,2023-03-03
1833,Emily,Greene,emily.greene@yahoo.com,620-672-1453,1966-11-03,"5810 Bell Overpass Apt. 466, Jonathanfort, WY 28472",220587.94,active,2021-12-19
1834,Haley,Schmitt,haley.schmitt@hotmail.com,290-973-3303,1939-11-27,"528 Donna Loaf, Cooperland, OH 25585",154576.3,inactive,2021-12-17
1835,Scott,Lindsey,scott.lindsey@yahoo.com,724-582-3085,1986-12-04,"98883 Hill Via Suite 509, Romeroborough, NY 05819",155837.52,suspended,2020-03-04
1836,Randall,Burgess,randall.burgess@gmail.com,973-602-3063,1982-05-18,"996 Long Rest, West Sarah, ME 30935",107453.15,active,2026-01-30
1837,Michael,Rice,michael.rice@hotmail.com,671-255-2387,1967-03-05,"15603 Brown Pike, East Markport, MT 82014",30141.79,suspended,2020-11-15
1838,Kelly,Simmons,kelly.simmons@yahoo.com,945-790-2979,1999-02-03,"76474 Jordan Prairie, Lake Judithland, NE 11126",143528.43,suspended,2022-12-11
1840,David,Boyd,david.boyd@gmail.com,728-347-9115,1945-10-02,"86601 Zachary Island Apt. 029, Kristenfort, ID 68482",48281.41,suspended,2024-05-20
1841,Alexander,Frey,alexander.frey@gmail.com,508-843-6093,1951-04-23,"7181 Hansen Lights Apt. 949, East Robinstad, AZ 47194",177649.53,active,2024-12-12
1842,Matthew,Johnston,matthew.johnston@hotmail.com,626-322-2246,1965-03-09,"687 Walter Underpass, Jonestown, ND 02004",32905.54,active,2019-09-09
1843,Dawn,Bishop,dawn.bishop@gmail.com,610-463-5171,1954-07-11,"285 Tracy Squares, New Robertoberg, OR 29337",63353.19,inactive,2025-04-29
1844,Jared,Taylor,jared.taylor@gmail.com,654-600-1911,2006-06-26,"20940 Sherry Views Apt. 717, Coxside, MI 51010",223581.87,inactive,2021-01-04
1847,Beverly,Herman,beverly.herman@gmail.com,345-962-4943,2006-10-02,"14596 Megan Prairie, Schultzshire, WV 53527",55912.16,suspended,2024-08-11
1848,Michelle,Williams,michelle.williams@yahoo.com,405-687-8871,1945-12-05,"11203 Smith Crossing Suite 418, West Jonathanchester, MP 06071",82388.03,suspended,2020-07-20
1849,Nancy,Miles,nancy.miles@hotmail.com,704-576-5508,1999-09-21,"0834 Elliott Greens, Ashleestad, AK 53446",104844.01,suspended,2020-01-30
1850,Alexander,Frazier,alexander.frazier@hotmail.com,626-635-3427,1999-01-24,"2745 Reynolds Point, Lake Christine, ND 46164",24209.49,inactive,2021-06-24
1851,Ashley,Williams,ashley.williams@yahoo.com,598-211-5960,1997-12-01,"42904 Gibson Wall Suite 625, Lake Kathleen, ND 38204",25566.55,suspended,2020-05-09
1854,Nancy,Wheeler,nancy.wheeler@hotmail.com,923-737-7399,1989-10-14,"Unit 6701 Box 6562, DPO AA 98282",131896.02,active,2022-10-09
1856,Julie,Mills,julie.mills@hotmail.com,603-269-8925,1983-09-22,"72150 Mejia Branch Suite 353, East Jenniferhaven, KY 49189",101588.05,inactive,2023-04-15
1857,Samantha,Smith,samantha.smith@hotmail.com,789-925-9306,1954-05-05,"USNS Roberts, FPO AE 32246",190138.36,suspended,2024-08-29
1860,Michelle,Santana,michelle.santana@hotmail.com,796-716-4950,1999-03-02,"009 Hernandez Inlet, South Maurice, NH 68569",186699.86,suspended,2021-01-30
1861,Kelsey,Fischer,kelsey.fischer@yahoo.com,976-790-8495,1987-06-20,"8774 Camacho Mall Apt. 488, East Kaitlyn, NM 82613",185790.68,inactive,2025-07-02
1862,Edward,Collins,edward.collins@hotmail.com,826-456-2875,2002-12-02,"51178 Angela Isle Apt. 345, Jerryhaven, HI 67450",26306.86,suspended,2025-12-27
1863,Suzanne,Moore,suzanne.moore@yahoo.com,981-583-1482,2002-02-26,"6608 Amber Park Suite 587, Lake Elizabethton, SC 62450, contact suzanne.moore@gmail.com",223028.29,inactive,2021-09-24
1864,Lawrence,Jones,lawrence.jones@gmail.com,586-336-4272,1999-01-14,"593 Nathan Terrace Apt. 621, South Maureenland, KS 35015",61449.38,inactive,2021-08-22
1865,Jeffrey,Reid,jeffrey.reid@gmail.com,430-406-3655,1969-06-11,"44529 Velazquez Knoll Suite 443, North Brooke, RI 63261",114361.99,suspended,2023-06-23
1866,Colin,Martinez,colin.martinez@yahoo.com,796-224-2576,1991-06-11,"9729 Wilkinson Mountain, North Anthonyton, WA 27504",63185.79,active,2025-09-19
1868,Ashley,Hernandez,ashley.hernandez@hotmail.com,417-949-9457,1992-01-26,"3827 Aguilar Cape Apt. 312, East Jermaine, PA 42639",144622.16,inactive,2020-10-04
1871,Frederick,Peters,frederick.peters@yahoo.com,320-710-4777,1981-12-09,"4393 Melissa Hills, Dawnchester, OK 22272",29428.34,suspended,2025-07-20
1872,Eileen,Johnson,eileen.johnson@yahoo.com,429-496-5118,1979-01-03,"48531 James Shoal Suite 358, Bethside, CO 15242",104674.66,inactive,2026-06-06
1873,Tammy,Barrett,tammy.barrett@yahoo.com,494-276-9755,2002-08-07,"2106 Taylor Springs, South Katherinetown, ME 73784",145729.0,suspended,2024-11-29
1874,Jennifer,Hurley,jennifer.hurley@yahoo.com,519-608-1928,1953-11-09,"65955 Armstrong Green, North Cindy, NM 75711",139199.04,active,2021-01-27
1875,Karen,Morse,karen.morse@gmail.com,469-868-1491,1956-05-30,"65972 Ross Meadow Suite 775, West Kristina, NE 09925",25164.99,inactive,2021-05-26
1877,James,Franklin,james.franklin@gmail.com,975-879-2021,1942-11-09,"1500 Charles Fork Apt. 548, West Justinborough, MT 33415",70307.02,active,2022-12-26
1878,Victor,Moore,victor.moore@gmail.com,919-983-1579,1958-02-09,"08616 Petersen Squares, West Maryshire, CO 45409",94777.72,active,2019-11-04
1879,Tina,Olson,tina.olson@hotmail.com,957-827-2320,1971-05-09,"7996 Estrada Loaf, Whiteton, OR 89051",215029.14,inactive,2019-12-22
1880,Preston,Williams,preston.williams@gmail.com,940-242-2704,1997-01-29,"64320 Hicks Loaf Suite 245, Garciastad, MN 89895",25903.22,suspended,2023-08-25
1882,Lisa,Willis,lisa.willis@hotmail.com,226-992-4214,2006-10-09,"08597 Shelly Parkway Suite 794, Lake Ruth, PR 54335",136589.26,inactive,2026-01-23
1883,Joshua,Stephenson,joshua.stephenson@gmail.com,867-983-6512,1947-07-08,"76765 Stokes Union, Jillhaven, NV 86460",103941.7,inactive,2026-06-24
1884,Judith,Cruz,judith.cruz@yahoo.com,640-918-7993,1946-04-21,"1553 Nash Glen Suite 024, Port Michaelmouth, NM 22737",139998.97,active,2025-04-12
1887,Theresa,Warren,theresa.warren@hotmail.com,389-446-9143,1941-03-06,"PSC 0737, Box 3041, APO AA 00672",211862.79,active,2020-09-01
1888,Jennifer,Hughes,jennifer.hughes@gmail.com,258-329-8185,2003-08-05,"51026 Black Ways Suite 963, West Sandra, NH 37349",58091.75,active,2025-10-28
1889,Deborah,Adams,deborah.adams@yahoo.com,885-694-5790,1980-07-06,"32739 Baker Isle, Port Brian, WV 75941",239575.72,active,2022-10-05
1891,Brittany,Murray,brittany.murray@hotmail.com,410-706-6848,1986-04-01,"330 Miller Glen, West Sergio, SD 49155",217276.12,active,2020-08-02
1893,Shelly,Greene,shelly.greene@gmail.com,526-914-9870,1961-06-06,"39123 Murray Lakes Suite 133, Jenkinshaven, NV 01678",129764.88,active,2023-09-07
1895,Kevin,Schmidt,kevin.schmidt@yahoo.com,436-512-4453,1996-05-23,"34857 Ryan Way, Donnatown, VI 38650",45250.07,suspended,2020-11-03
1896,Natalie,Oliver,natalie.oliver@yahoo.com,440-915-8213,1995-12-17,"031 Spencer Viaduct, Port Elizabeth, MS 34098",162279.6,inactive,2026-04-13
1898,Connie,Watson,connie.watson@gmail.com,204-257-8680,1981-09-29,"69901 Moore Village Apt. 299, Jamesbury, AK 79196",127969.36,inactive,2025-09-25
1899,Lynn,Martin,lynn.martin@gmail.com,245-429-4370,1974-03-09,"4030 Harper Ramp Apt. 540, Lake Steven, GA 03876",102210.59,suspended,2021-09-14
1900,David,Delacruz,david.delacruz@hotmail.com,253-876-5999,1970-01-08,"85004 James Shores, Lake Benjamin, UT 50899",24949.95,inactive,2020-09-16
1901,Sarah,Martinez,sarah.martinez@gmail.com,972-544-5301,2006-05-13,"093 Regina Key, Alyssamouth, IL 68161",197874.1,suspended,2019-11-09
1902,Michael,Avila,michael.avila@yahoo.com,549-943-8111,1989-04-08,"824 Little Islands, New Maria, MN 11595",210194.79,suspended,2026-05-17
1903,Amanda,Tucker,amanda.tucker@hotmail.com,773-323-3408,1942-09-19,"4295 William Ferry, Michaelmouth, TX 55394",229449.14,suspended,2026-01-16
1904,Kim,Logan,kim.logan@hotmail.com,674-634-9501,1982-11-28,"9030 Barbara Stream Suite 448, Hughesmouth, AL 93379",75742.36,inactive,2020-09-07
1908,Justin,Erickson,justin.erickson@gmail.com,212-327-6028,1939-06-23,"49379 Gilbert Brook Suite 045, Carolport, OH 41204",144193.92,inactive,2019-11-12
1910,David,Rivera,david.rivera@hotmail.com,691-853-4569,2005-05-17,"76749 Nicholas Crossing, Port Valerie, NM 19837",108711.62,suspended,2022-08-29
1912,Michael,Dean,michael.dean@yahoo.com,984-482-5252,1992-07-25,"2168 James Underpass Suite 668, New Loristad, WV 01520",210930.29,active,2023-10-16
1913,Kevin,Lara,kevin.lara@hotmail.com,350-832-1812,1988-04-16,"043 Thomas Land Suite 785, North Connie, OR 60373",69653.28,suspended,2024-09-22
1914,Brandy,Walker,brandy.walker@hotmail.com,900-718-8214,2005-03-29,"316 Alexandra Path, Debbietown, CO 04880",146735.74,active,2024-08-13
1915,Miguel,Tyler,miguel.tyler@hotmail.com,448-376-6477,1959-01-17,"15320 Richard Causeway, New Jeanbury, VT 28961",234512.68,active,2024-02-16
1917,Cory,Avila,cory.avila@yahoo.com,719-654-2854,1998-11-25,"420 Kerry Squares, East Kellyfurt, NE 38787",131449.88,active,2025-10-24
1918,Timothy,Hernandez,timothy.hernandez@yahoo.com,784-580-7815,1990-05-22,"7832 Greene Mews, Allenmouth, NC 12680",33849.28,active,2023-01-11
1919,Felicia,Dunn,felicia.dunn@yahoo.com,225-534-6902,1983-04-19,"9924 Fox Shore Apt. 446, Port Ashley, VT 44404",92366.84,inactive,2025-01-28
1920,John,Patrick,john.patrick@yahoo.com,681-501-1510,1950-03-15,"2394 Shelly Road Suite 908, Adamsshire, MS 51681",53589.45,active,2022-06-25
1921,Robert,Ferrell,robert.ferrell@hotmail.com,805-226-2740,1982-08-07,"822 John Trail, West Patrick, NM 18506",153206.47,inactive,2024-12-31
1924,David,Foster,david.foster@hotmail.com,360-288-1504,2001-08-28,"4943 Sexton Expressway Suite 056, West Suzannestad, ID 33440",239514.48,suspended,2025-10-25
1925,Lauren,Thompson,lauren.thompson@gmail.com,367-973-3719,1959-07-06,"867 Bryant Courts, Derrickbury, MD 11356",206166.11,suspended,2021-12-29
1926,Crystal,Davis,crystal.davis@hotmail.com,683-875-9592,2004-01-30,"6513 Leslie Walk, Brandonland, SC 34987",133514.59,inactive,2019-11-16
1928,Jill,Henry,jill.henry@gmail.com,522-966-2890,1987-12-25,"184 Stevens Villages, Bettychester, MN 81521",171862.24,inactive,2021-07-27
1930,Bradley,Dunlap,bradley.dunlap@gmail.com,819-435-8355,1976-03-11,"513 Ronnie Branch Apt. 216, Robertsborough, GU 60781",192559.52,active,2021-04-02
1932,Lauren,White,lauren.white@yahoo.com,466-493-6596,1996-04-20,"23361 Faulkner Junction Apt. 624, Nguyenmouth, FL 55680",87673.44,active,2019-11-22
1933,Stephen,Taylor,stephen.taylor@gmail.com,717-351-9096,1972-01-18,"702 Ramsey Creek Apt. 056, Williamsshire, AL 42340",158443.81,active,2021-12-17
1934,Steven,Jones,steven.jones@gmail.com,215-370-2979,1992-07-21,"Unit 1816 Box 7932, DPO AE 48339",110934.88,suspended,2021-08-04
1935,Lauren,Lopez,lauren.lopez@gmail.com,960-303-3070,1944-11-15,"54849 Donaldson Ways, Riveraton, MH 58482",211019.85,suspended,2021-05-31
1936,Bonnie,Lopez,bonnie.lopez@gmail.com,274-335-9436,2006-07-19,"24264 Brady Tunnel, Courtneymouth, WA 14967",210447.36,inactive,2024-10-23
1937,Ashley,Thomas,ashley.thomas@gmail.com,330-611-4955,1970-10-21,"4880 Garcia Rest, East Justin, WI 48345",176060.34,active,2022-09-16
1938,Jennifer,Walker,jennifer.walker@yahoo.com,805-823-2765,1978-06-24,"57543 Haynes Center, New Loriport, DE 53666, SSN 884-81-2386",238697.77,active,2022-11-28
1939,Kelli,Baker,kelli.baker@yahoo.com,659-618-8368,2002-01-29,"USS Bowman, FPO AE 13069",182434.84,inactive,2022-09-14
1940,Kristie,Smith,kristie.smith@hotmail.com,916-337-4005,1982-09-28,"25928 Michelle Road, Davisside, MN 50397",178663.06,suspended,2021-05-01
1942,Christopher,Gray,christopher.gray@hotmail.com,649-380-9334,1974-08-29,"9364 Johnson Rapids, Jenniferton, MS 46426",178402.37,inactive,2023-02-02
1944,Melissa,Mooney,melissa.mooney@yahoo.com,618-881-7649,1962-04-02,"2078 Coleman Shoal Apt. 719, South Anthony, DC 83283",81327.1,inactive,2020-10-16
1949,Chelsea,Bell,chelsea.bell@gmail.com,765-720-3766,2000-02-01,"7486 Lopez Plains, New Davidville, NM 95782",24071.73,active,2024-05-12
1950,Tyler,Hicks,tyler.hicks@yahoo.com,399-206-9001,1960-04-06,"9958 Robinson Freeway, Paulshire, OR 62062",202816.0,active,2020-08-25
1951,Karen,Thompson,karen.thompson@gmail.com,488-784-7987,1975-07-17,"306 Simmons Ports, East Patrickfort, DE 76172",180523.85,suspended,2024-05-27
1953,David,Yates,david.yates@hotmail.com,288-340-5562,1964-06-11,"35526 Brian Rapid Suite 874, Gordonville, HI 73708",180422.69,inactive,2023-09-25
1955,Rebecca,Smith,rebecca.smith@gmail.com,420-784-6914,1978-08-11,"750 Nguyen Orchard Suite 791, Turnerland, PW 16955",167202.09,active,2023-08-03
1957,Jacqueline,Brooks,jacqueline.brooks@hotmail.com,771-876-1583,1980-03-17,"94339 Richard Lane Suite 088, Markfurt, OK 36188",228718.52,suspended,2024-07-19
1958,Jeremy,Livingston,jeremy.livingston@hotmail.com,264-619-6037,2007-12-24,"PSC 4101, Box 0427, APO AP 78227",211609.49,active,2023-12-04
1959,Thomas,Dean,thomas.dean@yahoo.com,471-681-3481,1948-04-14,"01818 Carr Road, East Susanshire, IA 48959",125560.59,active,2024-06-27
1960,Shane,Ashley,shane.ashley@gmail.com,489-334-4253,1942-11-19,"15703 Ellis Locks, Lake Christopherchester, LA 90562",158919.54,active,2021-02-10
1961,Evan,Lopez,evan.lopez@yahoo.com,203-644-2102,1962-05-17,"PSC 4620, Box 2135, APO AP 33355",126933.44,suspended,2024-04-12
1962,Laura,Dean,laura.dean@hotmail.com,239-628-5310,1989-12-26,"407 Karen Gateway, Jeremyfurt, MS 08635",154169.97,suspended,2024-09-07
1964,Charles,Chen,charles.chen@hotmail.com,499-884-8947,1981-10-09,"22417 Ross Lights, New Matthewview, TN 11759",126829.28,suspended,2024-01-31
1966,Scott,Salazar,scott.salazar@hotmail.com,311-986-1019,1998-08-12,"290 Thompson Unions Suite 922, Port Brendaville, SD 90360",72921.97,inactive,2023-06-18
1967,Curtis,Campbell,curtis.campbell@hotmail.com,675-526-2860,1998-04-21,"141 Smith Corner Apt. 856, New David, PR 22574",95162.44,inactive,2024-09-15
1969,Hannah,Thomas,hannah.thomas@gmail.com,497-474-9314,1987-08-17,"USS Wright, FPO AA 60409",65753.57,inactive,2026-05-11
1971,Danielle,Martinez,danielle.martinez@yahoo.com,635-608-5271,1973-08-01,"180 Corey Circle, Nicoleborough, CT 47595",220545.86,inactive,2021-09-22
1972,Richard,Rich,richard.rich@gmail.com,547-851-1747,1965-02-19,"2840 Dylan Stream, Ralphfurt, NJ 11206",86489.36,inactive,2024-03-24
1973,Crystal,Duarte,crystal.duarte@gmail.com,370-748-4378,1988-11-03,"3423 Alexander Canyon, Wellstown, ME 18145",191060.54,active,2020-04-06
1974,Christine,Dennis,christine.dennis@hotmail.com,393-899-8739,1953-09-03,"Unit 9876 Box 6740, DPO AP 92356",22422.22,suspended,2019-11-01
1975,Nancy,Grimes,nancy.grimes@yahoo.com,292-999-6460,2006-10-20,"75240 John Forge, Port Mitchellland, AK 90668",220514.74,suspended,2022-06-06
1977,Karen,Ashley,karen.ashley@hotmail.com,935-434-5754,1960-08-20,"238 Linda Extension Apt. 632, Dunnchester, NC 03298",195885.36,inactive,2022-03-31
1979,Emily,Curtis,emily.curtis@yahoo.com,304-713-7519,2006-11-24,"050 Lucero Shoal Apt. 775, Lake Angelicaport, OK 37535",193678.25,active,2020-10-11
1980,Donna,Lynch,donna.lynch@yahoo.com,508-224-4768,1994-08-13,"6866 Kayla Freeway Apt. 595, New Kimberlyview, OH 37132",158205.32,suspended,2023-07-05
1982,Donna,Gomez,donna.gomez@hotmail.com,334-958-5423,1949-11-27,"96745 Emily Wall, Perezstad, VA 79852",209360.38,active,2022-03-10
1984,Victoria,Gonzalez,victoria.gonzalez@hotmail.com,355-297-7408,1960-02-05,"81718 Michael Wall, Emilymouth, FM 18723",61131.07,suspended,2019-11-25
1985,Stephanie,Wilson,stephanie.wilson@gmail.com,635-724-1383,1980-09-08,"637 Chad Inlet Apt. 310, Martinbury, AR 57122",85078.18,inactive,2023-01-20
1987,David,Mason,david.mason@yahoo.com,616-774-5563,2000-05-06,"81702 Compton Circles Suite 878, Mayborough, HI 08919",125303.59,suspended,2024-03-10
1988,Juan,Obrien,juan.obrien@yahoo.com,975-967-1346,1960-11-09,"20434 Scott Stream, West Kevin, CT 06187",238480.18,suspended,2020-12-31
1989,Robert,Jones,robert.jones@gmail.com,981-759-2774,1973-05-19,"0104 James Freeway Suite 557, Deanfort, WV 19734",118404.02,suspended,2022-07-03
1990,Gabrielle,Anderson,gabrielle.anderson@gmail.com,247-451-8985,2006-06-18,"7217 Norton Club Suite 877, Alvarezmouth, PW 49137",100100.4,suspended,2022-03-24
1991,Michelle,Robinson,michelle.robinson@yahoo.com,540-347-2370,1998-12-02,"39818 Christina Row, North Joshua, NJ 29969",39176.37,active,2023-03-14
1992,Benjamin,Ward,benjamin.ward@hotmail.com,807-455-2374,1990-01-23,"868 Deanna Turnpike Suite 341, South Suzanneshire, TN 53288",49375.39,suspended,2021-03-10
1993,Kimberly,Luna,kimberly.luna@gmail.com,995-262-9646,1966-03-19,"7585 Rebecca Coves, Johnfurt, VA 18878",31083.12,inactive,2020-10-24
1994,Antonio,Lester,antonio.lester@yahoo.com,518-958-6535,1986-01-31,"271 King Loop, New Lee, MT 60281",203219.8,active,2022-01-24
1997,Theresa,Lloyd,theresa.lloyd@gmail.com,672-925-8913,1987-07-19,"04094 Wolf Cliff Apt. 246, Lake Scottfort, ND 91314",132203.71,suspended,2023-01-27
1999,Ronald,Webb,ronald.webb@hotmail.com,966-324-3722,1994-02-25,"62447 Heather Port Suite 711, North Waynemouth, WI 02307",61815.61,active,2020-11-07
2000,Jerry,Moore,jerry.moore@yahoo.com,724-969-7830,2005-03-11,"430 Sanchez Inlet Suite 689, Sandovalview, PA 89540",126156.93,suspended,2021-12-04
2001,Brian,Lewis,brian.lewis@gmail.com,608-209-5861,1959-08-13,"177 Jose Ville, West Tanner, LA 69627",44103.49,inactive,2021-12-29
2004,Linda,Harrison,linda.harrison@gmail.com,819-457-8735,1975-05-22,"Unit 5362 Box 5123, DPO AE 10074",120759.4,inactive,2020-11-09
2005,Lorraine,Scott,lorraine.scott@hotmail.com,921-982-8121,1941-09-13,"206 Tracy Gateway, Banksborough, AR 04832",20180.3,inactive,2025-03-01
2006,Michael,Anderson,michael.anderson@gmail.com,681-268-1091,1992-08-13,"Unit 4426 Box 7353, DPO AP 35302",87228.59,active,2024-12-30
2009,Brittany,Petersen,brittany.petersen@hotmail.com,397-481-5656,1977-09-30,"528 Matthew Valley, Stewartfort, VT 87749",200207.48,inactive,2026-07-11
2011,Kimberly,Hill,kimberly.hill@yahoo.com,970-923-1575,1960-02-27,"46400 Smith Port, South Kenneth, NE 17003",40860.73,active,2024-05-30
2012,Susan,Powers,susan.powers@yahoo.com,469-777-2676,1983-07-30,"7938 Leach Way, Denisefurt, AK 76891",46128.31,suspended,2024-09-06
2013,Craig,Martinez,craig.martinez@yahoo.com,727-440-5472,1956-01-02,"4539 Williams Throughway, Brownbury, FL 83369",232598.27,suspended,2022-05-22
2015,Emily,Harper,emily.harper@hotmail.com,350-346-3700,2000-07-02,"78952 Ronald Turnpike Suite 949, Swansonmouth, AS 40647",123553.01,suspended,2019-10-15
2019,Jennifer,Martin,jennifer.martin@yahoo.com,939-511-9860,1980-09-22,"595 Laura Pine Apt. 767, Nortonburgh, IL 82414",214089.41,active,2020-10-29
2020,Jason,Lyons,jason.lyons@gmail.com,928-346-8163,1993-10-16,"PSC 3732, Box 7839, APO AA 98304",142427.86,inactive,2023-07-27
2021,Beth,Miller,beth.miller@yahoo.com,901-323-8133,1946-05-02,"60772 Jonathan Road, Stephaniehaven, MS 75113",162764.45,active,2023-11-15
2022,Elizabeth,Reyes,elizabeth.reyes@yahoo.com,677-989-6668,2006-06-05,"55731 Michael Avenue Apt. 187, North Elizabeth, OK 47864",179725.11,active,2022-08-01
2023,Brett,Dean,brett.dean@gmail.com,395-591-7130,1953-05-05,"29734 Judy Path, Brettburgh, TX 90983",57739.24,suspended,2020-05-28
2024,Shawn,Gaines,shawn.gaines@yahoo.com,652-569-9618,2007-09-27,"268 Aaron Circle, Hernandeztown, OH 86380",61265.27,suspended,2024-06-26
2025,Courtney,Miller,courtney.miller@gmail.com,296-577-5157,1980-11-06,"USS Boyd, FPO AA 46005",129620.13,active,2022-12-31
2031,Patricia,Castro,patricia.castro@hotmail.com,852-927-2021,2003-09-01,"574 Susan Corners Apt. 667, South Keith, CO 66561",87760.51,suspended,2021-09-16
2032,Seth,Young,seth.young@hotmail.com,870-828-1273,1983-10-20,"77012 Andrews Wells Apt. 645, West Tina, NV 72142",91851.63,suspended,2024-07-03
2034,Donald,Williams,donald.williams@gmail.com,883-885-2007,1972-07-10,"3571 Michael Orchard, North Eric, IA 01137",32419.99,suspended,2022-01-05
2035,Anthony,Deleon,anthony.deleon@yahoo.com,285-376-8264,1995-06-18,"153 Janice Falls Suite 660, New Ambertown, FM 44232",27880.87,suspended,2023-09-10
2039,Renee,Ellis,renee.ellis@gmail.com,985-373-1171,1952-06-23,"7405 Compton Village Suite 618, West Kathleen, VA 65967",66290.74,inactive,2026-06-16
2041,Eugene,Harris,eugene.harris@gmail.com,517-254-7214,1991-07-21,"59007 Jason Dam, West Jenniferhaven, KS 46521",174712.9,active,2025-03-12
2042,Robert,Mclean,robert.mclean@yahoo.com,778-523-7782,1983-09-01,"76604 Butler Radial Apt. 911, Jenningsport, MN 58195",68163.2,suspended,2025-02-08
2043,Denise,Vasquez,denise.vasquez@hotmail.com,381-502-5249,1984-03-21,"USCGC Randolph, FPO AA 94817",172857.91,inactive,2024-06-12
2045,Ashley,Medina,ashley.medina@yahoo.com,846-903-3793,1961-10-08,"75442 Adam Club Suite 069, New Margaret, NH 89556",26154.3,suspended,2021-08-22
2046,Jesse,Fox,jesse.fox@hotmail.com,750-782-4451,1974-02-04,"7246 Harris Camp, East Lauren, CO 34179",238613.75,inactive,2024-12-08
2048,Alexandra,Flores,alexandra.flores@gmail.com,725-991-4452,1984-07-26,"96151 Lee Rest Suite 457, West Charles, NV 75457",75323.47,inactive,2025-08-31
2049,Nichole,Gonzalez,nichole.gonzalez@hotmail.com,318-729-4054,1985-04-17,"355 Moses River, Mcphersonbury, TN 27152",123496.58,inactive,2026-05-01
2050,Lindsey,Daniels,lindsey.daniels@hotmail.com,581-777-7191,1956-01-19,"417 Mark Springs Suite 019, Port Lynnchester, DC 35069",164143.67,active,2023-01-23
2051,Michelle,Villa,michelle.villa@yahoo.com,844-567-1129,1979-10-10,"293 Solis Spur Suite 268, Maryfort, OR 60476",53242.61,inactive,2025-07-05
2052,James,Olson,james.olson@hotmail.com,863-302-4065,1978-09-01,"02719 Erin River, Melissaberg, MP 01684",220719.04,inactive,2022-11-27
2054,Robert,White,robert.white@gmail.com,789-911-8126,1967-09-30,"6339 Tricia Knoll Apt. 824, Lake David, DC 42841",180271.98,suspended,2020-01-10
2055,John,Ryan,john.ryan@yahoo.com,940-582-6535,1986-11-04,"755 Jones Harbor, North Donald, LA 69866",125127.79,inactive,2023-11-07
2056,Kenneth,Mullins,kenneth.mullins@yahoo.com,439-981-9306,1981-10-06,"0933 Zachary Walk Suite 024, Adamborough, CO 03653, tel 885-935-5917",41943.88,inactive,2026-03-26
2058,David,Kelly,david.kelly@gmail.com,619-555-1971,1981-09-23,"147 Hector Loaf Suite 615, New Jay, WI 76142",229231.64,suspended,2019-12-28
2059,Julie,Anderson,julie.anderson@yahoo.com,333-879-6458,1941-03-30,"15013 Rivas Forges, New Brent, GA 62439",193062.41,active,2025-02-12
2060,Christine,Yang,christine.yang@hotmail.com,493-889-5407,2000-08-01,"247 Lopez Squares Apt. 299, East Shannonville, UT 79211",119834.4,active,2023-03-20
2061,Daniel,Downs,daniel.downs@yahoo.com,874-351-4283,1967-05-17,"7142 Kristine Corners Suite 220, Gatesmouth, PA 12145",214015.95,inactive,2026-09-03
2062,Brandon,Love,brandon.love@yahoo.com,389-441-4331,1981-02-07,"64443 Kaitlyn Port Suite 914, East Hannah, VT 01478",114913.85,suspended,2025-10-12
2063,Crystal,Ford,crystal.ford@gmail.com,901-768-7131,1986-09-27,"8352 Romero Vista Suite 857, North Carolynborough, ID 71333",19097.74,active,2024-12-14
2064,Karen,Robinson,karen.robinson@gmail.com,682-763-7456,1977-10-08,"63258 Brewer Mountains, Dyerport, MO 48955",173129.1,inactive,2025-07-24
2065,Andrea,Martinez,andrea.martinez@gmail.com,674-923-4977,1948-09-22,"0344 Little Forges Apt. 465, Foleyhaven, LA 09028",187398.47,active,2022-06-18
2066,Matthew,Goodman,matthew.goodman@hotmail.com,525-981-3187,1973-12-03,"5735 Lisa Passage, Danielfort, MO 75065",106774.15,inactive,2025-03-29
2067,Emily,Howard,emily.howard@hotmail.com,811-603-9750,1983-04-16,"6003 Seth Island Apt. 296, Zacharyberg, CO 01641",33907.81,inactive,2021-12-02
2068,Anne,White,anne.white@gmail.com,227-427-3918,1948-08-06,"5795 Shawn Curve Apt. 766, West Chadberg, NE 40725",188461.35,inactive,2020-02-08
2069,Jason,Lopez,jason.lopez@yahoo.com,713-201-7523,1976-03-11,"72298 David River, West Danielle, FL 41316",221038.09,suspended,2022-11-14
2070,Patricia,Lambert,patricia.lambert@hotmail.com,604-524-8235,1988-01-20,"14962 Johnson Valley Suite 953, New Taylorborough, TN 86519",64893.58,inactive,2025-02-18
2071,Kelly,Porter,kelly.porter@yahoo.com,593-869-3947,2000-05-13,"78244 Jordan Lock, Lawsonside, IN 57049",112507.91,inactive,2022-11-16
2072,Sarah,Weiss,sarah.weiss@hotmail.com,891-692-1570,1980-10-14,"Unit 4386 Box 8250, DPO AP 43358",75946.33,inactive,2022-05-06
2073,Matthew,White,matthew.white@hotmail.com,637-682-7474,1992-08-03,"66923 Mark Street Apt. 734, Weeksburgh, NJ 07690",203199.61,inactive,2024-11-06
2074,Jessica,Nelson,jessica.nelson@gmail.com,902-950-2661,2001-04-13,"4666 Brandon Courts, Carolfurt, CO 72177",163602.83,inactive,2022-10-19
2076,Mario,Marsh,mario.marsh@gmail.com,869-886-7581,2007-08-28,"88331 Amy Crossing Suite 934, Fisherland, AS 18224",111785.47,active,2021-03-25
2078,Henry,Smith,henry.smith@gmail.com,999-684-6489,1963-08-27,"2313 Lisa Locks, Lake Carl, WI 01139",205405.39,inactive,2022-07-02
2079,Brittney,Thompson,brittney.thompson@gmail.com,634-744-7282,1998-09-04,"18967 Austin Creek, New Michael, AK 32598",211209.77,active,2024-09-04
2080,Connor,Mejia,connor.mejia@yahoo.com,545-924-5224,1995-03-16,"000 Diana Route Apt. 765, Port Katherine, LA 40990",61870.1,suspended,2026-08-09
2082,Tammy,Escobar,tammy.escobar@yahoo.com,575-251-7050,1964-10-08,"808 Justin Station, East Maryburgh, DE 50365",74016.55,inactive,2021-07-09
2083,Elizabeth,Smith,elizabeth.smith@yahoo.com,985-224-9892,1948-02-20,"41832 Lopez Mission, Martinberg, SD 06128",77326.29,inactive,2023-05-12
2084,Nicole,Davis,nicole.davis@gmail.com,893-482-2471,1976-09-04,"542 Gary Lights Suite 011, Griffinville, DE 57256",84085.7,active,2022-01-02
2087,Laura,Smith,laura.smith@yahoo.com,641-481-6658,1951-11-30,"467 Brown Tunnel, Gordonchester, NV 80451",233751.32,suspended,2021-02-23
2088,Travis,Gross,travis.gross@hotmail.com,950-736-8510,1953-04-27,"76440 Peck Fort, Marktown, CO 65715",27022.3,inactive,2023-12-12
2089,Raven,Ramos,raven.ramos@yahoo.com,350-823-2656,1975-04-02,"28290 Melanie Plaza Apt. 205, North Karenland, GU 25834",102784.68,active,2026-04-03
2090,Jonathan,Simmons,jonathan.simmons@gmail.com,722-364-9227,2001-08-18,"99050 Kevin Locks, Calebfort, SC 93989",111801.64,active,2022-11-23
2092,Stephanie,Mccoy,stephanie.mccoy@gmail.com,784-467-5967,1998-04-01,"79044 Shelby Plains Apt. 901, Port Stacyview, GU 44445",154659.09,suspended,2024-07-14
2093,Holly,Porter,holly.porter@hotmail.com,583-787-8748,1986-10-29,"1952 Cunningham Street Apt. 170, Port Cody, NE 40664",65776.46,inactive,2026-02-18
2094,Mark,Frederick,mark.frederick@yahoo.com,483-713-1749,1984-01-16,"22380 Padilla Keys Apt. 478, South Steven, DC 42784",152226.21,active,2024-08-07
2095,Michelle,Chandler,michelle.chandler@gmail.com,479-205-7671,1947-11-07,"928 Warren Point Suite 358, Thompsonmouth, GA 81686, SSN 739-84-2101",63984.27,inactive,2023-06-27
2096,Cathy,Herring,cathy.herring@gmail.com,481-473-8576,1949-09-25,"702 Johnson Via Apt. 986, Gonzalezhaven, ME 50848",150995.64,suspended,2025-03-24
2101,Joseph,Johnston,joseph.johnston@yahoo.com,745-914-3785,1963-12-06,"Unit 5742 Box 1884, DPO AE 82481",167402.88,inactive,2024-04-27
2102,Kayla,Gray,kayla.gray@hotmail.com,876-785-2287,1972-07-18,"29116 Goodwin Row Apt. 464, New Caitlyn, NY 58455",158167.26,suspended,2026-04-27
2103,Glenn,Alexander,glenn.alexander@gmail.com,412-965-9676,1977-09-19,"9153 Bruce Island Apt. 451, Port Joshua, FM 75059",99960.5,inactive,2025-10-01
2104,Gregory,Mcdaniel,gregory.mcdaniel@gmail.com,662-890-8657,1941-05-01,"245 Whitney Burg Apt. 246, Rebeccabury, WA 63205",24563.33,suspended,2023-02-23
2105,Amanda,Becker,amanda.becker@yahoo.com,839-560-8070,1956-03-20,"USNV Harris, FPO AE 83822",110217.24,active,2024-10-24
2106,Chad,Adams,chad.adams@yahoo.com,657-800-5447,1941-04-14,"961 Nicholas Way Suite 374, Port Dylanland, NC 64868",237709.01,inactive,2023-07-02
2108,Christopher,Williams,christopher.williams@yahoo.com,784-496-3926,1989-09-26,"2898 Mccormick Wall, Lake Dennis, HI 08375",210006.31,suspended,2025-06-10
2109,Angela,Oneal,angela.oneal@yahoo.com,688-791-6734,1972-09-16,"50796 Williamson Via Suite 842, North Deborahport, CO 36973",110835.96,suspended,2020-07-06
2110,Mary,Taylor,mary.taylor@yahoo.com,988-571-2730,1983-09-04,"72386 Jennifer Knoll Suite 285, Stephenmouth, TN 62175",165460.08,suspended,2023-02-06
2111,Heidi,Lewis,heidi.lewis@yahoo.com,714-748-9724,1951-11-23,"305 Porter Ports, Kellerside, PR 27891",105062.49,inactive,2023-02-13
2115,Robin,Fox,robin.fox@gmail.com,390-647-3941,1991-10-01,"408 Mcgrath Rest Apt. 565, West Eric, KY 84506",153354.75,suspended,2026-05-11
2116,John,Mejia,john.mejia@hotmail.com,784-949-7697,2001-06-21,"USNV Johnson, FPO AA 95231",227898.56,suspended,2019-12-17
2117,Patricia,Morse,patricia.morse@yahoo.com,370-782-8731,1953-12-26,"3748 Luna Summit Apt. 512, West Sharon, WA 72696",169928.6,inactive,2023-11-18
2118,Maria,Barnes,maria.barnes@hotmail.com,869-598-9377,2006-08-28,"75227 Christine Port, Murphyburgh, IL 82312",209683.3,active,2019-12-09
2119,Ray,Scott,ray.scott@hotmail.com,940-445-3870,1967-08-17,"USS Thomas, FPO AE 87634",122821.49,suspended,2022-07-18
2120,Zachary,Adams,zachary.adams@yahoo.com,826-431-1955,1990-10-09,"59124 Robert Streets Suite 753, Chadborough, TX 80228",216566.94,active,2023-01-24
2121,Monica,Brooks,monica.brooks@gmail.com,670-450-8268,1956-11-16,"1426 Andrew Circle Suite 206, East Joseph, MT 10492",237716.36,active,2021-07-06
2122,Casey,George,casey.george@hotmail.com,856-313-6427,1967-04-20,"82659 Donna Square Apt. 419, South Christopherfurt, AR 32641",211602.97,active,2021-01-27
2123,James,Clayton,james.clayton@hotmail.com,939-271-1112,1986-09-23,"4184 Robert Unions Suite 020, North Jeffrey, PW 73026",184191.1,suspended,2021-07-01
2125,John,Perry,john.perry@yahoo.com,323-932-9751,1985-05-14,"4590 John Parkways Apt. 954, West Kelsey, VA 15055",176677.66,inactive,2020-08-28
2126,Daniel,Williams,daniel.williams@yahoo.com,499-607-1653,1965-07-23,"3308 James Gateway Apt. 135, West Terrihaven, MD 44588",98668.87,suspended,2026-01-05
2129,Elizabeth,Moore,elizabeth.moore@hotmail.com,448-694-4442,1978-03-17,"937 Tate Estates Suite 828, Alyssaside, PA 11593",76720.71,inactive,2025-02-02
2130,Brittany,Zamora,brittany.zamora@hotmail.com,669-926-9053,1951-02-04,"516 Weber Cliff Suite 564, Ryanmouth, FL 31729",185055.55,inactive,2025-11-07
2132,David,Cohen,david.cohen@yahoo.com,461-553-3815,1985-07-22,"936 Thomas Row, Rebeccaberg, PW 66496",187013.65,active,2020-04-23
2133,Heidi,Brown,heidi.brown@hotmail.com,226-426-7076,1961-11-19,"7073 Haynes Manors, Lake Johnchester, CT 29541",143105.75,suspended,2023-06-13
2134,Elizabeth,Smith,elizabeth.smith@yahoo.com,933-362-5992,1982-07-27,"164 Olson Ville, South Michael, SD 23986",123513.24,inactive,2023-03-30
2135,Jennifer,Dawson,jennifer.dawson@hotmail.com,358-961-3106,1948-04-17,"678 Knapp Knoll, South Rebeccafurt, NC 67097",50528.8,inactive,2023-05-18
2136,Chad,Howard,chad.howard@yahoo.com,852-433-1458,1974-03-23,"6616 Castro Prairie Suite 093, Villabury, MS 33384",206904.05,suspended,2023-10-19
2138,Carlos,Anderson,carlos.anderson@gmail.com,615-688-3791,1941-10-25,"748 Riley Plaza Suite 879, Stevensonland, OK 56187",233873.54,suspended,2020-11-20
2139,Sarah,Brown,sarah.brown@gmail.com,713-521-9574,1994-09-17,"3692 Kathleen Via, South Johnbury, AL 16295",101108.49,inactive,2020-02-06
2140,Dennis,Campbell,dennis.campbell@hotmail.com,737-693-3873,1950-07-11,"PSC 0176, Box 3191, APO AP 66352",125447.65,inactive,2024-10-14
2142,Jillian,Henry,jillian.henry@yahoo.com,826-932-1540,1983-09-23,"98410 Hobbs Villages Apt. 327, North Jeffery, DC 40941",162299.26,inactive,2019-11-10
2143,Katie,Thompson,katie.thompson@yahoo.com,971-993-5225,1963-12-12,"52356 Darren Passage Apt. 038, Lake Meganshire, MA 66767",204474.92,suspended,2021-07-13
2147,Matthew,Li,matthew.li@hotmail.com,950-590-4720,1942-05-11,"8780 Clarke Crossroad Suite 524, Lauraland, NY 47102",68691.46,suspended,2024-08-19
2148,Ernest,Cummings,ernest.cummings@hotmail.com,241-823-5354,1967-10-12,"15149 Alexander Loop, Autumnbury, MO 95643",140538.6,active,2024-09-10
2149,Christopher,Vincent,christopher.vincent@yahoo.com,950-265-3171,1942-01-10,"82261 Douglas Station Apt. 294, Bettyport, ID 88437",134007.81,active,2024-07-20
2151,Zachary,Thomas,zachary.thomas@gmail.com,849-274-4218,2004-02-11,"360 Beth Haven Apt. 270, Reyesside, WI 43385",124182.39,inactive,2023-02-08
2153,Eric,Chang,eric.chang@hotmail.com,782-209-8041,1964-12-25,"6372 James Mills Apt. 448, South Michael, NJ 00626",209172.88,active,2023-04-27
2154,Steve,Garcia,steve.garcia@hotmail.com,288-643-9436,1944-02-07,"5743 Burns Bypass Suite 467, New John, MO 33433",148744.13,suspended,2021-09-19
2156,Roy,Martinez,roy.martinez@gmail.com,350-862-3432,1952-01-28,"92662 Nelson Park, Lake Antoniomouth, NC 07283",132152.45,suspended,2024-09-13
2157,Kevin,Atkinson,kevin.atkinson@yahoo.com,744-454-6589,1981-10-24,"700 Chad Prairie Apt. 073, Jonathanmouth, PW 99889",79114.01,suspended,2023-09-20
2158,Jenna,Mccoy,jenna.mccoy@hotmail.com,676-609-8841,1963-07-25,"9390 Garcia Coves, Staceyfurt, NM 09372",234944.84,active,2023-03-22
2159,Alexandra,Thomas,alexandra.thomas@gmail.com,325-328-6613,1964-12-13,"USNV Carter, FPO AP 71484",128064.92,active,2026-08-11
2162,Marie,Skinner,marie.skinner@hotmail.com,512-527-9690,1981-02-18,"34039 Pierce Place Suite 443, New Coryborough, MT 31803",122756.39,suspended,2021-01-20
2163,Eugene,Avila,eugene.avila@hotmail.com,415-784-3532,1981-10-10,"026 Allen Expressway Apt. 715, Anitaside, MD 15865",89875.93,active,2019-11-06
2164,Jeffrey,Summers,jeffrey.summers@gmail.com,771-404-8900,1939-12-09,"605 Calderon Lodge Suite 719, Lake Kimberly, GU 87649",90301.24,suspended,2022-03-29
2165,Angelica,Lawson,angelica.lawson@gmail.com,626-998-5413,1966-03-11,"87574 Michael Road, East Erin, AL 27923",68776.64,inactive,2020-01-03
2166,Robert,Gray,robert.gray@yahoo.com,579-348-6017,1966-05-09,"249 Bates Extensions, Morrismouth, CA 25318",92086.32,inactive,2023-04-12
2167,Sandra,Campbell,sandra.campbell@yahoo.com,660-515-7968,1941-11-02,"514 Perez Knolls Apt. 574, Ericahaven, ND 19665",143049.58,inactive,2023-02-23
2168,Tonya,Morris,tonya.morris@hotmail.com,788-807-1405,2008-03-09,"185 Kathleen Cove, West Jillfort, MH 33223",161365.98,active,2022-02-24
2169,Kristin,Stephens,kristin.stephens@yahoo.com,219-921-4313,1967-09-15,"4670 Brown Loop Apt. 983, North Michele, IN 34471",64311.21,suspended,2023-08-10
2170,Ryan,Park,ryan.park@gmail.com,582-224-6273,1985-09-25,"603 Francis Key Suite 333, East Kevin, FM 47629",112904.63,inactive,2023-05-18
2172,Joanne,Odonnell,joanne.odonnell@yahoo.com,480-309-2219,1963-07-29,"862 Carpenter Mountain, Timothyburgh, MH 28760",71976.59,inactive,2021-09-30
2175,Michelle,Duran,michelle.duran@yahoo.com,260-303-1919,1956-02-11,"941 Hill Land, Calebside, RI 22021",159997.56,inactive,2022-06-23
2176,Lucas,Merritt,lucas.merritt@gmail.com,648-491-2819,1960-06-09,"35630 Rebecca Estate, South Thomas, MD 88022",122748.67,suspended,2022-07-16
2177,Kevin,Salazar,kevin.salazar@yahoo.com,940-985-7687,2002-01-21,"Unit 9865 Box 7168, DPO AP 94059",200996.98,active,2023-01-16
2178,Samuel,Taylor,samuel.taylor@gmail.com,413-398-3228,1955-10-13,"86286 Cruz Road Apt. 476, Lake Erinside, HI 28144",115293.99,inactive,2023-05-01
2179,Andrew,Jackson,andrew.jackson@yahoo.com,981-876-5271,1957-04-24,"946 Fitzpatrick Shores, South Jason, MO 27024",141581.72,suspended,2020-07-21
2180,John,Christian,john.christian@yahoo.com,343-990-2114,1946-10-31,"2628 Joe Fords, Collinston, NY 37723",211301.02,suspended,2026-06-09
2181,Krista,Contreras,krista.contreras@yahoo.com,569-991-8304,1944-11-14,"3430 Sherri Circle, South Robertfurt, NE 23952",183894.65,active,2023-03-01
2182,Traci,Maddox,traci.maddox@hotmail.com,679-433-8549,1992-03-05,"1408 Chavez Walk Suite 229, Charlesville, SC 00741",98409.24,active,2023-01-30
2183,William,Rose,william.rose@gmail.com,461-818-1379,1947-11-25,"002 Macdonald Hill Suite 901, Greenmouth, ID 67493",49139.93,suspended,2023-10-12
2185,Melinda,Hernandez,melinda.hernandez@gmail.com,216-779-8163,1962-09-27,"42389 Michael Summit, Melanietown, NH 10497",239035.29,suspended,2022-06-30
2187,Ryan,Davis,ryan.davis@hotmail.com,294-771-2840,2001-12-01,"317 Jonathan Ports, Michaelland, GA 74282",136051.26,active,2020-05-05
2188,Samantha,Cline,samantha.cline@hotmail.com,332-353-9729,2000-10-28,"02881 Hartman Falls, New Brendastad, DC 15005",184923.43,suspended,2020-03-31
2189,Megan,Salas,megan.salas@hotmail.com,676-662-3493,1970-01-12,"9625 Melissa Trace, South Jillberg, KY 98783",162398.5,active,2023-07-30
2190,Samantha,Brown,samantha.brown@hotmail.com,547-664-9646,1992-05-24,"25027 Burke Via, Port Teresa, OH 30693",191407.07,suspended,2020-03-25
2191,William,Campbell,william.campbell@gmail.com,611-788-5813,1969-11-26,"6543 Moore Street, Jotown, ID 29961",19410.58,inactive,2026-06-11
2192,Tricia,Mills,tricia.mills@hotmail.com,913-609-3610,2007-01-01,"8632 Zachary Valleys, West Theresaview, TN 67499",51409.87,active,2026-08-03
2193,Melissa,Guerrero,melissa.guerrero@yahoo.com,745-668-4282,1956-04-08,"82377 Daniel Ridges Apt. 744, Thomasbury, OK 14554",188923.98,suspended,2023-01-08
2194,Heather,Ruiz,heather.ruiz@yahoo.com,356-393-3429,1976-11-16,"USS Johnson, FPO AP 34081",63764.01,active,2020-03-19
2196,Melissa,Norton,melissa.norton@yahoo.com,535-522-4770,1977-06-05,"180 Samuel Ranch, New Danielle, MI 17901",164113.08,active,2025-11-27
2197,Krystal,Gregory,krystal.gregory@hotmail.com,634-477-4817,1981-07-08,"3935 Richard Dam, Lawsonmouth, NJ 58324",225859.1,active,2024-11-07
2198,Nathaniel,Vaughn,nathaniel.vaughn@yahoo.com,227-340-8203,1939-05-28,"031 Gonzalez Mountains Apt. 752, Maryside, CA 33071",45330.44,inactive,2022-09-12
2200,Bobby,Valdez,bobby.valdez@yahoo.com,403-410-7234,1969-05-08,"40114 Houston Hollow Suite 547, Lake Molly, NV 61215",149028.22,active,2022-03-16
2202,Elizabeth,Ayala,elizabeth.ayala@yahoo.com,958-819-6871,1997-11-24,"68910 Kelly Creek Suite 569, Pamelaton, NJ 94009",184429.54,inactive,2021-03-13
2204,Joseph,Trevino,joseph.trevino@yahoo.com,667-216-1118,1963-01-20,"Unit 6712 Box 6572, DPO AP 09240",102366.47,inactive,2025-06-05
2205,Angela,Thomas,angela.thomas@hotmail.com,563-569-6078,1972-10-12,"8988 Buck Expressway, Barbarashire, CA 82358",203710.69,inactive,2025-07-24
2206,Natasha,Johnson,natasha.johnson@hotmail.com,434-918-2383,1950-03-15,"855 Steven Forks Apt. 437, Harrishaven, MD 48789",162396.05,inactive,2023-04-24
2207,Ariana,Maddox,ariana.maddox@gmail.com,481-947-6296,1966-05-29,"9448 Joseph Inlet, North Brianview, AZ 58770",28072.03,active,2026-07-04
2208,Mike,Williams,mike.williams@gmail.com,209-331-9497,1992-10-13,"64079 Moore Loop, East Jessica, NY 87234",52578.35,suspended,2020-05-08
2210,Samantha,Castillo,samantha.castillo@gmail.com,709-890-3895,1982-05-27,"547 Hicks Village Suite 837, North Marymouth, ID 77436",111071.09,active,2022-07-07
2211,Julie,Thomas,julie.thomas@hotmail.com,959-884-3975,1962-03-03,"7718 Lee Locks, Port Cynthiafort, LA 29913",99045.1,active,2024-12-25
2212,Jackie,Scott,jackie.scott@gmail.com,709-408-6014,1994-02-16,"41316 Bradford Mountain, Dylantown, NV 14984",107611.25,inactive,2026-05-07
2213,Vicki,Keith,vicki.keith@hotmail.com,528-229-1423,1984-11-26,"Unit 7176 Box 3506, DPO AA 23890",91611.21,inactive,2019-09-16
2215,Melanie,Gonzales,melanie.gonzales@gmail.com,373-361-2640,1943-11-16,"16391 Dixon Manor Suite 725, Brownport, MS 61763",21316.34,active,2020-10-16
2216,Vanessa,Hunt,vanessa.hunt@hotmail.com,545-968-4406,2000-06-06,"9061 Mckinney Squares, Antonioburgh, MO 08977",121104.2,active,2021-12-22
2217,John,Johnson,john.johnson@hotmail.com,337-817-1011,1960-07-17,"12206 Gonzales Lodge Suite 405, Lake Cynthia, KY 21049",87137.66,inactive,2021-09-29
2219,Jeffrey,Wilson,jeffrey.wilson@yahoo.com,689-704-4215,1948-09-22,"864 Cook Landing Apt. 615, North Scottstad, TN 48394",45934.92,suspended,2025-08-08
2221,Candice,Sawyer,candice.sawyer@gmail.com,829-307-5092,1972-06-19,"62551 Miller Union, Nealstad, CA 77182",68221.6,active,2023-07-08
2222,James,Rich,james.rich@yahoo.com,536-927-8571,1943-03-15,"27344 Moreno Brooks, New Victoriachester, UT 21407",166375.11,suspended,2023-04-22
2223,Daniel,Hurley,daniel.hurley@yahoo.com,236-438-4758,1962-04-28,"6152 Carrillo Gateway Apt. 224, Williamshaven, CT 00817",90803.57,inactive,2020-03-17
2225,John,Luna,john.luna@hotmail.com,402-386-1234,1952-01-03,"899 Mark Shoal Apt. 814, East Jaytown, MA 04869",49735.89,active,2026-02-22
2226,Angela,Figueroa,angela.figueroa@hotmail.com,682-985-1871,1987-05-11,"6358 Patrick Ramp, Lake Jackville, WI 31422",145003.25,inactive,2024-11-12
2228,Michelle,Sanders,michelle.sanders@gmail.com,469-758-8206,1968-01-14,"884 George Vista Apt. 609, North John, CO 95396",44155.85,inactive,2019-09-19
2229,Megan,Mcgee,megan.mcgee@yahoo.com,545-545-4052,1949-11-21,"1665 Jefferson Passage Apt. 304, Melissaport, IA 66208",74673.14,inactive,2020-11-29
2230,Ashley,Molina,ashley.molina@yahoo.com,667-879-2581,1939-06-08,"5086 Nancy Squares Suite 322, North Thomas, FL 36049",166298.82,inactive,2020-07-11
2231,Patricia,Werner,patricia.werner@hotmail.com,469-264-6987,1940-03-21,"PSC 6412, Box 6139, APO AA 48085",112686.22,active,2020-11-10
2233,Mary,Leonard,mary.leonard@yahoo.com,329-555-6030,1959-04-24,"881 Alexis Ridge Suite 569, East Mitchell, PW 78869",118469.39,suspended,2023-05-14
2234,Robert,Thomas,robert.thomas@yahoo.com,756-909-6114,2001-04-02,"36831 Theodore Fort, Davidborough, RI 97432",61262.91,suspended,2021-01-08
2235,Catherine,Goodwin,catherine.goodwin@yahoo.com,403-951-6798,1988-10-16,"Unit 7802 Box 2801, DPO AA 65661",134677.58,active,2026-06-30
2236,Christopher,Mcpherson,christopher.mcpherson@yahoo.com,737-248-9735,1958-03-13,"0269 Adams Fork Suite 341, Heatherland, AK 97885",98509.67,active,2020-09-24
2238,Dorothy,Brown,dorothy.brown@gmail.com,431-969-3491,1951-09-26,"78260 Dawn Mission Suite 795, East Michelle, WA 37529",138062.39,suspended,2019-10-01
2239,Douglas,Nguyen,douglas.nguyen@hotmail.com,485-250-7567,1970-08-27,"42577 Carrillo Motorway, Kingmouth, TX 44944",83822.21,suspended,2024-05-31
2243,Janet,Wells,janet.wells@yahoo.com,600-363-7865,1994-04-26,"781 Lewis Mall Apt. 395, Kimberlymouth, WY 77279",104801.93,active,2023-12-18
2245,Richard,Gonzalez,richard.gonzalez@hotmail.com,888-355-4372,1997-08-14,"9977 Jean Plaza Apt. 200, North Kristinaville, WA 33992",116430.66,suspended,2020-02-11
2246,Gregory,Montoya,gregory.montoya@hotmail.com,211-852-2921,1983-12-25,"2515 Morris Junctions, West Michelleton, OK 92157",133577.7,inactive,2023-01-04
2247,Raymond,Garcia,raymond.garcia@hotmail.com,870-412-5112,1999-06-28,"800 Welch Knoll, Mcculloughview, GA 86871",84338.53,active,2019-12-21
2248,Greg,Hodge,greg.hodge@hotmail.com,409-960-8303,1960-02-20,"5294 Melissa Key Apt. 719, Mooremouth, CA 24099",213410.37,suspended,2019-11-04
2249,Denise,Hancock,denise.hancock@yahoo.com,473-402-4130,1978-01-25,"3675 Frazier Parks, Lewisberg, MS 44384",43049.94,inactive,2023-08-19
2251,Anthony,Kramer,anthony.kramer@gmail.com,290-949-6940,1961-10-15,"USS Olson, FPO AA 52186",71566.96,suspended,2025-07-11
2252,Phillip,Zimmerman,phillip.zimmerman@yahoo.com,631-258-2723,1964-04-30,"472 Stephen Terrace Apt. 435, Hendersonbury, WY 96884",210067.13,inactive,2021-10-31
2253,Brent,Hernandez,brent.hernandez@gmail.com,457-855-9320,1943-09-27,"255 Luna Light Suite 350, Montesland, WA 07760",91000.19,suspended,2023-08-04
2254,Donna,Thompson,donna.thompson@hotmail.com,285-213-2656,1986-02-26,"6461 Erin Corners Suite 993, Santiagobury, CT 75619",176307.23,inactive,2022-09-07
2255,Ralph,Valencia,ralph.valencia@yahoo.com,706-426-8106,1986-12-01,"3909 Brown Rapids Suite 663, North Deniseborough, MS 19518",165769.52,suspended,2020-02-11
2256,Jennifer,Wilson,jennifer.wilson@gmail.com,979-401-3028,1945-02-16,"4078 Berg Valleys, Port Kevinhaven, CT 12350",152671.38,suspended,2021-03-18
2258,Matthew,Evans,matthew.evans@hotmail.com,569-794-7911,1940-02-25,"1299 Lynch Rapid, West Kellyside, HI 63187",198992.95,suspended,2024-01-03
2259,Albert,Sandoval,albert.sandoval@hotmail.com,555-862-8212,1941-12-02,"26893 Ochoa Manor, East Calebchester, WV 71938",207195.73,suspended,2026-03-27
2260,Megan,Mitchell,megan.mitchell@yahoo.com,608-843-8074,1961-10-18,"291 Thompson Road, Bryanshire, MI 54722",166533.18,active,2026-04-07
2262,Hannah,Morris,hannah.morris@yahoo.com,459-567-6636,2006-02-24,"02282 Laura Knolls Apt. 878, Garciaborough, MI 78964",96228.02,active,2021-07-24
2263,Deborah,Evans,deborah.evans@gmail.com,248-532-8507,1983-11-17,"746 Lowe Islands Apt. 728, North Katherine, DE 72672",173201.18,suspended,2021-09-06
2264,Stacy,Barber,stacy.barber@gmail.com,414-771-9966,1985-01-31,"756 Fuentes Keys, Lake Ericaside, DE 85764",161919.69,suspended,2024-11-18
2265,Alexander,Moreno,alexander.moreno@gmail.com,999-376-9189,1972-09-09,"9744 Graham Radial Apt. 788, Bennettfurt, WY 83600",208175.49,inactive,2022-10-10
2266,Kenneth,Farmer,kenneth.farmer@gmail.com,751-957-4728,1977-02-18,"USNS Evans, FPO AA 58524",88270.58,inactive,2019-10-09
2267,Joshua,Andrews,joshua.andrews@gmail.com,854-615-6126,1999-08-10,"226 Wayne Ridges Apt. 502, South Kelly, OH 84232",156039.54,suspended,2025-09-01
2268,Victor,Roberts,victor.roberts@yahoo.com,841-750-9431,1991-12-28,"94050 Kennedy Terrace, Johnsonfort, VI 84596",95831.85,inactive,2022-05-23
2269,Anne,Martin,anne.martin@gmail.com,372-530-1260,1976-04-07,"3660 Carpenter Rest Apt. 747, South Ryan, IL 80978",42748.69,suspended,2024-11-23
2270,Scott,Rice,scott.rice@yahoo.com,917-857-5853,1980-11-01,"955 Wilson Creek Suite 449, Brownchester, IA 74489",186003.07,suspended,2021-01-02
2277,Sarah,Cherry,sarah.cherry@gmail.com,503-449-1340,1995-08-27,"5072 Moore Ridge Apt. 107, Lake Hunter, FL 53553",208371.96,inactive,2026-07-18
2279,Sonya,Ramos,sonya.ramos@yahoo.com,842-789-7342,1956-07-31,"198 Lambert Parkways Suite 075, Kathyside, AS 00791",183788.0,suspended,2022-03-15
2280,Michael,Harmon,michael.harmon@yahoo.com,746-487-7015,1976-01-16,"68395 Kayla Streets Apt. 513, South Catherinemouth, HI 08997",217811.73,active,2023-09-23
2282,Kelli,Rodriguez,kelli.rodriguez@hotmail.com,792-331-2583,1986-07-18,"37173 Monica Meadow Apt. 908, Alyssaton, MT 73805",235784.45,suspended,2020-08-24
2284,Matthew,Gutierrez,matthew.gutierrez@yahoo.com,849-984-2351,1988-04-03,"9573 Roberts Valleys Apt. 577, West Tiffany, LA 05625",121293.59,active,2022-10-11
2285,Harold,Barker,harold.barker@hotmail.com,833-648-9145,2003-12-03,"85587 Jason Oval, Katelynfort, SC 20027",149215.97,active,2021-07-09
2286,Brandon,Smith,brandon.smith@yahoo.com,773-659-1942,1993-04-28,"USS Mcguire, FPO AE 48977",216876.84,inactive,2026-06-08
2287,Brian,Owens,brian.owens@yahoo.com,265-898-6806,1945-04-30,"6081 Miranda View, North Matthewstad, SC 50623",32521.63,suspended,2025-01-09
2288,Tanya,Davis,tanya.davis@hotmail.com,458-945-1451,1983-12-05,"5000 Rogers Hollow Apt. 892, Lake Tim, MO 75301",176421.91,suspended,2020-04-17
2289,Cindy,Johnson,cindy.johnson@hotmail.com,568-861-8976,1970-01-16,"356 Stevenson Walk Apt. 363, South Kelly, DC 22094",86781.21,suspended,2025-03-09
2290,Kevin,Nguyen,kevin.nguyen@hotmail.com,538-438-9322,1948-03-02,"PSC 1708, Box 3351, APO AA 84757",228071.45,active,2023-04-08
2292,Dan,Smith,dan.smith@hotmail.com,801-322-2163,2003-12-11,"99873 Tyler Bridge Apt. 668, East Patriciabury, PR 82644",154274.8,active,2022-08-31
2293,Amy,James,amy.james@gmail.com,950-399-5076,1971-07-31,"0164 Green Lodge, Cowanstad, NV 30861",235511.59,active,2024-11-15
2294,Daniel,Cline,daniel.cline@gmail.com,840-212-5413,1992-06-08,"6987 Jackson Way, Port Katelyn, FM 77047",91657.41,active,2026-05-09
2296,Clifford,Coleman,clifford.coleman@yahoo.com,341-551-3998,1946-03-20,"4716 Johnson Greens, Katiestad, HI 56880",39281.65,inactive,2021-05-12
2297,Jose,Schmitt,jose.schmitt@hotmail.com,424-650-2655,1992-10-11,"694 Scott Shoals, Port Jeffreymouth, OH 06338",58973.74,inactive,2021-11-09
2298,Jonathan,Hunter,jonathan.hunter@yahoo.com,559-862-2336,1990-09-12,"373 Galvan Street, West Rachel, GU 62789",93417.88,active,2024-02-21
2299,Elizabeth,Smith,elizabeth.smith@yahoo.com,220-820-1997,1961-09-11,"6440 Ryan Crossing, West James, FL 43171",236006.25,active,2023-10-17
2300,Michael,Cruz,michael.cruz@hotmail.com,297-372-1028,1947-06-12,"213 Mcmillan Wall Suite 510, Joshuaberg, VI 82870",231919.15,suspended,2022-07-01
2301,Michael,Thomas,michael.thomas@yahoo.com,534-593-6017,2007-07-26,"8808 Holland Pine Apt. 072, Jonesfurt, ID 27439",24139.09,suspended,2026-08-18
2302,Kurt,Schwartz,kurt.schwartz@gmail.com,736-927-7089,1958-02-25,"8132 Harrison Mission, East Eric, MT 16934",159298.95,inactive,2022-06-24
2303,Shane,Moon,shane.moon@yahoo.com,423-553-2588,1992-05-21,"588 Beverly Vista Suite 687, Goodwinshire, TX 20299",211605.56,active,2020-09-05
2304,Theresa,Roberts,theresa.roberts@hotmail.com,787-381-8220,1954-11-22,"67572 Ortiz Green, Lake Markfurt, SD 55904",174813.6,active,2022-06-27
2307,Jeffrey,Rice,jeffrey.rice@hotmail.com,893-316-8823,1999-10-01,"11543 Stephens Court Suite 734, Port Lonnieland, AK 88810",239409.9,inactive,2021-02-06
2310,Dwayne,Mullen,dwayne.mullen@yahoo.com,785-874-7318,1991-10-19,"USS Bender, FPO AE 44718",221487.53,inactive,2022-02-24
2312,Ivan,Blanchard,ivan.blanchard@hotmail.com,216-868-7326,1961-05-21,"83681 Hawkins Valleys Apt. 140, Mckayfort, ID 07567",133811.37,suspended,2020-05-14
2313,Alicia,Beltran,alicia.beltran@gmail.com,489-528-3219,1950-12-28,"PSC 3903, Box 9092, APO AE 07323",117434.81,active,2024-06-05
2314,Matthew,Tyler,matthew.tyler@hotmail.com,613-645-7177,1982-05-31,"70247 Palmer Islands Suite 988, North Jerry, NH 30439",36290.33,active,2021-11-25
2315,Amanda,Preston,amanda.preston@gmail.com,529-774-8931,1964-08-16,"29725 Johnson Hill, New Gabriella, PR 39264",153345.24,inactive,2025-07-06
2318,Nancy,Porter,nancy.porter@yahoo.com,747-228-1773,1942-05-17,"Unit 9903 Box 1721, DPO AP 10698",232622.54,inactive,2026-02-22
2322,Laura,Phillips,laura.phillips@yahoo.com,578-922-6841,1964-04-05,"PSC 4051, Box 9950, APO AP 10148",28041.92,inactive,2024-05-13
2324,Denise,Johnson,denise.johnson@hotmail.com,433-580-7585,1992-10-23,"1066 Newton Brooks Apt. 492, West Nicole, NV 58670",27936.01,active,2022-04-23
2326,Renee,Middleton,renee.middleton@hotmail.com,509-945-3360,1947-08-27,"8317 Logan Crescent, North Jonathanview, DE 21107",63482.53,suspended,2020-04-14
2327,Kelly,Shaffer,kelly.shaffer@yahoo.com,619-906-1167,1942-08-10,"Unit 4673 Box 1371, DPO AP 62099",110327.0,inactive,2023-08-17
2328,Paula,Dyer,paula.dyer@yahoo.com,394-997-8998,1974-11-11,"669 Collins Island, New Michaeltown, ID 33815",74260.46,active,2023-07-25
2329,Adrian,Martinez,adrian.martinez@gmail.com,242-912-8358,1952-06-26,"USCGC Andrade, FPO AE 60991",46613.19,suspended,2022-04-01
2330,Anthony,Garcia,anthony.garcia@hotmail.com,576-701-9837,1988-09-09,"27383 Elizabeth Pike, South Franciscobury, MD 62121",53281.09,inactive,2025-11-22
2332,Charles,Fisher,charles.fisher@yahoo.com,491-749-5693,1947-08-11,"1147 Rich Shoals, Benderberg, KY 99184",81204.47,suspended,2022-03-20
2333,Allison,Martinez,allison.martinez@gmail.com,979-322-7470,1985-03-27,"11684 Brown Path Suite 159, East Joshua, UT 55888",200678.8,active,2025-06-19
2334,Peter,Thomas,peter.thomas@yahoo.com,709-405-3082,2000-12-07,"3316 Carpenter Island Apt. 605, Daleborough, NJ 86125",133046.07,active,2020-06-17
2335,Damon,Walker,damon.walker@hotmail.com,311-314-4746,1966-08-16,"310 Daniels Vista Apt. 786, Shawnfurt, AR 15112",26442.94,inactive,2021-04-24
2336,Angela,Miranda,angela.miranda@gmail.com,980-910-2104,1992-02-23,"Unit 4154 Box 4747, DPO AE 31711",71668.91,suspended,2025-09-29
2337,Joseph,Walker,joseph.walker@hotmail.com,956-346-8242,1975-06-03,"69701 Shaw Lake Apt. 531, Roblesmouth, AR 33808",150534.33,active,2021-10-08
2338,Tonya,Pope,tonya.pope@gmail.com,985-393-4447,1949-03-23,"185 Hawkins Square, Adamstown, WA 81785",178930.05,active,2021-01-13
2339,Michael,Cunningham,michael.cunningham@yahoo.com,356-549-5109,1957-08-31,"95792 Alyssa Mission Apt. 668, South Staceyburgh, LA 10588",222648.43,inactive,2026-07-10
2340,Ronald,Reid,ronald.reid@gmail.com,674-835-3577,1967-03-31,"62789 William Place Apt. 683, Port Davidville, NH 76859",102367.62,inactive,2024-06-07
2341,Martin,Taylor,martin.taylor@hotmail.com,430-388-4184,1963-05-03,"31256 Jimenez Key, Port Hannahborough, NC 45594",92567.28,suspended,2025-12-20
2342,Sherri,Mcclain,sherri.mcclain@gmail.com,651-271-5026,1969-04-28,"141 Joshua Extensions Suite 732, West Debra, IN 92190",151568.53,inactive,2026-05-26
2344,Jenna,Roberts,jenna.roberts@yahoo.com,730-747-1286,2002-11-07,"253 Michelle Ports Suite 587, Franklinbury, MO 39217",155326.14,active,2022-01-31
2346,Charles,Rios,charles.rios@gmail.com,590-203-1957,1987-09-25,"3502 Sullivan Ports Suite 841, East Donald, VA 17029",198642.75,suspended,2026-08-13
2347,Howard,Chase,howard.chase@gmail.com,930-348-8377,1997-12-17,"570 Clark Village, East Timothyhaven, MI 74144",143127.8,active,2024-03-01
2348,Natalie,Benjamin,natalie.benjamin@gmail.com,785-860-7325,2006-12-02,"31682 Nicholas Center, New Wendyborough, NV 09362",80708.0,active,2021-05-04
2349,Nathan,Weber,nathan.weber@gmail.com,966-443-9037,1973-12-30,"PSC 8449, Box 8838, APO AE 26367",153999.09,inactive,2021-08-22
2350,Sean,Ramirez,sean.ramirez@hotmail.com,690-356-8441,1951-07-29,"113 Sean Skyway, Baileyfurt, GA 40635",137092.94,inactive,2021-07-31
2353,Nicole,Roman,nicole.roman@gmail.com,670-620-9871,1995-10-11,"0666 Brown Shore, Lewisbury, CO 13591",207073.77,inactive,2026-03-16
2354,Ashley,Benitez,ashley.benitez@hotmail.com,413-615-7899,1997-06-24,"95530 Tracy Stream, Port Jameston, IN 64420",214164.04,inactive,2022-09-22
2356,Zachary,Williams,zachary.williams@gmail.com,336-940-9682,1949-01-01,"47424 Hansen Neck Apt. 255, Port Rogermouth, MP 18117",63713.15,active,2022-03-18
2357,Barbara,Obrien,barbara.obrien@yahoo.com,782-399-6954,1944-10-06,"7912 Lisa Estate, New Michaelside, GU 87196",217878.66,suspended,2024-07-16
2358,Tara,Johnson,tara.johnson@gmail.com,863-816-8023,1940-02-27,"81996 Ramirez Mews Suite 781, Bakerburgh, AZ 41735",65400.04,active,2022-02-07
2361,Megan,Logan,megan.logan@yahoo.com,729-642-3954,1949-07-07,"USNV Parker, FPO AA 01229",227390.24,active,2022-05-16
2363,Victoria,Arnold,victoria.arnold@hotmail.com,987-359-7584,1947-08-20,"6257 Brown Fields Apt. 795, North Vanessaville, GA 88003",145665.35,active,2020-05-13
2365,Timothy,Brock,timothy.brock@hotmail.com,523-825-9693,1940-04-11,"03231 Morales Centers, West Kyle, MS 13561",181240.51,active,2021-03-23
2367,Cynthia,Nelson,cynthia.nelson@hotmail.com,520-565-4326,1978-12-15,"9297 Werner Course Suite 489, Andrewtown, OK 87080",183075.72,active,2025-09-03
2368,Kyle,Morgan,kyle.morgan@hotmail.com,742-571-4345,1981-02-06,"92488 Castro Row Suite 376, Barnesview, PR 75496",147525.57,inactive,2025-12-10
2371,Tyler,Hebert,tyler.hebert@gmail.com,775-765-8693,1971-12-10,"7591 Courtney Vista Suite 396, Williamsport, PR 36869",173369.5,inactive,2024-11-27
2373,Andrew,Miller,andrew.miller@yahoo.com,338-590-8746,1940-11-25,"USNV Williamson, FPO AE 84373",60000.0,active,2026-03-29
2375,Maria,Vaughn,maria.vaughn@gmail.com,658-220-9057,1957-05-21,"95307 Thomas Street Suite 282, Pricemouth, TX 67021",228146.11,suspended,2024-08-23
2376,Nicole,Jimenez,nicole.jimenez@hotmail.com,287-578-2128,1977-11-06,"66036 Shepherd Plains Apt. 276, Josephburgh, SD 79152",57346.27,suspended,2022-11-15
2378,Anne,Brown,anne.brown@gmail.com,943-335-9620,1982-06-20,"507 Matthew Fall Suite 016, West Ronaldfort, NC 08624",21542.13,suspended,2025-10-01
2379,Timothy,Hicks,timothy.hicks@gmail.com,573-458-4146,1971-03-21,"81334 Donald Trail, Evansburgh, MP 57149",131979.86,suspended,2024-10-14
2381,Robert,Baker,robert.baker@gmail.com,659-643-6529,1981-03-09,"287 Jose Knolls, Codyland, SD 19517",26981.17,suspended,2023-09-25
2383,Jennifer,Howard,jennifer.howard@hotmail.com,952-787-1314,1952-09-12,"88463 Ball Garden Suite 850, North Lisa, VA 24003",85201.72,active,2026-07-25
2384,Morgan,Wells,morgan.wells@gmail.com,597-236-5428,1966-07-09,"9316 Michael Ville, Michaelburgh, NE 58633",172702.05,inactive,2022-06-03
2386,Ashley,Adams,ashley.adams@hotmail.com,765-397-9008,1944-03-06,"672 Castillo Parks, Calhounland, AR 39110",80524.33,active,2023-10-01
2387,Andrew,Gray,andrew.gray@gmail.com,882-526-9336,1968-05-02,"2415 Robinson Shores Apt. 204, West Christown, NH 13907",216871.85,active,2025-09-24
2388,Ashley,Taylor,ashley.taylor@yahoo.com,448-276-3901,1997-03-01,"0265 Rice Courts, Christinebury, AS 47372",100892.2,active,2025-06-25
2389,Louis,Miller,louis.miller@gmail.com,997-289-2235,1957-05-21,"101 Dixon Land, Ramosbury, FM 12510",20141.24,active,2024-01-10
2390,Lisa,Woods,lisa.woods@hotmail.com,832-272-3559,1942-08-15,"749 Christopher Mission, Roberttown, AS 65993",147371.59,inactive,2022-11-09
2391,Yolanda,Smith,yolanda.smith@gmail.com,880-308-2998,1952-02-01,"73397 Christopher Well Apt. 149, South Eric, GU 72800",30468.94,active,2022-12-21
2392,Christina,Moore,christina.moore@gmail.com,817-667-8679,1990-10-18,"USNV Smith, FPO AE 55017",18852.73,suspended,2025-10-09
2393,Chris,Warren,chris.warren@yahoo.com,251-934-2301,1987-10-14,"0251 Wright Plains Apt. 471, Port Angelatown, WY 04766",103892.01,suspended,2024-04-28
2394,Summer,Morgan,summer.morgan@gmail.com,687-402-9115,1961-03-16,"PSC 3119, Box 5960, APO AE 63667",75000.0,active,2024-07-09
2395,Richard,Deleon,richard.deleon@hotmail.com,949-892-2003,1966-08-07,"9660 Scott Parkway Suite 625, Bellview, GA 24023",116238.62,suspended,2023-06-15
2396,Kyle,Hancock,kyle.hancock@gmail.com,380-402-5313,2008-02-17,"861 Morgan Green Apt. 827, Rodriguezville, ME 74131",49944.2,suspended,2025-10-16
2397,Angela,Kramer,angela.kramer@yahoo.com,916-326-2241,1957-01-26,"97557 Angela Locks, Rojasfurt, PR 43243",59780.07,inactive,2024-07-23
2399,Jeremy,Caldwell,jeremy.caldwell@hotmail.com,423-636-5111,1951-03-23,"8497 Kelly Glens, South Jessicahaven, DE 39142",201032.02,suspended,2023-06-25
2400,Edward,Knox,edward.knox@gmail.com,207-870-5123,1987-02-04,"817 Bradley Place Apt. 436, Barbaraberg, TN 30074",80481.71,active,2020-09-24
2403,Stephen,Garcia,stephen.garcia@hotmail.com,526-802-6922,1948-03-07,"0667 Hailey Rapids Apt. 283, Brendaville, KS 27410",172972.87,suspended,2025-09-10
2404,Alex,Reid,alex.reid@gmail.com,782-468-6227,1947-11-07,"2597 James Village, Buckview, WY 90693",118074.7,suspended,2025-12-11
2406,Anthony,Thompson,anthony.thompson@gmail.com,801-374-1699,1991-08-16,"08361 Michele Plains Apt. 257, Port Chadfurt, VI 85557",171371.95,inactive,2024-02-15
2409,Gregory,Marks,gregory.marks@yahoo.com,590-847-3447,1996-03-09,"9409 Hansen Mountain, Port Susan, SD 73750",106670.85,active,2023-02-17
2411,Zachary,Gay,zachary.gay@gmail.com,722-583-7891,1973-08-04,"04603 Copeland Station, Smithside, PA 91768",61901.94,inactive,2021-05-21
2412,Melissa,Fuller,melissa.fuller@gmail.com,571-998-2322,1973-07-04,"5904 Mcdonald Ridge, Lake Mariamouth, WA 73173",68558.12,inactive,2024-11-27
2413,Lori,Brown,lori.brown@yahoo.com,901-944-1489,1954-04-03,"890 Melinda Manors Suite 513, Lake Sherryton, MD 83152",126189.96,suspended,2021-01-31
2414,Laura,Prince,laura.prince@gmail.com,308-268-6296,2003-05-02,"PSC 8575, Box 4738, APO AP 00532",174737.35,suspended,2022-09-20
2415,Amber,White,amber.white@yahoo.com,539-211-7490,1982-09-27,"285 Sean Key, Jeffreytown, MN 91395",196404.09,inactive,2025-02-04
2416,Donald,Herrera,donald.herrera@gmail.com,515-846-3598,1964-09-09,"13524 Miller Unions Suite 887, Alexanderstad, DE 27798",93164.87,inactive,2026-07-15
2418,Ronald,Munoz,ronald.munoz@gmail.com,942-582-3099,1983-05-28,"6926 West Pass, Hoodborough, AZ 74864",100043.99,inactive,2022-11-09
2419,Shari,Craig,shari.craig@gmail.com,657-578-7832,2003-01-12,"0563 Shepherd Mill, East Kevinville, IL 63046",72636.39,inactive,2026-06-26
2420,Jamie,Bruce,jamie.bruce@hotmail.com,520-849-8801,1946-12-12,"193 Price Heights Apt. 643, Bellborough, CO 86718",192670.96,suspended,2024-01-24
2421,Kevin,Stevenson,kevin.stevenson@yahoo.com,539-915-4184,1978-02-15,"6815 Karen Prairie Suite 146, Port Denise, CT 70507",218211.99,inactive,2020-03-17
2422,Seth,Pierce,seth.pierce@yahoo.com,644-954-9585,1951-12-08,"02304 Lisa Fords, Port Jeffrey, NC 69333",198557.46,active,2020-04-06
2423,Crystal,Allen,crystal.allen@hotmail.com,681-219-6135,1964-11-10,"50927 Jonathan Burg, Johnside, PW 57585",131433.22,active,2020-05-13
2425,Brian,Peters,brian.peters@hotmail.com,268-660-7382,1954-08-20,"Unit 2330 Box 9701, DPO AP 76626",190590.17,inactive,2023-09-13
2426,Amber,Phillips,amber.phillips@yahoo.com,572-996-1967,1944-10-29,"1862 Aaron Parkways Suite 367, New Deborah, CA 56025",123171.82,active,2025-01-28
2427,Amy,Berry,amy.berry@gmail.com,535-564-8906,1951-11-25,"812 Chapman Inlet Apt. 528, Nicholashaven, AK 55851",142736.89,inactive,2026-08-25
2428,Amy,Jones,amy.jones@yahoo.com,521-819-9786,1979-12-26,"419 Holder Mills, East Davidside, AR 70122",52000.0,suspended,2021-03-31
2429,Jason,Hansen,jason.hansen@gmail.com,819-323-5843,1991-10-24,"448 Pierce Cape Suite 833, Robertmouth, ND 49934",180819.22,suspended,2019-12-25
2430,Samantha,Ellis,samantha.ellis@hotmail.com,716-489-5066,1991-03-17,"21318 Robert Manors Suite 405, Reidport, IN 84432",193537.47,inactive,2020-10-23
2433,Mary,Crawford,mary.crawford@hotmail.com,853-887-1603,1968-08-15,"059 Ortiz Dale, New Kyletown, PW 58242",186378.47,active,2022-05-26
2435,Matthew,Martinez,matthew.martinez@yahoo.com,217-326-1858,1997-03-01,"45866 Thompson Fall Apt. 722, Kennedyview, AZ 57314",210637.77,suspended,2023-01-23
2436,Elizabeth,Garcia,elizabeth.garcia@yahoo.com,345-522-7144,1965-11-22,"3868 Veronica Ridges, Port James, ND 87848",140128.22,suspended,2022-07-19
2437,Karen,Warren,karen.warren@gmail.com,605-382-6351,1969-09-26,"8629 Barry Corners Apt. 356, Tylerside, AR 73843",154104.22,active,2023-01-19
2438,Robin,Gonzalez,robin.gonzalez@hotmail.com,531-779-1645,1950-12-14,"PSC 4926, Box 2735, APO AE 85373",214083.63,active,2023-07-06
2440,Brittany,Morris,brittany.morris@yahoo.com,930-440-2505,1961-10-17,"USNS Williams, FPO AE 62703",185534.42,inactive,2024-11-06
2441,Nicole,Booth,nicole.booth@yahoo.com,622-551-2139,1978-05-11,"420 White Station Apt. 589, Parksborough, AR 65915",127325.17,suspended,2025-10-09
2442,Kim,Gonzalez,kim.gonzalez@gmail.com,626-857-7487,2003-02-13,"6910 Brown Place Suite 117, East Elizabethview, AL 84299",172198.23,suspended,2020-10-18
2443,Dylan,Johnson,dylan.johnson@gmail.com,659-362-2888,2000-09-01,"76434 Farmer Loop, Donaldchester, TX 90392",187333.62,inactive,2024-05-11
2444,Robin,Brown,robin.brown@yahoo.com,257-860-1396,1988-04-17,"Unit 4774 Box 1160, DPO AE 67130",29651.25,suspended,2023-12-31
2445,Nathaniel,Berry,nathaniel.berry@yahoo.com,243-243-4588,1988-06-18,"5987 Elliott Streets Apt. 041, Nicoleburgh, WY 69892",186393.16,active,2021-04-25
2446,Joan,Pittman,joan.pittman@gmail.com,861-668-4656,1996-05-05,"64303 Carrie Park, Bushport, SD 38153",185823.8,suspended,2021-01-25
2447,Jeremy,Rowe,jeremy.rowe@gmail.com,722-983-5745,1973-03-09,"7867 Humphrey Center Suite 772, Daisyfurt, VA 36407",127274.45,suspended,2026-06-20
2448,Robin,Castillo,robin.castillo@hotmail.com,763-269-1657,1944-07-28,"419 Robert Road, North Antonioshire, NV 73775, SSN 273-48-3559",62427.62,active,2022-01-11
2453,Kelly,Morris,kelly.morris@yahoo.com,866-492-8399,1973-06-21,"9073 Eric Estates Apt. 112, Parkerberg, CT 87009",75000.0,suspended,2025-05-06
2454,William,Flores,william.flores@yahoo.com,988-615-4352,1950-04-03,"7070 Foley Mills, New Nathantown, SC 53215",59032.71,active,2020-12-10
2455,Sarah,Cruz,sarah.cruz@gmail.com,960-410-4279,1973-12-07,"43265 Hernandez Trafficway Suite 980, Joanneton, NJ 67796",186666.56,suspended,2025-06-26
2458,Andrew,Barnes,andrew.barnes@yahoo.com,224-517-1202,1989-03-30,"74787 Michael Isle Apt. 331, Andrewsbury, CA 87682",66046.03,active,2020-12-13
2459,Jason,Evans,jason.evans@yahoo.com,711-937-7366,1978-09-26,"96176 Mccoy Divide Apt. 000, South Allison, ME 87390",177833.18,inactive,2024-05-14
2462,Nicole,Martin,nicole.martin@yahoo.com,211-480-1000,1953-02-19,"720 Nguyen Rapids, Lake Collin, VI 85829",85365.13,inactive,2026-02-14
2463,Kevin,Valdez,kevin.valdez@yahoo.com,363-299-1877,1943-04-26,"964 Costa Ports, Thompsonview, TN 27044",99707.05,suspended,2020-04-24
2464,Angela,Smith,angela.smith@hotmail.com,452-345-6871,1991-07-31,"USNS Wang, FPO AA 87642",80155.27,suspended,2021-12-08
2465,Charles,Kelly,charles.kelly@gmail.com,988-235-2967,2006-09-08,"507 Luke Creek Apt. 511, East Christopherside, NE 59867",85055.13,inactive,2023-05-07
2466,David,Smith,david.smith@yahoo.com,323-851-1497,1967-09-14,"5661 Shaffer Stream Suite 601, Brianview, IA 36167",213424.51,inactive,2024-05-21
2468,Meghan,Monroe,meghan.monroe@yahoo.com,479-476-1369,1946-05-08,"29774 Kathy Junction Apt. 685, Port Karenberg, IA 32438",174038.63,inactive,2020-06-06
2469,Brian,Logan,brian.logan@yahoo.com,830-291-1015,2003-01-07,"47061 Sampson Isle, Port Mary, NH 29301",168520.28,active,2024-12-18
2470,Mary,Gibbs,mary.gibbs@yahoo.com,642-676-7757,2005-05-12,"89078 Cynthia Village Suite 293, New Leahfurt, DE 46588",56855.08,active,2021-02-07
2471,Mikayla,Mendoza,mikayla.mendoza@gmail.com,872-264-5601,1956-12-13,"9036 Brown Ports, West Davidmouth, TN 75752",175598.19,suspended,2026-03-10
2472,Danielle,Becker,danielle.becker@yahoo.com,740-542-4034,1965-09-15,"99467 Ashley Road, Nunezside, NH 36040",231828.09,active,2024-05-29
2473,Christina,Wilcox,christina.wilcox@gmail.com,201-865-1722,1987-08-18,"87884 Chavez Port, West Kimberly, NH 46142",211921.64,inactive,2021-08-29
2474,Christy,Andersen,christy.andersen@hotmail.com,437-932-1774,1958-07-20,"74823 Monique Camp Suite 154, Olsenshire, MI 02592",81606.8,active,2021-03-15
2475,Darrell,Gamble,darrell.gamble@gmail.com,667-683-9922,1955-01-16,"115 Griffin Street, West Andrewburgh, PW 70586",54384.63,suspended,2022-07-25
2476,Ian,Carter,ian.carter@yahoo.com,753-349-6254,1975-05-22,"371 Conner Centers, Elizabethburgh, TN 28893",181213.28,inactive,2020-07-03
2478,Anthony,Orr,anthony.orr@hotmail.com,351-888-9102,1939-11-09,"449 Brown Key Apt. 519, New Jonathan, FL 65317",168007.77,inactive,2023-05-28
2479,Anita,Tanner,anita.tanner@hotmail.com,288-816-5148,1976-05-14,"268 Andrew Parkway, Bernardton, SC 55911",214419.46,inactive,2021-11-03
2480,Margaret,Mills,margaret.mills@yahoo.com,661-971-9834,1976-07-08,"6611 Malone Spur, Port Chelsea, GA 00757",209319.59,active,2021-06-13
2483,Chelsea,Thompson,chelsea.thompson@gmail.com,314-713-9912,2001-05-12,"764 Chelsea Radial Suite 832, Charlesshire, AZ 11347",27319.21,active,2021-12-25
2484,Alejandro,Valencia,alejandro.valencia@yahoo.com,460-763-3698,1957-01-25,"227 Terry Mountains Apt. 859, Melissaburgh, NE 66843",182215.9,suspended,2026-08-21
2485,Gerald,Jensen,gerald.jensen@hotmail.com,350-680-7244,1945-01-07,"3448 Christopher Pike Apt. 115, Thomasview, WI 13562",180471.74,inactive,2022-12-05
2487,Edward,Hooper,edward.hooper@gmail.com,904-969-2743,1941-06-04,"2139 Salinas Orchard, Nguyenchester, GA 72814",68130.89,suspended,2022-02-08
2490,Oscar,Mills,oscar.mills@yahoo.com,754-853-2582,1981-07-10,"262 Sharon Shores, South Victoriastad, PR 03133",229244.23,active,2024-05-02
2491,Bryan,Wood,bryan.wood@gmail.com,231-502-2983,2006-08-02,"034 Maria Well Suite 775, Rosalesside, NY 91805",63973.4,suspended,2026-07-02
2492,Emma,Lewis,emma.lewis@yahoo.com,459-663-2948,2002-04-18,"987 Alicia Wall Suite 382, Port Gregoryberg, SD 29730",111665.69,inactive,2025-12-06
2494,Jamie,Ramirez,jamie.ramirez@yahoo.com,638-834-8838,1989-12-29,"99613 Seth Points Suite 069, New Carol, MA 10231",159018.75,suspended,2023-04-11
2496,Nathaniel,Simpson,nathaniel.simpson@gmail.com,356-305-6328,1945-11-02,"3056 Curtis Run, Durhammouth, SC 05031",188892.8,inactive,2021-05-16
2497,Glenda,Reyes,glenda.reyes@yahoo.com,835-559-9033,1946-12-02,"2888 Erica Plaza, Farmerhaven, CA 12528",238809.71,inactive,2020-02-06
2498,Nicole,Smith,nicole.smith@gmail.com,977-288-8780,2005-03-23,"60368 William Isle, Joseview, IL 64460",73978.72,active,2021-03-20
2499,Dennis,Rodriguez,dennis.rodriguez@gmail.com,941-932-2540,2001-04-02,"6383 Jennifer Club Apt. 438, Hollyton, WI 78000",118940.34,active,2023-12-06
2500,Tonya,Hudson,tonya.hudson@yahoo.com,818-680-1562,1978-06-05,"421 Angela Bypass Apt. 874, Martinland, VT 91268",89677.7,suspended,2023-12-23
2501,Patricia,Garcia,patricia.garcia@gmail.com,421-828-7727,1938-12-21,"Unit 5974 Box 6030, DPO AE 90421",39079.73,suspended,2021-08-15
2502,Jason,Anderson,jason.anderson@yahoo.com,779-977-7560,1997-03-06,"42327 Fox Plaza Apt. 185, North Robert, AK 34804",225689.48,inactive,2020-01-11
2503,Darren,Cooper,darren.cooper@yahoo.com,385-674-5501,2002-06-30,"89109 Perez Canyon Apt. 179, Port Mario, IN 52530",172763.09,inactive,2021-01-19
2506,Ryan,Kirby,ryan.kirby@gmail.com,893-652-5832,1970-05-30,"33501 Page Manor Apt. 510, Meganshire, KY 50028",62205.32,inactive,2025-06-14
2507,Shawna,Washington,shawna.washington@gmail.com,596-994-3893,1986-05-09,"151 Jeffrey Crossroad Apt. 967, North Michelle, OR 20139",189486.71,active,2026-08-14
2508,Kelly,Smith,kelly.smith@yahoo.com,428-548-9083,1981-07-29,"9665 Joel Causeway, Port Patrick, TN 68327",68778.62,inactive,2024-08-19
2509,Stephanie,Cox,stephanie.cox@yahoo.com,303-368-3280,1945-10-28,"580 Anthony Plaza, Curtisberg, TX 49940",47303.78,suspended,2025-05-19
2510,Tony,Williams,tony.williams@hotmail.com,648-708-7007,1958-03-17,"146 Smith Village, East Beckystad, VI 47785",194342.89,inactive,2026-06-02
2512,Evan,Davis,evan.davis@gmail.com,646-770-7918,2005-09-08,"32016 Garcia Pike, South Julieville, PR 64281",32860.36,active,2023-07-22
2513,Kathy,Johnson,kathy.johnson@yahoo.com,786-892-7793,1985-02-13,"7750 Morales Lock, Lake Dustin, SC 68029",222078.93,active,2022-09-03
2514,Courtney,Campbell,courtney.campbell@gmail.com,365-288-4060,1997-11-02,"6887 Alejandro Alley Suite 871, Port Jeremymouth, IN 37765",165550.29,inactive,2026-05-31
2515,Tony,Goodwin,tony.goodwin@gmail.com,810-818-5213,1949-06-30,"719 Pace Junction, North Michelle, MN 76584",124089.3,suspended,2020-07-23
2518,Angel,Meyer,angel.meyer@gmail.com,315-737-5356,1962-12-03,"814 Ortega Mills, East Marychester, AL 58132",147997.17,active,2026-07-19
2520,Rebecca,Reed,rebecca.reed@gmail.com,689-690-4508,1949-02-13,"016 Tiffany Mission Apt. 584, New Daniel, ID 80922",39988.44,active,2021-05-11
2521,James,Fischer,james.fischer@hotmail.com,272-349-3080,1959-01-30,"82965 Farley Dale, Port Maryfurt, LA 51155",208441.73,active,2020-08-11
2522,Joshua,Ortiz,joshua.ortiz@yahoo.com,689-725-2189,1940-06-19,"562 Nolan Point Suite 501, Johnshire, OR 74528",143686.94,active,2025-12-02
2523,Eric,Mcdonald,eric.mcdonald@gmail.com,840-570-4692,1952-06-13,"610 Abigail Road, Kathyville, KS 31750",201810.59,inactive,2022-01-17
2524,Allison,Garrison,allison.garrison@yahoo.com,405-769-6699,2003-05-05,"32865 Amanda Crossing, Port Michaelhaven, PR 27391",24141.68,suspended,2021-11-03
2525,Lisa,Wise,lisa.wise@gmail.com,600-660-4681,1943-07-09,"06730 Lisa Forks Suite 016, Marshallfurt, OR 19155",184191.09,active,2022-06-29
2526,Heather,Pitts,heather.pitts@hotmail.com,721-616-3576,1965-09-09,"050 Ibarra Prairie, Johnsonstad, NM 38936",71577.61,suspended,2019-10-15
2528,Sherry,Gamble,sherry.gamble@yahoo.com,286-921-3384,2002-09-29,"7384 Darren Square Suite 567, Franklinmouth, RI 21931",189587.81,active,2020-05-20
2529,Anna,White,anna.white@yahoo.com,602-487-8610,1975-07-18,"24370 Erica Roads Apt. 905, Sullivanmouth, TX 14815",162337.04,inactive,2023-07-28
2530,Sandra,Baker,sandra.baker@hotmail.com,819-534-6048,1981-06-20,"76832 Cruz Square, Lake Cynthiachester, AZ 46929",207894.12,inactive,2020-09-05
2531,Lisa,Burton,lisa.burton@hotmail.com,595-975-3248,1962-10-24,"42363 Wright Shore, South John, AZ 09332",122190.84,suspended,2021-03-19
2532,Jeffery,Jones,jeffery.jones@yahoo.com,550-745-9470,1946-08-31,"57168 Robert Circles, Lake Yolandamouth, MS 22858",154833.4,active,2021-03-11
2533,Anthony,Harris,anthony.harris@yahoo.com,961-492-7795,1986-02-14,"541 Summers Islands, Laurachester, VI 40519",68580.97,inactive,2023-09-04
2534,Shannon,Pineda,shannon.pineda@gmail.com,395-556-6019,1987-03-20,"8859 Richard Fort, Walshtown, AL 71992",60589.93,inactive,2020-05-02
2535,Miranda,Mills,miranda.mills@hotmail.com,485-470-7944,1962-04-02,"14857 Richard Meadows, New Alyssaton, FM 89344",166669.99,active,2022-01-25
2536,Laura,Baker,laura.baker@gmail.com,342-988-5833,1939-10-07,"244 Drake Ferry, South Cameron, IL 34881",60172.46,suspended,2019-10-22
2537,Heather,Johnson,heather.johnson@hotmail.com,766-528-4349,1976-04-06,"14931 James Dale Apt. 938, West Matthewbury, AL 84673",195162.8,suspended,2020-08-05
2538,Alicia,Rodgers,alicia.rodgers@yahoo.com,320-941-5775,1962-01-12,"4764 Jessica Flat, Petersville, IL 31154",159768.17,active,2024-09-26
2540,Austin,Thompson,austin.thompson@gmail.com,781-670-9804,1965-03-30,"0338 Jones Stream, Malonemouth, MO 02249",93790.67,inactive,2023-08-25
2543,Wendy,Waters,wendy.waters@gmail.com,723-781-7889,1956-05-04,"Unit 2781 Box 4695, DPO AE 78300",62220.18,active,2023-07-30
2544,Levi,Carey,levi.carey@yahoo.com,809-310-8804,1970-04-28,"20724 Garcia Springs, West Ryanburgh, IN 07314",115052.23,inactive,2021-03-11
2545,Lisa,Price,lisa.price@hotmail.com,385-325-6920,1997-12-24,"7014 Melinda Points Apt. 447, Port Ericside, ID 99759",186747.62,active,2025-02-11
2546,Robert,Mitchell,robert.mitchell@yahoo.com,484-310-9986,2005-01-05,"2378 Park Neck Apt. 277, Johnsonchester, WV 25173",136819.43,active,2025-11-23
2547,Cheryl,Santos,cheryl.santos@yahoo.com,409-240-1981,2000-02-03,"8990 Ward Mountains, Charleschester, OR 72430",20188.05,inactive,2021-12-08
2548,John,Robinson,john.robinson@yahoo.com,491-640-4943,1952-09-05,"375 Norman Wall, Michaelmouth, NJ 59861",69168.41,suspended,2023-07-29
2549,Timothy,Crawford,timothy.crawford@hotmail.com,969-473-6792,1954-07-16,"945 Robert Plain, South Kelly, ND 74631",204650.5,active,2020-04-13
2550,Rebecca,Lee,rebecca.lee@hotmail.com,645-997-7029,2006-08-20,"42445 Ian Village Suite 702, South Lisaburgh, RI 44130",56149.0,inactive,2020-06-22
2552,Aaron,Flowers,aaron.flowers@hotmail.com,697-327-2567,1953-08-07,"Unit 0437 Box 4126, DPO AP 72449",72654.84,inactive,2023-08-29
2553,Sharon,Hunt,sharon.hunt@yahoo.com,670-824-3713,1988-11-14,"86199 Hardin Alley, Charleshaven, IL 82374",215998.51,active,2023-12-20
2554,Krystal,Gregory,krystal.gregory@gmail.com,203-444-6054,1983-08-16,"27594 Michael Canyon Apt. 657, Michaelfort, ME 68845",114612.91,suspended,2025-06-24
2555,Nicholas,Walters,nicholas.walters@hotmail.com,418-437-2644,1974-01-01,"705 Brown Junction, Timothyhaven, VT 82493",206096.65,inactive,2021-09-05
2556,Kathryn,Massey,kathryn.massey@gmail.com,653-353-7299,1944-10-12,"06616 Donna Fields Apt. 766, Port Heatherport, LA 91415",206830.18,inactive,2021-09-13
2557,Nicholas,Burke,nicholas.burke@hotmail.com,983-478-4360,2006-08-18,"3369 Murphy Isle, Josetown, MS 73454",213761.0,inactive,2020-08-11
2559,Keith,Roberts,keith.roberts@gmail.com,821-410-7110,1973-11-23,"8745 Devin Summit, Martinezshire, FM 32106",50082.49,active,2021-09-21
2560,Michelle,Salazar,michelle.salazar@gmail.com,372-613-4393,1954-10-12,"94431 Christopher Flat, Victoriamouth, MA 58110",66380.1,inactive,2022-06-13
2563,Monica,Reyes,monica.reyes@gmail.com,598-785-6655,1968-02-14,"5579 Lisa Burgs Suite 540, New Janet, FM 90645",97813.57,active,2026-06-09
2565,Emily,Hughes,emily.hughes@yahoo.com,475-575-5257,1977-06-15,"996 April Neck Suite 391, Davidbury, MD 77058",124233.83,active,2024-02-13
2566,Benjamin,Hardy,benjamin.hardy@hotmail.com,860-729-9698,1989-01-13,"444 Ramirez Mount, South Devinport, KY 45535",197851.56,active,2020-02-12
2567,Jessica,Castillo,jessica.castillo@yahoo.com,249-978-4745,1974-06-22,"7287 Conway Motorway Suite 193, West Patricktown, IA 59330",37973.9,active,2022-08-05
2568,Amy,Jarvis,amy.jarvis@gmail.com,912-766-1820,2000-05-28,"991 Anita Rue Suite 877, Smithfort, MI 04354",73586.83,suspended,2019-10-13
2569,Daniel,Johnston,daniel.johnston@hotmail.com,352-500-3320,1985-10-21,"6797 Mejia Valleys, Olsenland, WV 63310",208587.06,inactive,2021-08-08
2570,Kimberly,Jones,kimberly.jones@yahoo.com,276-681-1953,1992-01-03,"786 Richard Fort Apt. 863, East Alexborough, FL 98047",133552.77,active,2024-02-11
2571,Lauren,Anderson,lauren.anderson@hotmail.com,253-786-3882,2000-06-01,"0946 Diaz Views Suite 977, Port Lawrencefurt, ME 35762",81989.94,inactive,2019-09-20
2572,Tamara,Pratt,tamara.pratt@yahoo.com,441-217-4201,1970-09-21,"Unit 5412 Box 1762, DPO AE 71394",151784.82,active,2024-10-19
2575,Patricia,Martinez,patricia.martinez@yahoo.com,533-375-5461,1986-08-28,"427 Holmes Vista Apt. 277, Port John, IA 43587",131940.59,active,2026-08-02
2577,Robert,Mckenzie,robert.mckenzie@hotmail.com,702-422-1513,1994-09-16,"USNV Brown, FPO AA 37377",145397.92,inactive,2025-03-14
2579,Juan,Irwin,juan.irwin@yahoo.com,972-243-2098,1951-04-08,"4019 Janice Pass Apt. 435, West Nancy, SC 34861",236194.1,active,2019-11-20
2580,Margaret,Cooper,margaret.cooper@hotmail.com,671-741-9027,2008-08-23,"USCGC Martinez, FPO AP 88103",168410.64,inactive,2023-06-18
2581,Michelle,Drake,michelle.drake@hotmail.com,943-613-9602,1959-04-29,"84751 Joanne Glens, South Emilyland, NY 96869",121589.69,suspended,2020-08-11
2583,Andrew,Burton,andrew.burton@yahoo.com,715-711-3068,1972-02-14,"737 Mark Turnpike Apt. 315, Nicholasbury, WV 78611",196674.2,active,2024-10-23
2585,Jacob,Johnson,jacob.johnson@gmail.com,506-582-1391,1974-05-16,"329 Nichole Divide Apt. 555, Sheilafurt, GU 19856",87829.03,active,2022-06-20
2587,Michael,Wallace,michael.wallace@yahoo.com,864-509-7493,1940-08-16,"095 White Ways, New Sean, ID 02089",72277.18,active,2025-02-11
2588,Evelyn,Jones,evelyn.jones@hotmail.com,353-956-2491,1988-04-28,"984 Campos Roads Apt. 745, Mooremouth, TX 98337",121529.49,inactive,2021-10-04
2591,Cynthia,Petersen,cynthia.petersen@hotmail.com,279-812-5816,1950-01-27,"92024 Summers Tunnel Suite 073, New Timothyside, SD 82308",96759.91,suspended,2021-10-27
2592,Kaitlyn,Smith,kaitlyn.smith@gmail.com,241-690-2110,1959-03-17,"7291 Montgomery Roads, Sarahchester, CO 84206",96251.1,active,2021-05-01
2593,Kimberly,Long,kimberly.long@hotmail.com,369-211-2659,1980-11-07,"07935 Scott Manor Suite 208, North Stephanie, MH 98950",50398.46,suspended,2020-12-31
2594,James,Curtis,james.curtis@gmail.com,589-887-7161,1958-04-24,"832 Mark Port, North Maryfort, LA 09605",66550.02,suspended,2023-08-29
2595,Lindsay,Reyes,lindsay.reyes@yahoo.com,659-613-6472,1975-05-22,"08604 Angela Shore Apt. 167, East David, ME 50568",195269.48,inactive,2026-05-31
2598,Jessica,Saunders,jessica.saunders@yahoo.com,953-599-8556,2005-06-14,"585 Avila Mission Apt. 336, Harrellmouth, SC 77711",32938.2,inactive,2020-07-15
2599,Karen,Morse,karen.morse@yahoo.com,876-931-8206,1974-10-16,"USS Bass, FPO AE 76930",180381.86,suspended,2022-12-24
2600,Kathleen,Moran,kathleen.moran@hotmail.com,345-980-4216,1984-09-24,"784 Edwards Forge, New Adammouth, MP 28551",38688.09,inactive,2025-01-25
2601,James,Wiley,james.wiley@gmail.com,425-242-1721,1983-12-15,"70002 Benton Mountain, Matthewmouth, MI 27019",85246.08,active,2022-04-05
2602,Lisa,Parsons,lisa.parsons@yahoo.com,782-398-7841,1991-03-31,"3825 Dalton Walk, Port Valerie, ID 07408",195482.71,active,2021-12-28
2603,James,Lamb,james.lamb@hotmail.com,781-461-4450,1970-05-24,"63308 Kirsten Summit Suite 808, Gilmoreland, CT 22293",18125.87,active,2020-07-19
2604,Kelsey,Shaw,kelsey.shaw@yahoo.com,471-944-8907,1994-01-13,"65772 Cory Mills, Lake Richardville, AL 74513",192716.7,active,2026-04-06
2605,Alyssa,Davis,alyssa.davis@hotmail.com,888-705-2871,1966-09-06,"3521 Hernandez Manor Suite 371, North Shannontown, MO 70510",35753.24,inactive,2024-10-28
2606,Robert,Newman,robert.newman@yahoo.com,945-581-8682,1977-12-12,"47359 Patterson Port Suite 374, West Gerald, NH 58730",230158.39,inactive,2019-10-07
2607,Sara,Ryan,sara.ryan@hotmail.com,761-959-6416,1956-12-04,"739 Davis Road Suite 032, Lake Timothy, MP 04450",158198.44,inactive,2020-06-02
2608,Cory,Rhodes,cory.rhodes@gmail.com,883-898-9520,1961-06-10,"071 Schneider Trafficway Apt. 996, East Jeffrey, SD 40734",169537.52,suspended,2024-12-08
2609,Tony,Henry,tony.henry@yahoo.com,431-222-8108,1938-11-14,"15953 Linda Parkways Suite 162, South Jacobhaven, CO 42563",125313.9,inactive,2023-12-07
2610,Jennifer,Daniel,jennifer.daniel@yahoo.com,710-941-7630,1963-01-17,"98051 Jose Flats, Lisaborough, MT 33226",29385.62,suspended,2023-04-24
2611,Marc,Rose,marc.rose@hotmail.com,309-351-4663,1981-10-01,"Unit 8779 Box 3472, DPO AA 92419",205476.38,active,2023-10-17
2612,Jorge,Padilla,jorge.padilla@yahoo.com,356-300-9883,1986-05-19,"743 Christina Heights, Turnerborough, DC 51729",130297.29,inactive,2021-06-23
2613,Allison,Daniel,allison.daniel@hotmail.com,629-780-6426,1942-01-29,"516 Ann Radial, New Larryview, NC 20733",84396.77,active,2022-03-14
2614,Nicholas,Kim,nicholas.kim@gmail.com,692-878-2086,1994-02-13,"8128 Long Lodge, West Adrian, AS 14169",190042.46,active,2019-09-11
2616,Damon,Watson,damon.watson@hotmail.com,321-515-4861,1978-10-01,"4705 Connie Knoll Suite 458, South Robertport, ND 60745",126007.43,inactive,2022-07-12
2619,Antonio,Garcia,antonio.garcia@hotmail.com,303-284-2348,1974-11-20,"129 Shelia Island, Juantown, TX 13483",194755.13,active,2025-10-02
2620,Dennis,Wells,dennis.wells@gmail.com,937-921-4045,1995-03-27,"156 Lee Village Apt. 917, Josephshire, PW 33584",225431.08,suspended,2020-08-15
2621,Alexis,Fox,alexis.fox@hotmail.com,947-409-5670,1950-07-25,"90641 Nguyen Summit, Antonioshire, IA 61394",57421.22,active,2024-12-23
2622,Robert,Morris,robert.morris@yahoo.com,662-474-4503,1982-07-20,"80238 Flores Fall Suite 008, West Bethanytown, TN 16245",165864.93,active,2022-07-27
2624,Yolanda,Smith,yolanda.smith@gmail.com,829-200-4149,2001-04-22,"9223 Gray Rue, Jacksonstad, KY 09557",193278.48,inactive,2026-03-29
2625,Michael,Levine,michael.levine@gmail.com,298-794-3029,1964-09-13,"Unit 8070 Box 2729, DPO AP 22345",154626.59,suspended,2025-06-23
2626,Marie,Neal,marie.neal@yahoo.com,491-341-2064,2002-04-07,"863 Medina Walk, West Brandy, VT 51677",120638.72,inactive,2019-10-24
2627,James,Aguilar,james.aguilar@hotmail.com,298-708-4666,1994-07-29,"495 Lynch Center Apt. 335, Melindahaven, MI 60209",170965.11,active,2020-11-28
2629,Edward,Ortiz,edward.ortiz@yahoo.com,500-869-7571,1963-01-16,"941 Mcdonald Islands, Lake Bobby, NH 78593",110789.25,active,2023-03-31
2631,Krista,Turner,krista.turner@hotmail.com,260-801-2928,2005-05-24,"09262 Reed Plains Apt. 720, New Danatown, MI 60378",50784.95,inactive,2025-10-16
2634,Debbie,Sutton,debbie.sutton@yahoo.com,946-801-5956,1950-11-22,"51906 Strong Inlet, Kimberlyton, RI 47626",226110.84,active,2020-06-28
2636,Amanda,Cook,amanda.cook@gmail.com,458-598-4056,2004-04-22,"100 Wright Row, Parkerland, NY 02383",198379.18,inactive,2026-05-01
2637,Lori,Preston,lori.preston@gmail.com,926-531-8366,1949-08-19,"30597 Bryant Forest, Haneyburgh, NY 63438",47504.52,inactive,2022-03-23
2638,Nicholas,Rosario,nicholas.rosario@yahoo.com,874-522-4014,1941-10-31,"58685 Mcdowell Lake Apt. 664, Warrenfurt, ME 67367",19651.39,active,2021-12-12
2639,Thomas,Walker,thomas.walker@gmail.com,295-698-6481,1986-03-19,"4645 John Mills Suite 294, Keithtown, LA 16002",50893.25,active,2022-01-07
2640,Hannah,Collins,hannah.collins@gmail.com,818-707-5552,1987-02-28,"37069 Banks Walk Apt. 819, Wongborough, ND 85034",219422.13,suspended,2020-12-06
2641,Scott,Baxter,scott.baxter@hotmail.com,817-210-5953,1992-07-01,"422 Elizabeth Gateway Apt. 419, Boonemouth, VA 11920",158201.43,suspended,2021-12-30
2642,Christopher,Smith,christopher.smith@gmail.com,581-545-1044,1977-12-04,"7436 Maria Plains Apt. 985, South Cory, KS 29776",41220.59,suspended,2019-10-15
2643,Gabrielle,Berry,gabrielle.berry@yahoo.com,351-540-9273,1990-08-07,"476 Jennifer Mall, South Crystalland, UT 69503",78705.02,inactive,2024-04-25
2645,Michele,Lee,michele.lee@gmail.com,936-805-9964,2005-02-27,"55740 Rebecca Union Suite 595, Hendersonmouth, MN 74593",82422.91,inactive,2021-07-31
2647,George,Young,george.young@hotmail.com,674-823-4783,1966-02-15,"Unit 5923 Box 2580, DPO AP 24241",222925.87,suspended,2022-01-01
2650,Maria,Hill,maria.hill@gmail.com,731-641-7493,1988-10-18,"26335 Ramirez Station Suite 298, Johnsonburgh, MA 20259",113462.39,active,2021-08-23
2651,Cody,Griffith,cody.griffith@gmail.com,759-626-1267,1984-02-23,"1723 Leblanc Lakes, West Jessicaport, ND 48167",129388.91,suspended,2020-09-05
2652,Gavin,Williams,gavin.williams@gmail.com,987-814-1838,1939-11-27,"4722 Johnson Island, Leahbury, AZ 53664",128253.1,suspended,2023-04-01
2653,Patricia,Ali,patricia.ali@gmail.com,877-765-5711,1989-07-19,"5892 Cox Roads, East Joseph, NY 64964",191087.81,active,2020-09-10
2655,Anne,Gonzales,anne.gonzales@hotmail.com,281-536-5023,2007-06-03,"55733 Steven Street, South Crystal, AL 76261",228140.44,active,2021-11-12
2659,Theresa,Moore,theresa.moore@yahoo.com,944-223-8247,1959-06-21,"28614 Jennifer Curve, Sarahport, DC 19590",207372.72,active,2025-11-30
2660,Jose,Wheeler,jose.wheeler@gmail.com,997-988-5424,1987-03-16,"32000 James Mission, New Donna, GA 35203",232261.9,active,2025-12-10
2661,Eileen,Cook,eileen.cook@hotmail.com,545-324-9199,1940-01-27,"135 Katherine Rapids Suite 617, Whiteview, MH 97037",188051.95,suspended,2021-08-15
2662,Heather,Hill,heather.hill@hotmail.com,963-357-7772,1966-12-14,"0897 Carpenter Lake Apt. 614, New Jaimemouth, AZ 78805",192380.33,inactive,2020-12-14
2663,Brian,Sanchez,brian.sanchez@gmail.com,380-597-4101,2000-06-09,"3156 Franco Estates, Jonesborough, NE 25013",139057.59,suspended,2022-09-21
2664,Briana,Carter,briana.carter@hotmail.com,835-984-2415,1943-08-16,"773 Hayley Fields Apt. 146, New Ernest, HI 21553",238251.3,active,2026-06-24
2665,Sophia,Dickerson,sophia.dickerson@gmail.com,511-973-8328,1995-08-13,"85223 Guzman Burgs, Thomastown, WI 76641",61105.84,suspended,2022-11-05
2666,Michelle,Carter,michelle.carter@gmail.com,548-598-8084,1977-03-03,"4124 Middleton Ferry, West Lisa, MS 58536",40992.4,suspended,2026-05-07
2667,Emma,Boyd,emma.boyd@hotmail.com,417-371-4115,1939-02-02,"504 Stout Square, East Dawn, NH 36982",155878.67,inactive,2022-03-03
2670,Carrie,Turner,carrie.turner@yahoo.com,242-237-8420,1975-08-08,"7529 Joseph Gateway Suite 650, Duncanberg, NH 87085",59753.88,suspended,2024-06-13
2671,Aaron,Thompson,aaron.thompson@gmail.com,784-843-4239,1976-10-22,"411 Patricia Well Suite 562, Tiffanyberg, NE 86970",110248.48,active,2026-06-28
2675,Ana,Brown,ana.brown@yahoo.com,519-749-7973,1980-04-01,"4286 Benjamin Shoals Apt. 781, Lake Chadton, CT 18222",83146.19,active,2023-12-04
2678,Brian,Baker,brian.baker@gmail.com,616-223-1428,1981-01-10,"43105 Floyd Forge Apt. 588, Dunnton, MS 54929",235838.36,inactive,2023-04-27
2679,Alexis,Jordan,alexis.jordan@yahoo.com,571-845-5577,1992-02-13,"48351 Powell Port Suite 142, Wellsberg, CA 45427",98482.14,active,2025-08-21
2680,Kimberly,Fernandez,kimberly.fernandez@gmail.com,525-326-3992,1984-12-28,"11627 Jonathan Terrace Suite 934, North Philipchester, MD 01866",145963.32,suspended,2022-12-09
2683,Christie,Young,christie.young@gmail.com,695-641-1954,1959-09-15,"400 Fred Stravenue, Davidville, WY 77470",40296.73,inactive,2023-05-08
2684,Derek,Haynes,derek.haynes@hotmail.com,519-630-2523,1941-03-15,"1594 Lauren Greens Apt. 450, South Ronald, SD 23269",164053.25,inactive,2026-03-24
2685,Timothy,Patel,timothy.patel@hotmail.com,340-270-2545,1942-03-17,"4811 Matthew Trafficway Apt. 927, Port Joseph, AK 96960",228674.41,suspended,2026-02-05
2687,Michelle,Robinson,michelle.robinson@hotmail.com,470-362-5056,1960-01-27,"9208 Emily Turnpike Suite 616, North Christopher, GU 20296",36205.97,active,2025-06-26
2689,Julia,White,julia.white@hotmail.com,373-955-9350,1945-02-28,"7360 Perez Unions Apt. 399, Bradleyfurt, UT 53506",70966.21,inactive,2025-04-06
2690,Dawn,Snyder,dawn.snyder@gmail.com,479-790-4072,2008-03-21,"0800 Decker Causeway Apt. 830, Garrettburgh, MN 06786",127368.92,active,2020-10-25
2691,Heather,Garza,heather.garza@hotmail.com,416-827-7364,2003-05-15,"6441 Hampton Vista Apt. 436, South Brandontown, UT 24101",60728.74,suspended,2021-11-11
2692,Caitlyn,Walton,caitlyn.walton@hotmail.com,339-614-7742,1982-06-08,"6191 Judy Inlet, South Trevor, KS 80443",220185.66,inactive,2022-10-27
2694,Martin,Griffin,martin.griffin@hotmail.com,317-615-4132,1964-01-18,"USNS Barry, FPO AP 42737",183786.41,suspended,2026-09-01
2695,Brian,Ryan,brian.ryan@hotmail.com,886-223-4241,1997-03-12,"036 Carter Meadow, Jeffersonfurt, NJ 48633",232712.71,active,2020-03-20
2696,Melissa,Ingram,melissa.ingram@yahoo.com,436-455-1762,1996-10-23,"USNV Wright, FPO AP 92083",180338.05,suspended,2026-03-26
2697,Tina,Snyder,tina.snyder@gmail.com,299-624-5794,1973-04-13,"0812 Stephen Cape, East Travisland, PR 00780",145555.59,suspended,2025-03-11
2698,Darrell,Wright,darrell.wright@gmail.com,912-214-7772,1989-11-02,"234 Lisa Lodge, New Ginatown, OK 61323",41743.71,active,2025-06-10
2699,Michael,Padilla,michael.padilla@hotmail.com,350-941-3019,1968-08-02,"66190 Beard Green Suite 490, Jeffreyshire, LA 98130",210873.85,inactive,2025-01-23
2701,Patrick,Reese,patrick.reese@gmail.com,411-598-6786,1951-09-21,"5592 Jasmine Radial Suite 688, Leachshire, MH 28972",59736.15,suspended,2025-01-17
2702,Melissa,Barnett,melissa.barnett@yahoo.com,701-700-5487,1949-04-11,"Unit 5391 Box 8023, DPO AP 39040",115114.08,inactive,2023-12-17
2703,Angela,Jenkins,angela.jenkins@hotmail.com,674-362-2006,2008-06-02,"37360 William Mill Suite 379, Scottborough, CT 69789",191469.27,active,2021-10-28
2705,Kristine,Merritt,kristine.merritt@gmail.com,486-381-7982,1996-01-27,"6089 Williams Brooks Suite 658, Shawburgh, VT 41190",188729.89,inactive,2023-07-04
2706,David,Wood,david.wood@yahoo.com,266-800-8445,1940-04-11,"385 Park Canyon, Jennifermouth, AK 90864",95221.14,suspended,2020-09-28
2707,Jesse,Andrews,jesse.andrews@yahoo.com,405-904-5515,1988-07-27,"466 Alexandra Glens, Catherinefurt, AZ 18516",204361.89,inactive,2021-08-23
2708,Cassidy,Sullivan,cassidy.sullivan@yahoo.com,872-877-6992,1984-07-03,"Unit 2831 Box 5307, DPO AE 61619",218867.05,active,2024-11-18
2709,Patricia,Yates,patricia.yates@gmail.com,772-310-1237,1987-08-31,"878 Acevedo Club Suite 083, West Lisa, CA 24008",160499.25,active,2021-03-26
2710,Catherine,Hernandez,catherine.hernandez@hotmail.com,938-579-9552,1998-11-04,"1833 Castro Coves Suite 742, Andrewport, IN 69492",74568.08,active,2023-09-06
2711,Megan,Williams,megan.williams@gmail.com,517-964-7614,1984-04-23,"078 West Way, Matthewton, WI 42555",22506.5,suspended,2020-11-21
2712,James,Brady,james.brady@yahoo.com,489-458-5002,1999-01-31,"036 Clark Loaf Apt. 424, Campbellstad, WV 12710",186217.6,suspended,2023-12-23
2713,Mariah,Navarro,mariah.navarro@gmail.com,788-742-3997,1958-10-26,"1482 Delgado Mall Suite 851, Rosemouth, TX 47907",157309.29,suspended,2019-10-20
2715,Brianna,Murphy,brianna.murphy@hotmail.com,558-969-9041,1965-07-16,"596 Sean Gateway, Woodsfurt, MA 34672",178035.53,inactive,2024-07-06
2718,Brandon,Lane,brandon.lane@yahoo.com,246-544-6847,1986-09-22,"7658 Cheryl Trafficway Apt. 187, Bartonburgh, MP 58995",122647.21,active,2023-01-15
2720,Christine,Bates,christine.bates@hotmail.com,305-778-3244,1946-10-25,"4240 Christina Trafficway Suite 804, Robertsonfurt, UT 95398",69349.58,active,2025-10-29
2723,Allison,Simpson,allison.simpson@gmail.com,932-478-7856,2005-05-30,"91666 Roger Inlet, Williamsonside, NC 95263",44701.6,inactive,2023-10-22
2725,Bobby,Mcdaniel,bobby.mcdaniel@gmail.com,295-456-9796,1953-10-23,"48957 Matthew Plain Suite 235, New Wesley, AK 81795",183704.74,active,2025-05-08
2726,Jaime,Blake,jaime.blake@gmail.com,418-905-4830,2004-09-24,"5424 Collier Viaduct, North Michaelmouth, NC 24839",55082.38,suspended,2021-05-06
2727,Meredith,Fry,meredith.fry@hotmail.com,701-421-7747,1943-04-29,"71907 Ryan Mountains Suite 931, North Laura, MO 39525",215017.96,active,2026-08-11
2728,Larry,Spencer,larry.spencer@gmail.com,796-434-5549,2000-09-26,"55035 John Street Apt. 101, West Stacy, UT 53388",18020.63,suspended,2021-01-12
2729,Shannon,Hammond,shannon.hammond@hotmail.com,971-663-3691,1977-05-22,"770 Cody Valley Suite 056, West Andrea, HI 05889",23971.66,active,2022-09-06
2731,Anthony,Powell,anthony.powell@gmail.com,950-383-4208,1987-09-07,"3920 Hoover Tunnel Apt. 429, Dylanberg, WV 10510",201655.6,active,2026-03-05
2733,Dennis,Wilson,dennis.wilson@gmail.com,943-941-4345,2005-11-14,"USNS Hunt, FPO AP 78101",99394.62,inactive,2025-05-12
2734,Christina,Lee,christina.lee@hotmail.com,357-904-2036,1947-01-31,"50595 Henry Meadow, South Angelicaton, VA 82823",203063.57,active,2021-11-03
2735,Tiffany,Hunt,tiffany.hunt@gmail.com,207-375-7136,1966-03-12,"54680 Linda Trafficway, North Lori, MH 36441",25798.75,active,2022-06-11
2737,Martin,Welch,martin.welch@hotmail.com,645-434-3722,1971-06-17,"179 Caitlyn Ville, New Michellebury, MS 38877",77083.1,suspended,2025-06-19
2738,Cameron,Schneider,cameron.schneider@yahoo.com,893-743-6407,1944-08-30,"USNS Smith, FPO AA 75729",214778.18,active,2020-06-16
2739,Kevin,Walters,kevin.walters@yahoo.com,876-780-4532,1955-05-19,"68011 English View, Lake Robert, RI 50963",229703.22,inactive,2020-09-15
2741,Matthew,Brock,matthew.brock@gmail.com,400-615-5842,1942-11-24,"6248 Michelle Hills, Williamschester, KY 72769",101366.8,suspended,2026-06-16
2742,Nicole,Rivera,nicole.rivera@yahoo.com,795-318-3077,1966-12-28,"Unit 1693 Box 2405, DPO AP 59544",217984.47,active,2025-08-30
2743,Katherine,Chambers,katherine.chambers@yahoo.com,315-773-8853,1942-07-29,"3910 William Trail, Lake Randyfurt, NM 58252",105602.77,suspended,2020-09-12
2744,Grace,Weber,grace.weber@hotmail.com,254-730-3945,1956-08-07,"Unit 2185 Box 8680, DPO AA 91601",137663.63,active,2025-03-02
2747,Jamie,Brown,jamie.brown@yahoo.com,762-339-3921,1985-04-07,"40951 Smith Centers, New Craigfurt, CA 65285",27772.12,active,2022-12-16
2748,Natalie,Smith,natalie.smith@yahoo.com,713-786-1491,1990-04-11,"1234 Alan Stream Suite 525, Nicoleshire, MS 19651",132986.02,suspended,2025-02-11
2750,Daniel,Drake,daniel.drake@gmail.com,897-482-6532,1967-05-07,"324 Carol Summit Suite 261, North Paul, WY 54624",24651.15,active,2024-11-01
2751,Wendy,Elliott,wendy.elliott@hotmail.com,289-766-4135,2006-03-30,"11233 David Motorway, Rogersstad, SC 51644",89594.25,suspended,2026-05-30
2752,Debra,Bullock,debra.bullock@gmail.com,283-284-4119,1951-07-18,"8414 Kyle Lock, East Laurie, AK 98800",124733.13,active,2020-02-11
2753,Tommy,Bates,tommy.bates@hotmail.com,755-510-8362,1969-04-24,"905 Smith Track, Evanland, NE 71725",192817.4,suspended,2020-08-21
2754,Jesse,Hernandez,jesse.hernandez@yahoo.com,936-353-6789,1954-06-06,"87274 Stephanie Village, Brandystad, WA 60868",87451.37,suspended,2026-05-24
2755,Rebecca,Armstrong,rebecca.armstrong@hotmail.com,292-807-9661,1998-05-13,"5518 Watkins Stravenue, Garychester, KS 32851",75898.5,active,2021-01-11
2756,Courtney,Taylor,courtney.taylor@gmail.com,814-884-9847,1959-09-25,"424 Howe Skyway, New Amanda, TN 21748",123844.79,inactive,2025-01-09
2757,Andrew,Moore,andrew.moore@gmail.com,714-442-8291,1961-11-04,"65134 Antonio Road Suite 781, North Kelly, WV 50275",129314.22,active,2025-10-28
2758,Derrick,Watson,derrick.watson@gmail.com,680-241-9309,1980-07-07,"1300 Daniel Circles, Rogerport, HI 11465",114501.16,active,2022-06-05
2759,Julian,Marshall,julian.marshall@yahoo.com,250-202-5280,2004-09-25,"5922 Church Burg, South Brian, ME 74342",214646.0,inactive,2019-12-18
2762,Carl,Wilkerson,carl.wilkerson@yahoo.com,529-578-1802,1962-10-16,"422 Frederick Stream, East Deborah, PW 18628",99298.76,active,2024-02-16
2764,Daniel,Ferrell,daniel.ferrell@hotmail.com,451-470-6812,1972-03-16,"15787 John Circle, South David, SD 48859",155216.22,active,2024-05-08
2767,George,Parker,george.parker@gmail.com,467-840-5237,1942-06-10,"6604 Ryan Locks, Wilsonside, NC 10465",231597.75,suspended,2026-08-17
2768,Richard,Fox,richard.fox@hotmail.com,685-710-5079,1992-10-10,"347 Roberts Mall Suite 845, South Paula, UT 32266",132477.26,inactive,2020-07-17
2769,Dawn,Bowman,dawn.bowman@hotmail.com,741-863-2051,1944-04-06,"6754 Lori Turnpike, Joshuastad, MA 87254",106735.33,active,2024-07-30
2772,Kristin,Herman,kristin.herman@gmail.com,629-974-3138,2006-11-02,"7485 Flores Run, Parkerberg, WV 98654",99752.95,active,2023-12-17
2773,Joseph,Kim,joseph.kim@gmail.com,419-306-6072,1961-04-18,"02204 Adam Highway, Williamsburgh, MS 45125",231291.75,inactive,2021-11-07
2774,Eric,Brown,eric.brown@hotmail.com,833-419-9247,2001-04-28,"760 Hayes Fort Suite 250, New Johnburgh, DE 96807",227890.53,suspended,2021-07-02
2775,Ashley,Price,ashley.price@hotmail.com,563-968-7122,1973-09-19,"50650 English Loaf, Lake Jennifermouth, PW 71412",186200.08,active,2024-12-04
2776,April,Nelson,april.nelson@yahoo.com,434-938-7046,1991-12-15,"9411 Lauren Underpass Apt. 089, Vasquezton, ME 08165",93464.62,inactive,2022-02-28
2777,Stacey,Jenkins,stacey.jenkins@gmail.com,604-361-6298,1991-12-03,"USS Copeland, FPO AE 91796",166443.49,inactive,2023-05-22
2780,Ricardo,Randolph,ricardo.randolph@gmail.com,731-382-5512,1946-02-16,"17678 Moses Parkway Apt. 111, North Denise, HI 90552",91604.37,active,2021-01-24
2781,Sarah,Hernandez,sarah.hernandez@gmail.com,913-263-6569,1966-12-01,"23775 Joseph Underpass Apt. 632, Joshuafurt, OH 33314",26334.1,suspended,2019-11-04
2783,John,Hopkins,john.hopkins@hotmail.com,353-445-1738,1940-01-22,"46169 Larry Skyway, Jonesberg, RI 56503",148340.99,suspended,2022-09-13
2785,Mark,Harris,mark.harris@yahoo.com,665-738-8642,2000-03-17,"72464 Hendrix Valley, Smithside, WV 47330",178117.88,inactive,2019-12-15
2786,Monica,Miller,monica.miller@hotmail.com,821-403-4950,1959-11-09,"6322 Washington Cliffs Apt. 178, Danielstad, PA 93748",149716.53,suspended,2026-02-21
2787,George,Gibson,george.gibson@hotmail.com,704-421-3207,1947-10-19,"22925 Amy Cliffs Suite 576, South Richardfort, GA 21456",107908.78,inactive,2024-06-18
2788,Elizabeth,Roy,elizabeth.roy@yahoo.com,616-235-2258,1988-06-11,"6079 Jimmy Shore, Brandonborough, VA 25995",230278.75,suspended,2026-03-30
2790,Brent,Williams,brent.williams@gmail.com,616-997-9592,1967-04-10,"93604 Russo River Apt. 803, South Laurie, KS 19114",215984.9,active,2021-01-25
2792,Victor,Butler,victor.butler@gmail.com,330-811-9583,1998-08-24,"9832 Johnson Mountains, Port Sabrina, CO 81380",223200.48,active,2020-07-08
2795,Christine,Lane,christine.lane@gmail.com,576-824-6665,1989-07-10,"5116 Briggs Tunnel Apt. 608, Thompsonport, MP 78212",47731.64,active,2022-04-16
2796,Krista,Koch,krista.koch@gmail.com,457-741-7646,2001-11-08,"0575 Darlene Lodge Suite 471, New Christopherberg, TN 01001",211326.83,suspended,2023-03-12
2797,Shawn,Lee,shawn.lee@hotmail.com,537-381-2836,1939-06-13,"465 Dalton Trail, Pinedachester, OR 91603",82878.05,active,2020-03-26
2798,Elizabeth,Romero,elizabeth.romero@gmail.com,304-902-6827,1973-01-29,"Unit 7655 Box 9991, DPO AP 50189",148215.67,inactive,2020-09-27
2799,Whitney,Gutierrez,whitney.gutierrez@yahoo.com,940-361-4532,1991-03-24,"36449 Parks Vista, Jimmytown, WA 35749",152658.17,suspended,2024-10-08
2800,James,Frazier,james.frazier@gmail.com,445-662-5505,1995-06-06,"2631 Mcdonald Track, Jeanview, FL 24238",92412.46,inactive,2025-11-09
2801,Dustin,Hodge,dustin.hodge@hotmail.com,461-237-5816,2001-10-23,"973 Elizabeth Well, East Jonathanborough, CT 59968",46871.64,suspended,2025-08-25
2802,Mark,Johnson,mark.johnson@gmail.com,575-845-1348,1972-02-28,"385 William Ford Apt. 271, West Leemouth, CO 29020",190720.09,inactive,2026-03-15
2804,Kathleen,Green,kathleen.green@hotmail.com,910-298-2908,2004-07-14,"3382 Turner Oval Suite 892, North Raymond, ND 17927",183688.13,inactive,2020-11-09
2805,Ashley,Newman,ashley.newman@hotmail.com,232-440-9264,2007-01-31,"84571 Berry Spur, Port Annehaven, CO 56497",214456.09,active,2026-03-18
2806,Julia,Wood,julia.wood@yahoo.com,265-205-9537,1973-08-27,"45365 James Path, Rodriguezbury, MT 61573",103755.07,suspended,2022-03-22
2809,Lisa,Larson,lisa.larson@gmail.com,629-836-5763,1963-01-09,"729 Griffin Divide Apt. 418, Jacksonborough, CA 81223",125755.72,inactive,2020-07-06
2810,Katelyn,Rodriguez,katelyn.rodriguez@yahoo.com,637-200-5909,1970-08-12,"8647 Smith Tunnel Apt. 925, Johnville, NV 44393",236430.21,inactive,2020-05-21
2811,Mark,Smith,mark.smith@yahoo.com,318-447-5980,1982-08-23,"43840 Carrie Mountain Apt. 675, Michaelchester, GU 77696",216992.03,active,2026-03-25
2812,Cynthia,Perkins,cynthia.perkins@gmail.com,998-398-6613,1961-05-05,"095 Gonzalez Springs Apt. 385, Ethanhaven, HI 25382",84253.74,inactive,2021-08-31
2814,William,Hunt,william.hunt@yahoo.com,829-941-3033,1987-09-22,"54376 Robert Fall, Davismouth, AS 15688",29854.88,suspended,2022-06-26
2815,Tammy,Kim,tammy.kim@gmail.com,260-417-8814,1975-06-14,"Unit 5955 Box 3945, DPO AE 56205",152461.42,active,2021-08-14
2816,Elizabeth,Boyd,elizabeth.boyd@yahoo.com,778-794-2062,1963-03-05,"486 Kimberly Circle, Padillahaven, MA 43134",196329.61,inactive,2022-07-21
2817,Heather,Hill,heather.hill@yahoo.com,216-931-8423,1957-03-11,"14914 Renee Knolls Suite 409, Fordfurt, FL 41301",238200.49,suspended,2024-08-23
2818,Renee,Pierce,renee.pierce@yahoo.com,974-812-7893,1993-11-02,"0527 Braun Turnpike, East Michealmouth, NE 50355",188191.53,suspended,2022-03-01
2819,Sarah,Marsh,sarah.marsh@gmail.com,765-857-8474,1974-12-22,"799 Flores Shores Apt. 906, Katieville, RI 37587",37903.34,suspended,2023-05-11
2820,Andrew,Jackson,andrew.jackson@gmail.com,748-574-7293,1982-03-07,"50411 Williams Drives Apt. 209, Port Louis, WV 92250",159364.5,suspended,2025-01-20
2821,Jason,Johnson,jason.johnson@gmail.com,538-778-2686,1986-06-05,"11474 Thompson Ports Apt. 555, East Timothy, ID 91494",83358.47,suspended,2025-01-13
2822,Christine,King,christine.king@yahoo.com,465-651-5525,1980-12-02,"6844 Makayla Fort Apt. 338, Nicolechester, MA 09179",215699.81,active,2020-04-18
2824,Jose,Perkins,jose.perkins@gmail.com,959-283-7980,1972-06-06,"1773 Justin Spur, Port Jeanne, AZ 99867",156132.37,active,2020-05-11
2825,Jade,Rangel,jade.rangel@yahoo.com,358-607-2928,1958-08-23,"82160 Ortega Port, East Carl, MS 60965",119494.29,inactive,2021-05-18
2826,Victoria,Wade,victoria.wade@gmail.com,378-967-4537,2005-12-15,"023 Paige Ports, Browningberg, AS 88336",86709.39,suspended,2021-09-22
2827,Laura,Cole,laura.cole@yahoo.com,821-425-6337,1988-03-25,"4411 Michael Tunnel Suite 286, New Tina, UT 51900",166772.54,suspended,2020-11-07
2828,Francisco,Aguirre,francisco.aguirre@hotmail.com,732-341-1286,1976-03-27,"203 Thomas Key Apt. 450, New Dawnborough, RI 88959",203585.62,inactive,2023-12-12
2830,Timothy,Robinson,timothy.robinson@hotmail.com,644-549-1490,1957-11-22,"3480 Heather Ports Suite 689, East Sydney, MN 72307",139933.99,active,2019-11-04
2831,Michael,Rivera,michael.rivera@gmail.com,390-381-2897,1972-04-01,"154 Ayala Plaza, Travisberg, AL 59035",168195.03,inactive,2020-01-23
2832,Joseph,Richardson,joseph.richardson@hotmail.com,295-763-7265,1949-05-27,"32217 Murphy Ridge Apt. 254, New Charles, IL 23562",145186.75,inactive,2023-09-13
2833,Adam,Hill,adam.hill@hotmail.com,421-215-8895,1972-03-09,"81029 Jackson Junctions Suite 551, South Jason, AR 84858",197540.75,active,2025-11-12
2837,Ross,Collins,ross.collins@yahoo.com,689-970-4665,2006-01-19,"577 Marc Points Suite 506, Georgeshire, MT 37207",18217.16,suspended,2024-11-03
2839,Christina,Williams,christina.williams@hotmail.com,715-406-2229,1998-03-21,"660 Robinson Squares Apt. 850, Curtisberg, WV 61408",36029.53,active,2022-05-05
2840,Mark,Trevino,mark.trevino@hotmail.com,226-249-2084,1953-10-19,"922 Thompson Ferry, New Alexander, OR 88579",101292.5,active,2022-12-05
2843,Michelle,Carter,michelle.carter@hotmail.com,653-857-7736,1991-02-13,"9535 Thomas Plaza, Pearsonmouth, CO 17507",157189.04,active,2020-02-25
2844,Victoria,Duncan,victoria.duncan@gmail.com,425-852-5584,1943-03-17,"4973 David Heights, Allenchester, PR 03837",77966.97,inactive,2022-07-21
2846,Emily,Potter,emily.potter@hotmail.com,943-612-7744,1968-05-30,"740 Melanie Lake, Richardsonhaven, IL 34805",167049.34,suspended,2025-02-11
2847,Rhonda,Gay,rhonda.gay@yahoo.com,219-768-2508,1996-05-21,"10420 Cervantes Wells Apt. 865, Ashleymouth, OH 58558",183581.59,inactive,2022-10-26
2848,Grant,Murphy,grant.murphy@hotmail.com,593-248-3637,1943-08-27,"1909 Stephen Village, Malonetown, MP 58541",143523.54,suspended,2021-05-13
2850,Jose,Atkins,jose.atkins@gmail.com,403-407-8436,2002-09-02,"9582 Ford Circle Suite 992, South Carol, TN 14973",69529.11,active,2024-06-29
2852,Kathryn,Green,kathryn.green@hotmail.com,757-281-8606,1998-12-10,"157 Jane Rapid Suite 385, Gonzalezfort, MI 74830",20362.39,active,2021-06-11
2853,Michelle,Neal,michelle.neal@yahoo.com,280-817-3676,1947-11-13,"87870 Ann Corners, North Jenniferbury, WY 62531",18103.11,active,2025-07-17
2854,Chelsea,Rich,chelsea.rich@gmail.com,443-725-6206,1989-01-22,"3241 Smith Mountain, East Tracyfort, WI 79366",47383.09,inactive,2021-12-13
2856,April,Hopkins,april.hopkins@hotmail.com,503-514-5335,2002-01-10,"97881 Gilmore Radial Suite 710, Teresamouth, RI 77991",149547.22,suspended,2020-07-26
2857,Andre,Warner,andre.warner@hotmail.com,530-248-3307,1993-07-24,"24170 Amber Tunnel Apt. 137, Loweborough, KS 05077",209835.27,inactive,2020-03-11
2858,Jeffrey,Preston,jeffrey.preston@gmail.com,296-641-5512,1962-12-01,"251 Walker Gardens Suite 813, Masonburgh, AR 11209",81216.86,active,2026-03-14
2860,Madeline,Adams,madeline.adams@yahoo.com,310-345-8589,1966-06-29,"4536 Maria Crossroad Apt. 350, North Johnview, PA 49912",182483.45,inactive,2020-09-09
2863,Jerry,Scott,jerry.scott@gmail.com,467-731-7879,1952-04-30,"USCGC Nguyen, FPO AA 39961",56099.56,suspended,2024-07-06
2865,Tina,Alvarez,tina.alvarez@hotmail.com,448-317-9442,1987-11-30,"91369 Peterson Pine, New Jason, NM 63902",57342.09,suspended,2020-08-19
2866,Paula,Anderson,paula.anderson@yahoo.com,229-546-4750,1980-02-16,"2241 Wendy Track Apt. 383, Katherineburgh, LA 62734",145078.43,inactive,2022-02-07
2867,Derrick,Hall,derrick.hall@yahoo.com,704-919-9922,1942-06-01,"PSC 0741, Box 9753, APO AA 06962",177658.61,inactive,2026-06-05
2868,Sherry,Williams,sherry.williams@yahoo.com,664-689-2000,1972-07-23,"988 Hurley Fords, West Erik, AL 70097",107390.37,inactive,2025-05-07
2869,Matthew,Moreno,matthew.moreno@hotmail.com,730-998-3400,1987-07-12,"826 Erik Corners Suite 510, Kathyshire, VT 90819",208942.43,active,2022-02-20
2871,Robert,Lopez,robert.lopez@hotmail.com,844-557-6372,1992-07-04,"PSC 5534, Box 3349, APO AP 59974",167602.03,active,2024-03-03
2872,Jennifer,Mack,jennifer.mack@yahoo.com,215-995-6489,1973-05-28,"0932 Hernandez Trail, Port Courtney, WI 04686",137674.54,inactive,2022-07-30
2873,Michelle,Salazar,michelle.salazar@gmail.com,614-783-3463,1999-04-14,"16332 Wong Alley Suite 244, Shawshire, WA 04223",180612.7,suspended,2023-09-17
2875,Mary,Hopkins,mary.hopkins@yahoo.com,240-770-9753,1967-09-21,"9520 Reyes Prairie Apt. 528, North Christopher, WI 74618",189510.74,inactive,2020-01-08
2876,Steven,Hunter,steven.hunter@yahoo.com,838-823-9877,1987-08-05,"0180 Nathan Hill Apt. 277, Brownberg, IN 13254",82114.51,suspended,2021-11-10
2877,Paul,Morgan,paul.morgan@yahoo.com,329-238-6421,2007-03-31,"03668 Ruiz Inlet, New Kimberly, NJ 84767",195241.49,suspended,2024-11-27
2878,Joel,Nelson,joel.nelson@yahoo.com,878-755-8096,1946-08-19,"Unit 1845 Box 8163, DPO AE 23616",234452.07,suspended,2024-02-08
2879,Daniel,Vargas,daniel.vargas@gmail.com,719-498-3129,1944-05-23,"3725 Clarence Ranch, Lake Monicaland, AR 20716",84186.47,suspended,2023-11-14
2880,Oscar,Hall,oscar.hall@gmail.com,724-766-2081,1978-05-25,"4825 Michelle Drives Apt. 546, Stephanieview, NM 49791",161694.11,inactive,2019-11-05
2881,Jeffrey,Jones,jeffrey.jones@hotmail.com,841-758-9315,1977-08-01,"9036 Perez Summit Suite 237, West Samuel, NV 50829",119650.57,active,2021-08-13
2882,Julie,Martinez,julie.martinez@yahoo.com,293-565-3933,1946-04-27,"PSC 7617, Box 4790, APO AA 47118",70232.36,suspended,2021-09-25
2884,Meagan,Moyer,meagan.moyer@yahoo.com,714-928-2149,1991-12-10,"8973 Daniel Cape, West Normanmouth, IA 74707",102459.52,active,2026-05-22
2885,Carrie,Lopez,carrie.lopez@gmail.com,776-854-1727,1953-08-10,"2401 Johnson Streets Suite 379, Lake Aliciaside, AK 70129",127867.41,suspended,2025-12-20
2887,Sandra,Chen,sandra.chen@hotmail.com,527-728-4213,1994-11-20,"Unit 4368 Box 2756, DPO AP 34031",127647.39,suspended,2025-03-25
2888,Brenda,Simpson,brenda.simpson@hotmail.com,525-897-9591,2005-04-08,"786 House Track, Jessehaven, CT 44220",18145.33,suspended,2020-09-18
2889,Alyssa,Daniels,alyssa.daniels@yahoo.com,577-253-5412,1991-12-27,"USNV Brooks, FPO AE 79465",214030.54,suspended,2024-01-08
2890,Rebecca,Shelton,rebecca.shelton@gmail.com,590-945-6437,1976-05-13,"1999 Steven Extension Apt. 710, Lake Dylanstad, VI 80774",170205.96,suspended,2022-04-22
2891,Danielle,Lee,danielle.lee@gmail.com,816-426-4520,2005-04-04,"7053 Bob Stravenue Apt. 613, North Keithchester, KY 14702",80070.55,suspended,2026-05-04
2893,Marissa,Wilkerson,marissa.wilkerson@gmail.com,807-603-4213,1973-06-03,"USCGC Johnson, FPO AA 13784",49158.62,suspended,2021-07-08
2894,Allison,Jenkins,allison.jenkins@yahoo.com,853-452-3180,1982-04-21,"3731 Pham Underpass Apt. 759, South Kyle, AR 11555",169742.68,suspended,2024-08-07
2895,Bradley,Montes,bradley.montes@hotmail.com,600-427-4187,1957-01-05,"4009 Brown Passage Apt. 256, Manningland, ND 01639",139252.42,suspended,2023-08-31
2897,Bobby,Davis,bobby.davis@hotmail.com,745-979-6535,1979-04-13,"169 Kristine Stream, North Kristamouth, NE 81240",178377.43,inactive,2024-08-03
2899,Patrick,Mejia,patrick.mejia@hotmail.com,551-742-7062,1988-10-22,"USCGC Martinez, FPO AA 19618",40693.0,suspended,2024-03-10
2900,Daniel,Villanueva,daniel.villanueva@yahoo.com,927-600-7049,1999-03-02,"4496 Murphy Estate, Sandraburgh, MH 94348",99208.54,suspended,2020-05-27
2901,Christopher,Holmes,christopher.holmes@gmail.com,469-595-6314,1964-10-07,"PSC 4805, Box 7595, APO AE 22865",21470.4,inactive,2020-11-11
2902,Kelly,Schmitt,kelly.schmitt@hotmail.com,991-896-5707,1940-11-14,"35231 Soto Heights Suite 713, North Eric, MO 12310",201119.36,active,2021-03-19
2904,Victor,Lee,victor.lee@gmail.com,315-692-8933,1956-12-07,"630 Butler Way Suite 629, Johnsonburgh, WY 93438",54588.91,active,2025-11-05
2905,Charlotte,Hamilton,charlotte.hamilton@hotmail.com,795-441-5409,1961-11-27,"047 Tracey Hills, Michellemouth, SC 66316",194146.23,active,2022-12-10
2906,Melinda,Quinn,melinda.quinn@yahoo.com,302-428-9447,1976-01-08,"137 Melvin Glens Apt. 789, Lake Megan, NC 61352",90204.61,inactive,2024-04-29
2907,Kayla,Thomas,kayla.thomas@gmail.com,535-407-2756,1999-01-18,"5484 Victor Inlet Suite 645, Deborahborough, MH 96123",66084.28,active,2023-01-07
2908,Anthony,Johnson,anthony.johnson@hotmail.com,419-629-8796,1975-11-07,"66594 Nolan Flats Apt. 323, Kristinemouth, VA 32573",179580.85,suspended,2019-09-27
2909,Jeffery,Hughes,jeffery.hughes@hotmail.com,636-658-6198,1999-12-17,"965 Lambert Hollow, Lake Adam, WY 29478",28165.86,suspended,2024-01-05
2910,Maureen,Mendez,maureen.mendez@gmail.com,913-858-2787,1984-11-07,"761 Rachel Spring, Olsontown, CT 41225",80932.29,active,2025-01-01
2911,Nancy,Wilson,nancy.wilson@gmail.com,381-667-7273,2005-07-15,"623 Michael Ridge, Ethanland, DE 47449",154689.57,active,2022-09-18
2912,Amy,Hutchinson,amy.hutchinson@yahoo.com,523-967-1005,1946-03-31,"3975 Mike Mill, North Monica, MN 08936",152325.93,active,2020-01-18
2913,Benjamin,Mays,benjamin.mays@hotmail.com,371-800-6549,1940-09-17,"94430 Donald Oval, East Karen, TX 49662",46810.25,suspended,2021-04-28
2914,Matthew,Knight,matthew.knight@gmail.com,985-556-7589,1961-06-08,"380 Patrick Flat Apt. 676, Lake Danielle, CO 41054",54139.27,active,2020-06-05
2915,John,Francis,john.francis@yahoo.com,994-638-7817,1979-01-04,"41426 Anderson Forges Apt. 646, West Shelbyhaven, VA 26948",30957.95,inactive,2020-06-06
2916,Martha,Luna,martha.luna@hotmail.com,718-625-8369,1939-05-09,"2895 Wiggins Knolls Suite 743, Tracymouth, DC 67124",137639.11,inactive,2020-02-20
2917,Stacy,Washington,stacy.washington@gmail.com,341-704-6535,1981-11-25,"798 Jacob Union Suite 554, Lake Deniseview, FL 16507",131266.26,suspended,2024-10-20
2918,Andrew,Rodriguez,andrew.rodriguez@hotmail.com,754-847-6562,1948-08-24,"17785 Watson Port Apt. 579, Cruzberg, WA 57008",180701.09,inactive,2023-07-19
2919,Brooke,Atkinson,brooke.atkinson@gmail.com,929-828-5719,1976-01-24,"00255 Brooke Wall Apt. 563, Kirbyfort, TN 98325",57466.07,active,2023-02-15
2922,Sarah,Hall,sarah.hall@hotmail.com,800-862-4802,1951-05-09,"8910 Logan Harbors, West Ryan, VA 63927",34150.09,active,2024-02-09
2923,Jason,Coleman,jason.coleman@yahoo.com,533-524-2134,1996-12-06,"61209 Sarah Manor, Grantberg, TN 91549",64252.35,inactive,2025-05-20
2924,Thomas,Rivera,thomas.rivera@yahoo.com,397-731-1189,1978-03-14,"09750 Bennett Ramp Apt. 285, Holmesshire, VI 36583",158618.76,inactive,2021-04-17
2925,Kelly,Fisher,kelly.fisher@hotmail.com,898-302-5651,1958-11-08,"15685 Brandt Extension, Goodmanberg, CT 68382",85324.26,suspended,2024-08-21
2927,Lori,Ross,lori.ross@gmail.com,659-852-8226,1988-10-08,"3987 Deborah Highway, Erinview, ME 26561",177698.09,inactive,2021-12-09
2928,Anthony,Marshall,anthony.marshall@yahoo.com,353-964-1104,1950-12-30,"774 Deborah Hill Suite 518, North Richard, ID 99823",46801.52,suspended,2022-01-18
2929,Gregory,Richardson,gregory.richardson@gmail.com,577-494-4426,1942-06-02,"57578 Powell Centers, Keyburgh, GU 44614",228834.1,active,2024-10-20
2930,Andrew,Ball,andrew.ball@yahoo.com,377-924-9902,1961-07-09,"9508 Joseph Meadow, North Robertchester, MN 45870",197315.87,active,2024-03-26
2931,Michele,Moss,michele.moss@gmail.com,394-264-3069,1942-07-28,"4141 Emily Bridge Suite 396, Zacharyborough, MD 76924",62440.2,suspended,2025-03-08
2932,Kristin,Hughes,kristin.hughes@gmail.com,841-512-2517,1950-10-25,"208 Garcia Roads, New Paige, DE 78150",31094.56,suspended,2026-08-08
2934,Melanie,Friedman,melanie.friedman@yahoo.com,674-553-1396,1990-05-25,"0180 Marquez Spur Suite 226, West Carla, CO 44251, tel 705-209-2132",136217.91,inactive,2020-06-25
2935,David,Holmes,david.holmes@gmail.com,923-289-8471,1972-06-12,"6517 Harris Ford, Port Christinamouth, MH 38465",57280.94,active,2020-11-12
2936,Ashley,Wilson,ashley.wilson@yahoo.com,675-528-5265,1977-04-15,"625 Jensen Overpass Suite 511, West Samuel, FM 56057",183795.5,inactive,2021-04-19
2938,Valerie,Lee,valerie.lee@gmail.com,345-833-2478,2005-10-05,"33460 Collins Ramp Suite 875, Turnerport, NE 92231",131426.05,suspended,2023-01-13
2939,Leslie,Fletcher,leslie.fletcher@hotmail.com,231-270-4020,1942-02-19,"98212 Whitehead Pass Suite 740, Brianland, MA 09189",179961.49,inactive,2021-08-06
2940,Jared,Duran,jared.duran@yahoo.com,386-935-8201,2003-12-07,"6996 Amy Turnpike Suite 477, East Kyleburgh, MA 98053",231197.83,suspended,2020-07-09
2941,John,Solis,john.solis@hotmail.com,562-676-2551,1966-08-22,"PSC 3410, Box 6572, APO AP 96227",62027.3,suspended,2024-09-17
2942,Jenny,Mccann,jenny.mccann@yahoo.com,778-871-4049,1943-05-10,"6206 Welch Way Apt. 933, Alexanderfort, NH 34045",230385.4,active,2024-03-31
2944,Brian,Smith,brian.smith@hotmail.com,534-873-2234,1999-08-26,"PSC 4093, Box 5827, APO AP 90177",160159.37,active,2021-11-22
2946,William,Romero,william.romero@hotmail.com,791-753-4329,1945-09-03,"PSC 9788, Box 8458, APO AP 92846",89085.22,inactive,2023-12-10
2947,Jessica,Harvey,jessica.harvey@yahoo.com,325-700-8586,1984-10-05,"14917 Butler Rue Apt. 692, Lake Jennifer, AS 46946",181639.52,inactive,2021-12-30
2948,Cole,Ryan,cole.ryan@hotmail.com,602-496-5049,1989-01-22,"USNS Vaughan, FPO AA 88399",227101.43,suspended,2024-11-14
2949,Zachary,Sanders,zachary.sanders@hotmail.com,459-791-9161,1978-11-08,"00326 Brown Forks Apt. 524, North Josephburgh, AZ 96751",153689.25,active,2023-10-03
2950,Scott,Russell,scott.russell@gmail.com,657-818-8189,1998-03-31,"Unit 3352 Box 9495, DPO AA 57811",60000.0,suspended,2024-08-28
2952,Amy,Ross,amy.ross@gmail.com,977-739-9154,1955-03-27,"7621 Matthew Roads Suite 614, Port David, WA 26371",177565.75,active,2021-06-05
2953,Sarah,Hendricks,sarah.hendricks@hotmail.com,294-583-1897,1964-09-14,"995 Tina Circles Apt. 008, Barbaraton, ME 06757",71952.04,active,2023-01-07
2954,Teresa,Johnson,teresa.johnson@gmail.com,337-573-7506,2006-03-05,"36423 Sharp Forge Apt. 342, Bryanmouth, DE 67685",179883.09,suspended,2025-07-30
2955,Ashley,Olson,ashley.olson@yahoo.com,392-377-1616,2003-10-29,"7942 Corey Via, South Derekview, ND 17983",214108.47,inactive,2020-07-15
2959,Nathan,Potter,nathan.potter@yahoo.com,262-968-1662,1960-09-12,"21999 Melissa Shoal Apt. 767, Lake Michellefort, SC 01983",62842.93,inactive,2022-04-05
2960,Aaron,Jackson,aaron.jackson@yahoo.com,597-860-2343,1981-08-04,"44527 Rush Alley Apt. 398, Masonton, MT 38097",198857.35,suspended,2024-01-13
2961,Rodney,Lynn,rodney.lynn@hotmail.com,502-822-2899,1979-12-03,"868 Burke Pass, Terryborough, UT 23886",203410.87,active,2025-06-15
2963,Jason,Carpenter,jason.carpenter@yahoo.com,610-840-7122,1938-10-15,"3081 David Extensions Suite 750, Charlesburgh, MT 52043",38529.46,active,2020-02-07
2964,Kevin,Allen,kevin.allen@yahoo.com,869-952-9378,1965-10-24,"455 Hall Heights, Lake Susan, NE 23742",60812.98,suspended,2023-07-29
2966,Roy,Wilson,roy.wilson@yahoo.com,295-823-2886,1955-06-14,"969 Morrison Shoals, Port Laura, WI 27117",50230.86,active,2021-01-28
2967,John,Gonzalez,john.gonzalez@gmail.com,949-355-2893,1951-11-18,"838 Boyd Turnpike Apt. 581, Clarkchester, ND 13935",64008.53,active,2024-12-27
2968,Rhonda,Gray,rhonda.gray@gmail.com,564-544-2979,1947-01-30,"0799 Timothy Overpass, Lake Crystal, DC 15444",60000.0,suspended,2021-07-09
2969,Bethany,Mills,bethany.mills@yahoo.com,318-315-7268,1939-06-29,"USNV Mclean, FPO AP 53437",107398.58,active,2025-09-06
2970,Anthony,Gonzalez,anthony.gonzalez@gmail.com,323-832-1522,1992-06-25,"USNS Wheeler, FPO AP 95488",117121.0,suspended,2026-03-19
2971,Michael,Weaver,michael.weaver@yahoo.com,978-648-5074,1977-12-05,"6281 Shannon Mill, Figueroamouth, AS 71056",61945.2,suspended,2020-09-30
2972,Melissa,Nixon,melissa.nixon@hotmail.com,237-500-4153,1941-09-12,"81905 Baker Meadows Apt. 305, Lake Todd, AZ 88140",113781.58,inactive,2024-04-13
2975,Michael,Cannon,michael.cannon@yahoo.com,771-899-7468,1983-03-06,"07284 William Station Suite 800, Hamiltonshire, GA 91893",156827.34,active,2026-06-05
2976,Theresa,Newman,theresa.newman@yahoo.com,790-880-6351,1978-06-13,"49048 Adkins Key Suite 543, Stephaniemouth, IA 50531",236000.41,active,2026-08-02
2977,Mary,Montgomery,mary.montgomery@yahoo.com,584-331-1280,1955-03-13,"7997 Thomas Estates, Lake Ruben, VI 50159",204478.09,suspended,2023-06-20
2978,Jessica,Miller,jessica.miller@yahoo.com,558-938-7234,1991-04-28,"USNS Dodson, FPO AE 19868",204401.43,active,2022-07-27
2979,Tyler,Taylor,tyler.taylor@yahoo.com,419-932-6656,1942-02-12,"9769 Melissa Square Apt. 514, Johnside, MS 85577",46461.14,suspended,2026-09-01
2982,Laurie,Armstrong,laurie.armstrong@yahoo.com,575-596-6028,1979-05-23,"9933 John Common Suite 695, South Alexanderchester, PA 48910",187291.01,active,2020-08-18
2983,Jeanette,Smith,jeanette.smith@yahoo.com,465-276-3558,1989-09-03,"1128 Carter Squares, North Shawnborough, AK 90525",23693.31,inactive,2026-05-19
2985,Justin,Ward,justin.ward@gmail.com,261-370-2007,1964-04-19,"6083 Ashley Drive, Brownside, MI 98057",116371.44,suspended,2023-07-26
2986,Yolanda,Bradley,yolanda.bradley@yahoo.com,636-804-1366,2001-01-13,"440 Amy Village, Gomezport, NH 09595",109539.73,active,2021-11-05
2987,Cindy,Lopez,cindy.lopez@yahoo.com,743-865-2753,1997-05-07,"548 Torres Mountains, West Raymondberg, IN 04098",94010.65,inactive,2023-07-12
2989,Ryan,Brown,ryan.brown@yahoo.com,830-571-7644,1997-07-05,"085 Horton Meadow Suite 789, Port Linda, OK 92191",230362.77,suspended,2026-06-29
2990,Tammy,Silva,tammy.silva@hotmail.com,577-633-6050,1939-10-04,"72990 Mark Drives Apt. 960, North Devinchester, PW 36151",156285.22,inactive,2021-08-14
2991,Tyler,Blankenship,tyler.blankenship@yahoo.com,893-997-6702,1968-12-19,"11190 Samuel Mall, East Todd, ID 83391",100577.3,inactive,2020-01-24
2992,Sarah,Rodriguez,sarah.rodriguez@gmail.com,297-887-4647,1993-03-22,"USNS Smith, FPO AP 32399",48382.73,inactive,2023-12-03
2994,Philip,Hodges,philip.hodges@gmail.com,239-412-1436,1962-07-26,"000 Solomon Ports Suite 381, Taylorstad, VI 07465",196953.48,suspended,2025-04-22
2995,Roberta,Castaneda,roberta.castaneda@yahoo.com,435-302-8361,1971-09-06,"8180 Gibson Station Suite 914, West Elizabethville, LA 36034",106497.71,active,2020-06-21
2997,Melissa,Edwards,melissa.edwards@yahoo.com,713-643-9068,1999-12-15,"77665 Montgomery Cape Apt. 344, East Patricia, OH 13907",149589.92,suspended,2022-07-29
2998,Mary,White,mary.white@yahoo.com,921-262-8593,1998-12-28,"491 Davis Lights Apt. 883, Robinsonmouth, ND 08339",36744.57,suspended,2022-11-03
3000,Tiffany,Lane,tiffany.lane@gmail.com,694-207-9786,1988-02-18,"91761 Grant Extension, Alexamouth, TN 69008",98168.89,suspended,2022-12-16
3001,Veronica,Fitzpatrick,veronica.fitzpatrick@yahoo.com,507-404-7563,1983-12-22,"57408 Parker Harbor, Port Shannonfort, FL 75828",56845.7,suspended,2021-03-01
3003,Lawrence,Richards,lawrence.richards@hotmail.com,657-636-8036,1961-04-25,"2863 Payne Avenue, South Meganland, TN 59669",150347.58,inactive,2022-09-12
3004,Brandon,Collier,brandon.collier@hotmail.com,323-774-1089,2006-01-12,"4533 Norris Keys, North Cole, MN 50461",92095.32,suspended,2024-05-22
3005,Chloe,Hill,chloe.hill@hotmail.com,821-612-3565,1938-12-27,"57337 Huang Path Suite 091, West Charles, NM 66932",200613.97,inactive,2024-06-08
3006,Casey,Montgomery,casey.montgomery@yahoo.com,603-647-3439,1985-11-20,"1451 Aguilar Courts Suite 955, New Tom, IL 50788",35523.22,suspended,2021-10-11
3011,Katherine,Sandoval,katherine.sandoval@yahoo.com,966-870-5303,2005-05-06,"53973 Bridges Court, Lake Donna, AS 81054",147995.34,suspended,2026-06-18
3012,Brenda,Phillips,brenda.phillips@yahoo.com,269-932-5416,1939-10-09,"09897 Stuart Branch Suite 143, Port Paulland, WY 09526",145465.49,inactive,2020-06-28
3013,Cathy,Bond,cathy.bond@hotmail.com,524-376-1692,1986-05-01,"4025 Mcclure Extensions Suite 006, New Karen, OK 86862",74725.82,suspended,2025-12-11
3014,Isaac,Lopez,isaac.lopez@yahoo.com,408-924-3669,1963-09-03,"938 Bradshaw Hills Suite 892, West Caleb, NJ 37034",224295.95,inactive,2026-04-04
3015,Michelle,Morris,michelle.morris@hotmail.com,704-854-4664,1954-04-27,"5655 Francisco Vista Suite 638, South Tracy, NE 45990",161861.97,active,2020-09-30
3016,Kendra,Brown,kendra.brown@gmail.com,649-901-2970,1967-02-19,"21338 Kelly Fords, Gregoryport, LA 97113",198633.7,inactive,2020-01-24
3017,William,Summers,william.summers@yahoo.com,932-574-1282,1954-08-07,"4988 Christine Pike Apt. 825, West Mikayla, IL 05208",109216.96,inactive,2020-06-10
3019,Thomas,Flores,thomas.flores@gmail.com,472-454-4822,1965-08-22,"103 Francisco Cove, East Brandi, MN 14474",202463.45,inactive,2020-04-12
3021,Robert,Kidd,robert.kidd@gmail.com,782-316-8308,1982-10-04,"3715 Joseph Crossing Suite 787, Pierceton, WI 10783",197156.98,active,2020-02-23
3022,Erika,Fowler,erika.fowler@hotmail.com,369-641-3286,1944-11-11,"8423 Jasmin Lock, West Michael, KY 54833",23840.14,inactive,2023-09-21
3024,Tammy,Crosby,tammy.crosby@hotmail.com,918-303-7923,2003-10-08,"602 Mark Haven, Lake Brandytown, RI 80711",158043.07,suspended,2024-11-27
3025,Kathleen,Ferguson,kathleen.ferguson@hotmail.com,297-758-2371,1952-05-17,"507 Simpson Port, Hudsonshire, IL 88041",70216.78,suspended,2023-10-10
3026,Alicia,Rodriguez,alicia.rodriguez@hotmail.com,357-805-4604,1945-09-24,"Unit 1948 Box 7461, DPO AE 31235",214459.12,suspended,2019-10-14
3027,Sylvia,Miller,sylvia.miller@hotmail.com,314-285-8281,1968-06-13,"41551 Charles Islands, Escobarmouth, IL 44178",231679.27,suspended,2025-01-14
3028,James,Martin,james.martin@yahoo.com,840-801-5747,1960-06-22,"6868 Li Village Suite 311, Martinland, AR 93875",223972.35,suspended,2021-01-13
3029,Emily,Sullivan,emily.sullivan@gmail.com,343-276-4190,2005-12-15,"3965 Curry Common Apt. 557, Joneston, IL 89672",85513.33,active,2025-11-21
3030,Brian,Guerrero,brian.guerrero@gmail.com,662-564-9551,1994-04-11,"88958 Bishop Rest Apt. 584, West Rachel, ID 13585",131918.27,active,2025-05-02
3031,Jose,Hill,jose.hill@yahoo.com,719-582-8170,1957-06-17,"58606 Dawn Trace, Port Claudiahaven, CT 72794",225016.55,suspended,2021-09-29
3033,Emily,Mendoza,emily.mendoza@yahoo.com,882-295-3946,1979-12-20,"64122 Turner Dale Suite 439, West Matthew, PA 95383",204950.37,inactive,2021-05-17
3034,Raymond,Boone,raymond.boone@gmail.com,506-809-7606,1958-02-23,"4425 Sarah Squares, Ricemouth, WV 82518",38313.82,suspended,2025-09-23
3035,Jacob,Leon,jacob.leon@yahoo.com,361-723-9186,1948-10-07,"91881 Elijah Tunnel, Priceview, FM 21415",167703.58,suspended,2025-09-27
3036,Kimberly,Herrera,kimberly.herrera@hotmail.com,814-886-7938,1984-06-08,"09790 Craig Knolls, Port Mariamouth, RI 10647",142250.94,suspended,2024-10-29
3037,Charles,Peterson,charles.peterson@gmail.com,943-970-7424,1995-03-14,"25337 Smith Loaf Apt. 437, Mccallside, NH 24103",146448.31,suspended,2021-06-27
3038,Kayla,Gonzalez,kayla.gonzalez@gmail.com,473-244-6810,1965-11-21,"153 Jeremy Avenue, Port Jacob, MS 75917",68912.87,active,2026-02-14
3039,Roberta,Perry,roberta.perry@yahoo.com,794-633-2843,1985-06-28,"31151 Gordon Ridge, Valerieport, GA 18984",96723.43,active,2025-09-09
3043,David,Lawson,david.lawson@gmail.com,631-918-5637,2004-08-22,"Unit 6406 Box 4123, DPO AP 97242",203389.23,inactive,2019-11-25
3044,Danielle,Morris,danielle.morris@gmail.com,790-561-3673,1974-04-08,"8307 Smith Locks Apt. 270, Lake Joseph, DE 33621",225693.54,inactive,2020-07-20
3045,Curtis,Smith,curtis.smith@yahoo.com,663-723-6118,2006-05-25,"64272 Jacob Well Suite 454, South Tom, NY 85419",51675.05,inactive,2023-09-14
3046,Sheryl,Castillo,sheryl.castillo@yahoo.com,243-776-5344,2007-08-27,"7269 Fletcher Avenue Apt. 333, South Christina, OH 97055",103677.62,active,2024-12-19
3047,Leah,Higgins,leah.higgins@gmail.com,978-448-7662,1976-10-17,"26719 Jones Walks Suite 918, Davidmouth, MI 55874",79098.23,suspended,2020-03-06
3048,Stephanie,Villegas,stephanie.villegas@hotmail.com,714-787-4637,1997-06-23,"495 Raymond Viaduct, Robertsonburgh, MP 21169",77033.85,inactive,2026-09-05
3049,Tara,Ellis,tara.ellis@yahoo.com,433-828-1673,1960-11-26,"1096 Jones Land, New Nicole, GA 96408",213434.21,active,2021-01-20
3051,Don,Young,don.young@hotmail.com,222-838-2038,2002-07-31,"951 Brittany Drives Apt. 722, North Kristine, IA 49219",37798.37,active,2021-12-01
3052,Jill,Hernandez,jill.hernandez@gmail.com,800-974-5067,1989-06-15,"11399 Hines Mountains Apt. 879, South Andrea, NH 51621",97419.86,suspended,2025-06-01
3053,Tina,Dunlap,tina.dunlap@gmail.com,409-931-7674,1951-04-09,"842 Brittany Lights, Murphyport, KS 90455",41967.22,active,2024-11-07
3054,Jorge,Hicks,jorge.hicks@yahoo.com,200-549-4056,1966-01-26,"62068 Kyle Springs, Lisaville, OR 66789",235784.8,active,2022-02-10
3055,Jacqueline,Thomas,jacqueline.thomas@gmail.com,769-723-2546,1985-11-11,"30084 Sandra Forge, West Rachelshire, VT 72552",106935.04,suspended,2023-01-30
3056,Darren,Fritz,darren.fritz@hotmail.com,568-485-5949,2006-09-23,"USCGC Garza, FPO AE 26062",128021.42,inactive,2024-10-28
3058,Margaret,Garza,margaret.garza@hotmail.com,480-228-7822,1946-03-01,"84416 Emily Ramp, Lake Suzanne, AS 23946",107258.37,active,2023-06-10
3059,Joshua,Brown,joshua.brown@hotmail.com,881-253-4493,1966-07-11,"63238 James Bridge Suite 741, East Thomasburgh, HI 54816",46144.56,inactive,2021-04-02
3060,Melissa,Cook,melissa.cook@yahoo.com,786-971-9955,1955-05-10,"58385 Leah Fort Suite 781, South Justinview, VT 57350",157968.1,suspended,2020-08-24
3061,Robert,Mason,robert.mason@yahoo.com,610-672-3383,1960-02-27,"90102 Shelby Pike, Ginaville, OH 48688",39511.38,active,2026-08-26
3062,Alicia,Sexton,alicia.sexton@gmail.com,623-729-2713,1968-12-18,"23535 Hicks Pass Apt. 140, Port Donaldbury, MA 56704",192775.46,inactive,2023-08-24
3064,Jerome,Jimenez,jerome.jimenez@yahoo.com,892-274-8719,1970-10-26,"04730 Jack Path Apt. 131, Lake Kennethhaven, HI 41270",173151.53,suspended,2019-10-08
3065,Crystal,Foley,crystal.foley@hotmail.com,762-650-6105,1973-03-08,"44469 Patel Radial, Dwaynemouth, OK 54594",224528.77,inactive,2019-09-30
3066,Jeffrey,Riley,jeffrey.riley@gmail.com,905-292-6362,1957-10-22,"768 John Lake, North Jonathanstad, CO 87876",93543.27,inactive,2023-03-07
3068,Laura,Dickson,laura.dickson@hotmail.com,903-999-8827,1992-06-29,"481 Amanda Ports, Munozbury, WI 37304",238819.85,active,2026-01-10
3070,Jasmine,Aguilar,jasmine.aguilar@yahoo.com,899-945-2013,2001-08-23,"417 Michelle Cliff Apt. 170, Hendersonhaven, PW 49770",68409.37,active,2021-12-11
3071,John,Kim,john.kim@gmail.com,358-933-8355,1960-06-11,"935 Barber Terrace Apt. 470, Heatherland, GU 21332",87794.14,inactive,2020-06-15
3073,Andrew,Morgan,andrew.morgan@hotmail.com,697-207-1805,2003-09-09,"9679 Linda Lodge, West Jennifer, MA 18490",23499.65,suspended,2022-06-07
3075,Karen,Fuentes,karen.fuentes@gmail.com,248-500-7165,1986-03-31,"99785 David Ways, Lake Hannahland, VT 32016",239698.08,suspended,2024-09-04
3076,Jeffery,Aguilar,jeffery.aguilar@hotmail.com,828-645-8067,1984-02-12,"040 John Via, Cooperport, MP 96886",128445.77,active,2020-06-09
3077,Samantha,Douglas,samantha.douglas@hotmail.com,468-365-1235,1979-05-15,"0565 Earl Knoll, Kelleyton, TX 97406",200082.49,inactive,2021-10-17
3078,Lisa,Harper,lisa.harper@hotmail.com,572-701-8259,1980-06-16,"79904 Lee Rapids, Port Brookeshire, PW 15104",93461.52,active,2021-12-06
3079,Zachary,Lee,zachary.lee@hotmail.com,515-986-6225,1957-06-13,"836 Ricky Mall Apt. 636, Powersfort, FM 09213",232176.24,active,2021-08-18
3080,Stanley,Fletcher,stanley.fletcher@yahoo.com,229-635-3143,1963-04-06,"942 Dean Knolls Suite 897, Lake Danaville, UT 18622",71838.69,inactive,2019-11-10
3081,Jonathan,Collier,jonathan.collier@yahoo.com,590-333-4019,1985-07-16,"50875 Williams Meadows Apt. 448, New Juliaside, ND 86911",189034.28,inactive,2022-02-23
3083,Paige,Rodriguez,paige.rodriguez@hotmail.com,308-269-3970,1954-02-16,"74142 Craig Harbor Suite 382, West Allenfurt, HI 41390",172243.95,suspended,2022-10-16
3085,Randy,Porter,randy.porter@gmail.com,958-334-1537,1940-04-30,"USNS Conley, FPO AP 06005",86956.81,active,2021-08-12
3086,Michelle,Wheeler,michelle.wheeler@yahoo.com,827-268-7392,1940-03-03,"USCGC Hart, FPO AE 64356",24160.26,active,2023-02-20
3087,Steven,Robbins,steven.robbins@gmail.com,926-302-2512,1992-10-29,"099 Heather Stravenue Suite 676, South Andrewshire, MN 15980",100697.06,suspended,2023-07-14
3089,Nathaniel,Johnson,nathaniel.johnson@gmail.com,215-310-8775,1940-06-20,"1566 Blake Landing Suite 275, Mooreburgh, AK 21965",148715.8,inactive,2020-08-30
3090,Daniel,Flores,daniel.flores@hotmail.com,579-275-8034,1965-07-11,"053 Johnson Summit, Lake Timothy, MO 92567",212165.38,active,2021-02-19
3092,Robert,Alvarez,robert.alvarez@yahoo.com,935-618-5310,1968-09-02,"USCGC Grimes, FPO AA 27305",207308.68,active,2025-03-03
3095,Stephanie,Davis,stephanie.davis@yahoo.com,312-320-8071,1977-09-05,"51187 Moreno Garden Suite 144, Ortegamouth, ME 58820",28676.8,suspended,2020-01-30
3096,Shelley,Strickland,shelley.strickland@hotmail.com,858-264-9880,1977-04-06,"31887 Tyler Well, Schmittchester, TN 71196",56811.91,active,2024-10-15
3097,William,Boyd,william.boyd@yahoo.com,911-969-4810,1997-08-16,"205 Elizabeth Ville Suite 784, Thompsonland, MO 27926",129768.72,inactive,2020-06-06
3098,Jose,Russell,jose.russell@gmail.com,248-232-8032,1976-03-20,"1531 Bryce Cliffs Apt. 829, Hansonside, WA 96430",74491.16,suspended,2023-09-03
3103,Victoria,Hanson,victoria.hanson@gmail.com,927-860-4768,1949-01-29,"469 Clark Ports, Staffordhaven, KY 99715",126621.32,active,2023-05-23
3105,Michael,Weaver,michael.weaver@hotmail.com,870-755-1995,1976-12-20,"6094 Warren Center, Thomaschester, LA 53648",195865.54,active,2026-07-17
3106,Jennifer,Rivera,jennifer.rivera@hotmail.com,452-242-5176,1954-04-06,"PSC 9872, Box 4446, APO AE 11262",91027.19,suspended,2022-05-05
3107,Douglas,Moreno,douglas.moreno@yahoo.com,595-823-4760,1991-04-05,"274 Gina Views, New Zacharyland, FL 18639",90149.94,suspended,2026-04-24
3108,Benjamin,Rosario,benjamin.rosario@gmail.com,473-839-4759,1963-07-26,"85136 Johnson Highway, Lake Paulmouth, GA 30638",91487.35,active,2025-01-21
3109,Tracy,Smith,tracy.smith@hotmail.com,829-823-4631,1981-04-12,"7519 Karen Ford Apt. 260, Allenmouth, NY 98406",132263.89,suspended,2026-07-20
3110,Justin,Martin,justin.martin@yahoo.com,685-717-5695,1973-02-19,"USNV Henderson, FPO AP 29236",132149.87,active,2021-09-28
3112,Amanda,Jones,amanda.jones@yahoo.com,468-637-1876,1976-06-12,"9968 Dillon Ford Apt. 212, Stephaniestad, NY 66275",201339.11,active,2023-10-01
3113,Christina,Gonzalez,christina.gonzalez@hotmail.com,904-267-8784,1960-09-09,"78141 Sandra Trafficway, Tannerchester, NV 08167",151814.36,active,2022-08-17
3114,Stephen,Decker,stephen.decker@hotmail.com,260-386-6317,1968-04-17,"4547 Valdez Mill, North Jerryville, MN 99425",71485.03,suspended,2020-06-27
3115,Heather,Perry,heather.perry@hotmail.com,749-667-9230,1997-08-18,"02426 Stewart Stream, Mercadoshire, KY 56524",131773.3,inactive,2025-01-12
3118,Sarah,Black,sarah.black@hotmail.com,919-336-8853,1965-07-09,"6497 Nicholas Road, Bethtown, VA 96699",41233.22,inactive,2020-03-11
3121,Michael,Odom,michael.odom@gmail.com,408-770-4709,1984-09-01,"6617 Mary Bridge, West Theodoreside, HI 35046",149511.22,active,2025-03-14
3122,Lisa,Summers,lisa.summers@hotmail.com,794-937-3222,1961-11-29,"73906 Nguyen Street, Robertsonhaven, MN 61062",51510.43,active,2024-01-16
3123,Jennifer,Maxwell,jennifer.maxwell@gmail.com,639-354-4623,1950-09-25,"60350 Haley Ways, Alexisborough, DC 97755",222229.04,active,2020-07-08
3124,Steven,Conley,steven.conley@gmail.com,376-729-9432,1957-11-12,"USNV Moore, FPO AA 12037",223162.13,suspended,2024-04-29
3125,Donna,Acevedo,donna.acevedo@hotmail.com,417-371-3387,1956-10-31,"4686 Owens Trail Suite 691, Gabrielhaven, ME 01596",44890.1,active,2020-06-08
3126,Andre,Michael,andre.michael@gmail.com,435-379-1034,2007-05-11,"74378 Burns Court, Port Thomashaven, AS 23870",21613.59,active,2024-08-09
3128,Miguel,Ryan,miguel.ryan@yahoo.com,887-771-8878,1963-02-16,"Unit 6100 Box 0059, DPO AE 16567",176700.24,active,2019-12-28
3131,Jill,Arnold,jill.arnold@gmail.com,803-722-1776,1986-10-22,"4685 Daniel Flat Apt. 385, Melissaside, ME 23696",192529.47,inactive,2025-09-23
3133,Kelly,Ramsey,kelly.ramsey@hotmail.com,892-300-1571,1955-11-18,"9310 Natalie Expressway, Mcdonaldchester, PR 95829",18810.28,suspended,2023-02-19
3134,Carla,Padilla,carla.padilla@hotmail.com,668-969-7623,1939-05-04,"1869 Smith Lake, Powellville, CO 97103",221351.84,active,2026-06-29
3135,Michele,Lopez,michele.lopez@hotmail.com,537-960-7212,1975-06-30,"075 Torres Lake, North Brenda, MD 29757",115132.74,active,2023-07-22
3136,Vanessa,Vazquez,vanessa.vazquez@gmail.com,491-878-6584,1978-12-18,"289 Hinton Court Suite 175, Gardnerborough, KS 42071",114092.89,suspended,2026-06-18
3137,Donna,Lindsey,donna.lindsey@yahoo.com,475-294-2209,1973-09-17,"USNS Thompson, FPO AA 74922",20895.3,suspended,2021-12-13
3138,Patricia,Berry,patricia.berry@gmail.com,506-288-2479,1973-06-09,"300 Lauren Keys Apt. 875, Simsbury, KS 98082",174305.68,active,2022-07-10
3139,Keith,Davis,keith.davis@gmail.com,657-754-6307,1983-05-19,"48831 Scott Estates Suite 783, Brandonshire, MP 90362",40326.89,suspended,2026-08-31
3141,Monica,Kim,monica.kim@yahoo.com,991-775-4189,2007-05-07,"1791 Fowler Avenue Apt. 000, East Johnburgh, VA 15893",113437.02,suspended,2022-07-25
3142,Joshua,Kelley,joshua.kelley@gmail.com,767-344-7191,1990-07-18,"13921 Guerrero Point, New Edwardfort, FL 35440",136613.67,suspended,2023-05-20
3144,Nicole,Arias,nicole.arias@hotmail.com,752-643-9520,1961-04-30,"USS Carter, FPO AA 97773",217290.75,suspended,2024-01-22
3145,Wendy,Wilson,wendy.wilson@gmail.com,741-898-8951,1998-01-30,"338 Megan Lane, Robertshire, NJ 70584",191512.82,active,2021-05-20
3146,Cynthia,Maxwell,cynthia.maxwell@yahoo.com,579-805-8024,1976-01-12,"66699 Paul Vista, Lake Jennifer, NH 59878",58095.44,inactive,2026-05-04
3148,Tracy,Olson,tracy.olson@hotmail.com,289-335-8071,1997-05-06,"75068 James Street, Port Thomas, MP 29858",213621.85,inactive,2026-06-07
3151,Tonya,Bird,tonya.bird@hotmail.com,543-722-6150,1967-05-04,"USNV Cook, FPO AA 52713",233676.42,active,2022-08-19
3152,Christine,Robinson,christine.robinson@hotmail.com,667-497-2478,1967-05-18,"0799 Marissa Spring, South Davidland, MI 97610",166954.05,active,2021-03-23
3153,Julian,Mejia,julian.mejia@yahoo.com,594-816-4029,1964-11-21,"7084 Freeman Creek Suite 249, Mariafurt, IA 34068",192060.95,active,2023-05-10
3154,James,Brooks,james.brooks@hotmail.com,348-487-2505,1960-02-01,"62672 Smith Rest Suite 287, North Pamelabury, FL 13744",153098.47,suspended,2020-07-01
3156,Eric,Zamora,eric.zamora@yahoo.com,724-801-2219,1965-11-08,"21318 Johnson Bypass, West Paul, VI 83599",117739.96,suspended,2022-12-07
3157,Christopher,Young,christopher.young@gmail.com,819-307-1330,1984-12-24,"USCGC Nolan, FPO AA 12034",200774.26,inactive,2022-07-29
3159,Patrick,Hall,patrick.hall@yahoo.com,791-344-3069,1997-05-09,"0074 Clark Fall Suite 019, South Michaelfurt, KS 60929",205493.23,inactive,2026-08-26
3160,Andrew,Long,andrew.long@yahoo.com,920-596-2765,1964-02-11,"8134 Kyle Junctions Apt. 448, Hillshire, CA 90295",226257.52,active,2026-09-06
3161,Lori,Robinson,lori.robinson@gmail.com,424-921-6606,2003-01-04,"51840 Hurley Rapid Apt. 946, Coreyborough, FL 60238",109021.94,active,2022-03-16
3163,Sarah,Davis,sarah.davis@yahoo.com,366-773-6375,1992-10-04,"236 Louis Forges, Port Andrea, MN 64673",215008.16,active,2021-01-15
3164,Julie,Wilson,julie.wilson@hotmail.com,981-614-9971,2008-03-29,"491 William Summit, North Nicole, NE 23201",162732.82,suspended,2026-01-10
3167,Karen,Garrison,karen.garrison@hotmail.com,775-856-1966,2003-05-30,"0409 Garcia Underpass Suite 716, New Elizabeth, ND 23202",38305.63,suspended,2022-09-28
3168,Chris,Santos,chris.santos@yahoo.com,825-382-8599,1975-05-04,"63629 Smith Pike, Castanedaport, SD 91782",214671.7,active,2026-09-02
3170,Philip,Reese,philip.reese@gmail.com,432-651-1872,1941-12-16,"5287 Woods Ridge, West Jonathanport, UT 12333",200221.04,active,2022-08-13
3171,Scott,Collins,scott.collins@yahoo.com,367-291-2066,1990-10-15,"7940 Holt Falls, Jayshire, IA 83346",197744.96,suspended,2026-03-11
3172,David,Evans,david.evans@yahoo.com,204-695-5201,1980-07-13,"5199 Flores Avenue, Webbview, NM 18364",219143.31,suspended,2026-07-08
3173,Jennifer,Mueller,jennifer.mueller@hotmail.com,787-519-6361,2000-12-03,"66250 Janice Extensions Apt. 043, Wallaceville, KS 80799",173206.16,active,2021-01-10
3176,Deborah,Solis,deborah.solis@yahoo.com,623-950-2443,1966-05-01,"547 Jason Stream, South Michelle, OR 17632",230972.63,suspended,2025-05-21
3177,Briana,Chung,briana.chung@gmail.com,972-250-4557,1962-07-10,"02279 Megan Villages, Armstrongshire, MP 67676",198027.97,active,2025-02-05
3178,Rachel,Wright,rachel.wright@hotmail.com,236-464-6444,1989-07-26,"26032 Kevin Plaza Apt. 770, East Timothyside, CT 64820",28079.67,inactive,2025-11-21
3180,Donald,Dalton,donald.dalton@yahoo.com,503-418-6897,2002-07-13,"PSC 0099, Box 9749, APO AA 14865",115202.79,suspended,2021-06-06
3181,Curtis,Ramos,curtis.ramos@yahoo.com,545-355-7892,1940-02-28,"Unit 0364 Box 8737, DPO AE 91844",135646.61,inactive,2023-12-20
3182,Maurice,Nunez,maurice.nunez@hotmail.com,645-239-8033,1984-03-15,"59968 Boyd Ford, Kathleenberg, OK 90299",117412.63,active,2020-07-24
3185,Crystal,Watson,crystal.watson@hotmail.com,615-341-9850,1952-02-13,"USCGC Fisher, FPO AE 86821",28530.09,inactive,2023-05-05
3186,Deborah,Estrada,deborah.estrada@hotmail.com,654-483-1821,2003-12-07,"15421 Megan Square Suite 949, New Earlfurt, MD 88504",105351.13,inactive,2021-09-08
3187,Beverly,Wilson,beverly.wilson@gmail.com,560-281-6967,1953-01-30,"4814 Christopher Turnpike Suite 400, New Amyville, GU 14594",231324.45,active,2022-12-02
3188,Adam,Ortiz,adam.ortiz@hotmail.com,206-731-3006,1990-03-20,"3265 Sanford Port Suite 189, Lake Bethhaven, SD 87522",149882.79,suspended,2020-05-08
3190,Joshua,Warren,joshua.warren@hotmail.com,882-814-2666,1943-02-24,"69569 Carrie Squares, East Sarah, MH 25492",215465.27,active,2026-05-17
3191,Christopher,Ruiz,christopher.ruiz@gmail.com,673-997-9315,2001-03-21,"0307 Smith Port Apt. 640, North Nicholasville, AR 75896",226991.64,active,2025-07-23
3192,Dan,Hanson,dan.hanson@yahoo.com,345-536-5832,1954-10-10,"208 Murphy Stream Suite 494, Hannahside, ID 78351",174323.43,inactive,2026-06-20
3193,Jacob,Fox,jacob.fox@hotmail.com,255-903-3902,1947-07-06,"9347 Laura Trafficway Suite 888, North Taylorside, VI 49770",55338.2,active,2022-04-27
3194,Victoria,Bush,victoria.bush@hotmail.com,579-439-6163,1972-04-05,"97030 Burton Pine, South Joannaberg, IA 94657",199501.13,inactive,2019-09-20
3195,Gerald,Rogers,gerald.rogers@hotmail.com,480-994-2691,1946-01-07,"912 Ford Courts, Melissaside, AK 59463",216239.08,suspended,2025-10-01
3196,Whitney,Heath,whitney.heath@yahoo.com,648-521-6854,1996-07-24,"6004 Linda Key Suite 657, East Matthewport, VI 46384",211566.89,active,2024-08-21
3197,Amy,Salinas,amy.salinas@yahoo.com,770-987-1218,2007-09-30,"96149 Tara Cliff Suite 090, Kevinport, ME 75404",35524.66,active,2024-11-29
3198,Roberto,Banks,roberto.banks@yahoo.com,936-387-6685,1978-06-09,"5389 Velasquez Valleys, Port Brandi, FM 88709",232587.96,suspended,2024-04-11
3201,Ashley,Braun,ashley.braun@yahoo.com,763-250-6797,1967-02-04,"2393 White Manor Apt. 177, Port Robert, MA 66683",175241.93,suspended,2020-01-05
3204,Angela,Murray,angela.murray@gmail.com,754-918-2234,2007-08-08,"336 Hart Creek Suite 296, Michaelhaven, NH 99024",18666.93,inactive,2024-05-27
3205,Bryan,Cruz,bryan.cruz@hotmail.com,825-711-2674,1997-05-21,"22168 Steven Court, Port Victoria, MP 92354",130439.07,suspended,2026-05-01
3206,Madison,Koch,madison.koch@yahoo.com,265-273-9892,1940-06-25,"125 Gregory Plains Apt. 340, South Baileyland, OR 40361",84576.0,suspended,2023-06-30
3207,Joseph,Terry,joseph.terry@yahoo.com,869-544-3855,2000-04-12,"6962 Harris Mission Apt. 171, North Jeremy, MN 90936",231085.45,inactive,2024-03-14
3208,Teresa,Holt,teresa.holt@gmail.com,239-993-4868,1977-08-23,"6592 Virginia Causeway Apt. 242, East Tammy, NV 12502",50524.76,inactive,2023-12-14
3211,Victor,Malone,victor.malone@hotmail.com,759-596-8196,2003-06-03,"01091 Stephanie Trafficway, Philipton, GU 43957",124005.14,active,2025-11-09
3212,Jacob,Mclean,jacob.mclean@yahoo.com,690-712-5375,1938-11-14,"8651 James Ville Suite 372, South Kendra, WI 69877",172154.18,active,2023-12-22
3213,Jerry,Berry,jerry.berry@gmail.com,635-777-6335,1944-05-26,"53244 Travis Lodge, Kellyfort, WY 52786",86100.0,suspended,2024-03-28
3215,Rodney,Farmer,rodney.farmer@gmail.com,542-535-1131,1940-08-15,"3474 Stacy Lodge Apt. 847, New Ericburgh, IL 84768, tel 508-584-8396",66388.5,suspended,2024-12-02
3216,Jennifer,Shelton,jennifer.shelton@hotmail.com,274-705-4481,1977-06-24,"7484 Glover Locks Suite 451, Gregorystad, NH 18909",236751.74,inactive,2026-07-23
3217,Christine,Willis,christine.willis@yahoo.com,487-779-6773,1985-10-22,"1339 Joseph Place, South Richard, LA 87418",41480.47,suspended,2025-03-23
3218,Randy,Mcmahon,randy.mcmahon@gmail.com,796-262-4060,1985-11-02,"4525 Mary Mills Apt. 067, Littleborough, AR 81792",164851.1,suspended,2024-08-15
3220,Kathleen,Logan,kathleen.logan@hotmail.com,954-232-1652,2002-06-09,"USNS Black, FPO AP 74482",160779.53,inactive,2026-07-06
3224,Matthew,Smith,matthew.smith@gmail.com,894-542-8479,2008-02-11,"98848 James Crossroad, West Nancybury, AR 73072",92166.43,suspended,2023-07-11
3225,Audrey,Williamson,audrey.williamson@gmail.com,661-531-4048,1958-10-09,"220 Jennifer Inlet, Port Vincentchester, PW 78111",37475.36,suspended,2020-08-04
3226,Samuel,Wilkins,samuel.wilkins@hotmail.com,989-633-6106,1942-07-31,"828 Nicholas Lodge, Robertstown, TN 01437",55182.14,active,2020-01-10
3227,Carmen,Hinton,carmen.hinton@yahoo.com,629-887-3935,1987-12-23,"496 Michael Village Suite 901, North Jeff, MA 25260",195009.37,active,2023-12-27
3228,Brett,Martin,brett.martin@gmail.com,578-562-9530,1996-01-02,"4669 Steven Meadow, Walterschester, ME 38573",59411.57,inactive,2021-07-20
3229,Andrew,Soto,andrew.soto@yahoo.com,225-911-3065,1967-04-03,"19457 Andrew Wall, Nicholasbury, GA 13716",18243.62,inactive,2021-06-27
3230,Randy,Costa,randy.costa@hotmail.com,552-365-4697,1998-06-02,"5026 Lindsey Bridge Suite 836, South Erikside, NY 37453",176440.13,suspended,2025-08-30
3231,Kimberly,Ray,kimberly.ray@hotmail.com,393-641-3756,2008-02-23,"8980 Anthony Roads Suite 285, Stephanieborough, AZ 41659",39972.37,suspended,2024-08-26
3233,Olivia,Ramos,olivia.ramos@hotmail.com,940-204-6997,1957-04-20,"Unit 9778 Box 8104, DPO AP 48924",143550.63,inactive,2021-03-14
3234,Brenda,Mays,brenda.mays@hotmail.com,715-647-4464,1999-02-23,"2487 Schultz Inlet Apt. 471, Adamhaven, VI 99747",136887.78,inactive,2025-06-04
3235,Rebecca,Holmes,rebecca.holmes@yahoo.com,283-947-6127,1959-05-01,"56992 Brittany Rue Apt. 790, South Angelaport, TX 02308, SSN 145-26-9249",144312.46,inactive,2020-07-04
3236,Kyle,Woods,kyle.woods@yahoo.com,371-920-2543,1946-10-08,"99479 Kevin Island, Port Stephanie, NY 40081",102741.78,suspended,2021-05-29
3238,Kenneth,Sanders,kenneth.sanders@hotmail.com,421-268-9970,1960-09-12,"Unit 1168 Box 5952, DPO AA 09789",235357.86,suspended,2019-11-29
3239,Rebecca,Wilson,rebecca.wilson@hotmail.com,795-691-3824,1994-10-29,"256 Joshua Streets Apt. 251, North Melissatown, GA 86749",196422.69,active,2020-12-24
3240,Sandra,Michael,sandra.michael@hotmail.com,254-873-2572,1978-12-08,"9141 Christopher Streets, North Lindsay, SD 59923",238985.22,active,2023-03-13
3241,Lisa,Mcdonald,lisa.mcdonald@hotmail.com,366-201-1884,1993-08-11,"796 Virginia Ways Suite 238, East Joanneburgh, KS 42721",57434.36,active,2021-05-03
3242,Linda,Ryan,linda.ryan@yahoo.com,749-330-4746,1953-07-08,"080 Williams Falls Suite 857, Jessicachester, UT 38263",48030.0,active,2023-05-19
3243,Frank,Hill,frank.hill@hotmail.com,613-211-6446,2003-05-22,"26915 Ross Mews Apt. 072, Hernandezbury, UT 15723",126174.98,inactive,2023-11-09
3244,Jennifer,Mills,jennifer.mills@yahoo.com,948-334-9599,1949-12-12,"Unit 8633 Box 4453, DPO AP 58102",184005.53,active,2024-04-24
3245,Sonya,Sawyer,sonya.sawyer@gmail.com,791-816-4215,1970-11-19,"385 Graves Ranch, East Angelaview, AL 20638",173644.37,suspended,2022-08-24
3246,Shannon,Gonzalez,shannon.gonzalez@hotmail.com,330-236-4405,1997-05-05,"494 Gail Springs Suite 790, Justinmouth, CO 45880",235265.97,inactive,2026-07-15
3248,Amanda,Fisher,amanda.fisher@yahoo.com,912-305-4992,1976-06-21,"465 Harris Ridge, East Henry, GA 16353",100790.62,active,2025-04-04
3249,David,Kelley,david.kelley@yahoo.com,715-295-7847,2004-12-23,"8322 Garrett Divide, West Jonathon, KY 09860",92473.26,active,2025-03-20
3250,Rachel,Ibarra,rachel.ibarra@gmail.com,605-401-1047,1972-03-02,"8994 Vicki Expressway, Lake Stephanie, DC 23629",169444.39,active,2023-11-03
3251,Wayne,Acosta,wayne.acosta@yahoo.com,436-650-8486,1977-10-17,"99971 William Court Suite 321, Lake Jeremy, WV 91315",120030.95,inactive,2020-01-05
3252,Louis,Landry,louis.landry@gmail.com,825-750-4674,1956-04-02,"5447 Eric Burgs Apt. 489, Phamview, GA 23452",47308.26,active,2025-08-09
3253,Diane,Austin,diane.austin@yahoo.com,235-623-3157,1947-05-08,"4850 Krista Mill, Melanieberg, VA 07106",110287.75,suspended,2026-06-05
3254,Karen,Beasley,karen.beasley@gmail.com,680-505-7195,1942-02-06,"830 Freeman Mews, Webbstad, NY 47127",210071.99,active,2025-11-07
3255,Bonnie,Alexander,bonnie.alexander@yahoo.com,967-743-4574,1994-06-02,"USNV Mcdonald, FPO AE 30160",44491.62,active,2020-02-26
3257,Stephanie,Jackson,stephanie.jackson@hotmail.com,354-781-2329,1973-07-15,"07962 Weaver Ports, Ericview, TN 17911",195923.77,active,2024-11-11
3259,Shawn,Brennan,shawn.brennan@yahoo.com,627-602-8544,1958-09-16,"67444 Kristen Overpass, Lake Raymondfort, NC 97304",229798.37,active,2022-07-20
3260,Jennifer,Williams,jennifer.williams@gmail.com,917-603-3506,1974-04-27,"230 Ann Fork Suite 187, Port Lukemouth, WY 90236",36673.01,suspended,2024-01-23
3261,Andrew,Lamb,andrew.lamb@hotmail.com,570-261-5967,1973-05-16,"80354 Daniel Gateway, Fitzgeraldville, FL 93720",147029.4,inactive,2022-08-16
3262,Ashley,Flynn,ashley.flynn@gmail.com,651-641-7414,1981-09-26,"881 Miles Port Suite 322, Port Martha, NC 05612",235492.64,suspended,2026-04-11
3263,Christy,Thomas,christy.thomas@hotmail.com,988-393-4681,1981-03-24,"91062 Joshua Meadow Suite 863, Port Jeffreyland, PR 51292",143996.74,inactive,2019-11-26
3264,Beth,Gentry,beth.gentry@yahoo.com,862-819-7175,2007-12-06,"76986 Nelson Harbor Apt. 185, North Danielview, TN 22321",55135.01,active,2023-04-17
3265,Scott,Bonilla,scott.bonilla@yahoo.com,594-337-8108,1997-01-29,"01808 Taylor Parkway Suite 230, East Danielle, NJ 24054",213818.25,active,2024-10-15
3266,Todd,Escobar,todd.escobar@yahoo.com,350-461-4546,2000-10-04,"72311 Walker Cliff Suite 638, South Steven, WV 48393",192454.36,suspended,2023-05-15
3267,Laura,Gonzales,laura.gonzales@yahoo.com,870-768-6252,1996-05-13,"984 Johnson Field, Stephaniemouth, SC 58220",77175.22,active,2022-10-30
3269,Christina,Cunningham,christina.cunningham@yahoo.com,667-468-6578,1955-05-24,"0539 Robin Plains, North Kimberlytown, AZ 63695",50749.2,active,2019-10-03
3270,Melissa,Ruiz,melissa.ruiz@gmail.com,928-286-7230,1943-09-17,"Unit 1826 Box 3741, DPO AP 71279",76534.68,active,2023-03-12
3271,Todd,Mcgee,todd.mcgee@gmail.com,445-337-5615,1958-06-25,"PSC 2508, Box 1933, APO AP 88850",228286.1,active,2022-11-19
3273,Andrew,Schaefer,andrew.schaefer@hotmail.com,906-446-2270,1990-07-18,"06137 Lynch Place Apt. 376, Port Annmouth, VA 79809",35468.2,inactive,2026-04-17
3274,Melissa,Franco,melissa.franco@gmail.com,642-808-4611,1948-09-21,"PSC 8787, Box 9091, APO AE 66076",100997.38,suspended,2020-10-01
3276,Daniel,Hamilton,daniel.hamilton@gmail.com,711-538-8430,1948-02-16,"25193 Logan Curve Suite 437, Port Amber, FM 66043",107105.61,suspended,2023-09-02
3277,Jonathan,Ramsey,jonathan.ramsey@gmail.com,939-990-6496,1944-01-19,"200 Sanchez Cape Apt. 828, East Kellyfurt, TN 55408",228231.66,inactive,2023-09-04
3280,Victoria,Curry,victoria.curry@yahoo.com,487-329-2295,1970-01-14,"94056 Molina Key Apt. 401, Port Stevenburgh, OH 59849",57312.47,inactive,2024-05-05
3281,Jean,Villegas,jean.villegas@hotmail.com,748-914-1129,1975-07-04,"7502 Matthew Gateway, Lake Ericburgh, NJ 22618",145136.41,suspended,2026-06-08
3282,Nathan,Beard,nathan.beard@hotmail.com,289-549-4037,1981-03-18,"0307 Gardner Isle Suite 677, East Christine, NV 87921",186812.76,suspended,2020-12-26
3284,Amy,Morales,amy.morales@gmail.com,833-852-9951,1992-05-23,"409 Stephen Mountain Apt. 291, Priceside, AL 29009",211165.7,inactive,2025-06-01
3286,Lindsey,Medina,lindsey.medina@yahoo.com,253-883-5338,1997-09-13,"229 Theresa Circles, Lake Tonyport, FM 67486",162447.66,suspended,2023-06-23
3287,Cynthia,Lopez,cynthia.lopez@hotmail.com,361-625-2906,1991-03-01,"8460 Smith Underpass, Jeremyville, NM 49598",84821.43,inactive,2023-11-26
3288,Catherine,Miller,catherine.miller@gmail.com,935-257-8418,1980-12-23,"84563 Karla Glen, Flemingfurt, CT 24034",143778.82,active,2024-04-15
3290,Claire,Rivera,claire.rivera@gmail.com,785-869-1665,1947-02-16,"4732 Thomas Mission Suite 457, Paulamouth, AK 52513",222185.07,active,2025-04-25
3292,Jessica,Morris,jessica.morris@yahoo.com,360-414-6943,1983-07-02,"15626 Barron Road Apt. 805, South Valerie, OR 20092",199073.3,suspended,2023-02-11
3293,Anthony,Grant,anthony.grant@yahoo.com,643-717-8547,1983-08-19,"4606 Walters Port, Port Ethan, NM 44374",75667.07,suspended,2024-09-15
3294,Mark,Hoover,mark.hoover@gmail.com,249-315-9146,1950-05-03,"331 Perkins Run, West Melissa, NY 43059",61067.01,active,2021-02-04
3295,Sarah,Jennings,sarah.jennings@hotmail.com,908-741-7732,1950-07-20,"066 Morris Green, Bishopland, AZ 74870",194852.45,suspended,2026-05-26
3296,Andrew,Hernandez,andrew.hernandez@hotmail.com,655-673-8421,1995-06-15,"USS Williams, FPO AE 22495",47316.63,inactive,2024-03-09
3297,Julie,Ross,julie.ross@gmail.com,616-392-4194,1972-10-12,"864 Benson Squares, South Teresaberg, NM 91567",121902.79,active,2023-01-19
3299,Michelle,Mcgee,michelle.mcgee@gmail.com,225-576-6332,1960-07-08,"93380 Lori Causeway Suite 017, Websterport, ME 52437",162095.13,suspended,2025-12-23
3300,Andrew,Walker,andrew.walker@hotmail.com,464-345-5492,2004-08-07,"PSC 4917, Box 5078, APO AE 12974",208106.34,active,2026-04-11
3301,Sarah,Horne,sarah.horne@gmail.com,267-516-4052,1943-04-02,"349 Bennett Cove Suite 410, South Michael, ME 14453",88993.07,suspended,2025-03-31
3303,Claudia,Bridges,claudia.bridges@yahoo.com,987-422-7520,1946-08-02,"5012 Diane Skyway Apt. 499, Davidborough, FM 44656",135457.22,suspended,2025-04-19
3305,Benjamin,Juarez,benjamin.juarez@hotmail.com,554-559-3525,1974-10-10,"71360 Dunlap Cliff Apt. 100, Richardfort, PA 62305",133017.64,inactive,2019-09-14
3306,Michael,Miller,michael.miller@gmail.com,815-860-4055,1992-11-26,"4255 Everett Path Suite 222, Lake Dawnview, LA 12904",145786.19,suspended,2026-05-20
3307,Steve,Smith,steve.smith@yahoo.com,552-330-7119,1965-03-20,"369 Steven Branch, Kinghaven, SD 65050",232531.97,inactive,2023-12-03
3309,Elizabeth,Keller,elizabeth.keller@yahoo.com,835-567-8443,1939-07-16,"204 Webb Canyon Suite 830, Myersmouth, FM 33093",216383.97,suspended,2021-09-19
3310,Natalie,Cox,natalie.cox@gmail.com,201-494-6957,1954-02-26,"438 Eric Viaduct Suite 225, South Monicaborough, ME 69902",207335.83,suspended,2024-09-23
3311,Jason,Young,jason.young@hotmail.com,653-641-3935,1946-06-24,"01464 Webb Tunnel, East Alyssamouth, WA 39185",68313.45,inactive,2024-03-11
3314,Mark,Lambert,mark.lambert@gmail.com,362-404-7244,1997-11-09,"7685 Rogers Square, Skinnerport, ME 19053",26563.51,active,2021-01-04
3315,Bonnie,Snyder,bonnie.snyder@yahoo.com,395-890-9743,1964-08-11,"52674 Taylor Ferry, North Roger, AR 80862",96637.01,suspended,2025-04-14
3316,Susan,Kelly,susan.kelly@gmail.com,665-615-7398,1988-10-02,"9871 White Brooks, Lake Louis, FM 65871",174751.31,inactive,2020-06-03
3317,Shannon,Robinson,shannon.robinson@gmail.com,924-980-5294,1948-12-04,"386 Nicholas Throughway Apt. 175, Jamesmouth, ID 83300",52000.0,inactive,2021-10-22
3318,Kenneth,Webb,kenneth.webb@yahoo.com,689-405-6313,1938-10-11,"65858 Shawn Unions, Esparzaport, AS 83003",116260.8,inactive,2022-03-03
3319,Laura,Gates,laura.gates@hotmail.com,414-421-3502,1996-12-09,"8973 Danielle Station, Mullinsmouth, NC 13987",49442.84,active,2025-01-20
3320,Samantha,Caldwell,samantha.caldwell@hotmail.com,287-814-6658,1944-10-23,"298 Ricky Mountain Suite 190, Edwardsmouth, MO 10799",185472.65,inactive,2020-12-24
3321,Cory,Moran,cory.moran@yahoo.com,245-298-7401,1985-12-05,"74981 Pope Rest, Blackwellland, MN 73220",177252.79,suspended,2024-12-15
3323,Danielle,Madden,danielle.madden@gmail.com,545-416-7088,1992-04-10,"9054 Matthew Drive Suite 821, Jenniferland, OR 96742",163651.92,inactive,2019-10-02
3325,Michelle,Hicks,michelle.hicks@hotmail.com,482-307-4871,1973-02-04,"6431 Taylor Common, Lake Destinyfurt, IL 09240",19401.47,suspended,2021-03-02
3328,Crystal,Nelson,crystal.nelson@yahoo.com,720-493-7542,1972-09-10,"14539 Tran Branch, Rivastown, GU 58256",68890.97,suspended,2026-01-15
3329,Kathy,Horn,kathy.horn@hotmail.com,707-342-9592,1966-03-19,"8402 Evan Stravenue Suite 602, New Tonyachester, WV 57357",180170.46,inactive,2022-08-02
3330,Morgan,Martinez,morgan.martinez@gmail.com,526-457-2191,2004-08-27,"444 Oneal Crossing, South Scottport, SD 19341",195440.64,suspended,2022-08-18
3331,Cameron,Flowers,cameron.flowers@hotmail.com,577-288-8014,1949-07-06,"44371 Felicia Path Suite 257, Whitneyburgh, AS 30525",234972.58,inactive,2025-12-05
3332,Steve,Allen,steve.allen@gmail.com,610-326-8690,2002-03-27,"48689 Gabriel Isle Apt. 502, South Sarah, KS 85834",91248.53,inactive,2025-10-24
3333,Randall,Riley,randall.riley@gmail.com,886-293-7159,2007-03-06,"1370 Rose Park Suite 522, Port Christopher, TX 82630",149518.37,active,2020-04-18
3334,Elizabeth,Werner,elizabeth.werner@gmail.com,661-760-9137,1955-09-06,"23420 Jeremy Views Suite 384, Samanthaborough, MI 04810",97421.1,active,2023-01-31
3335,Laura,Martinez,laura.martinez@yahoo.com,200-340-1297,2003-04-18,"83666 Bowman Field Suite 586, Christinashire, NJ 71542",74303.85,inactive,2021-05-01
3336,Heather,Morris,heather.morris@hotmail.com,272-837-9128,1994-06-29,"445 Wright Estates, Jimenezborough, NM 41821",39332.86,suspended,2026-07-07
3337,Bonnie,Savage,bonnie.savage@gmail.com,353-514-2200,1949-05-03,"886 Raymond Manor, Hallport, HI 67629",226857.77,suspended,2025-09-04
3338,Lisa,Morrison,lisa.morrison@gmail.com,835-613-8581,1986-11-02,"8249 Bryant Throughway, Ericaview, TN 75719",136099.63,suspended,2021-11-10
3339,Daniel,Glass,daniel.glass@hotmail.com,237-779-9572,1967-12-22,"5476 Davis Falls, Olsonview, PA 02802",123353.76,active,2022-02-17
3340,Stephen,Lara,stephen.lara@yahoo.com,888-929-7149,1993-11-23,"5629 Jeffrey Shores, Robertmouth, CT 44365",35738.45,suspended,2021-11-25
3341,Heather,Hernandez,heather.hernandez@hotmail.com,335-648-7379,1939-07-28,"USNS Singleton, FPO AP 39735",167838.92,active,2024-08-08
3343,Bonnie,Rodgers,bonnie.rodgers@gmail.com,630-560-4886,1950-06-29,"2914 Sara Forest, Danielleburgh, RI 06752",204626.54,active,2020-07-28
3344,April,Walker,april.walker@hotmail.com,915-909-6058,1952-02-02,"867 Blackwell Greens Suite 868, Gonzaleztown, NH 08799",63069.4,suspended,2020-04-09
3345,Amanda,Cantrell,amanda.cantrell@yahoo.com,536-516-4086,2000-06-20,"82697 William Track Suite 015, Lake Ashley, TX 61095",24854.74,suspended,2022-05-25
3346,Joseph,Cardenas,joseph.cardenas@yahoo.com,852-542-3976,1948-05-25,"199 Robbins Square, Dianeville, PR 16512",69764.82,active,2020-03-13
3347,Rose,Roberts,rose.roberts@yahoo.com,323-800-2134,2004-08-06,"74045 Tricia Village, New Erin, PR 66227",96137.97,active,2024-11-26
3348,Ariel,Waters,ariel.waters@gmail.com,697-587-5461,1939-03-16,"103 Chavez Harbor, North Angela, DE 05355",238487.58,suspended,2022-10-08
3350,Amber,Howard,amber.howard@hotmail.com,774-675-7482,1996-02-10,"63150 Alan Mews Suite 704, Lake Belinda, GU 90570",85969.82,suspended,2021-12-18
3351,Shane,Smith,shane.smith@gmail.com,527-796-1234,1948-12-31,"4282 Melissa Port, Lindseyhaven, PW 64101",145071.88,suspended,2021-10-20
3352,Raymond,Dean,raymond.dean@gmail.com,902-596-3121,1968-04-23,"8412 Edgar Haven Suite 059, Port Vincent, VT 51864",103615.84,inactive,2023-03-19
3353,Dustin,Thomas,dustin.thomas@yahoo.com,656-597-2389,1970-06-03,"361 John Path Suite 057, Port Ryanhaven, KY 65708",23117.9,active,2026-04-21
3354,Jessica,Hendricks,jessica.hendricks@hotmail.com,915-425-8704,1977-01-09,"096 Jenkins Grove, Berryview, NY 32588",62217.93,suspended,2023-02-25
3355,Tracey,Conner,tracey.conner@hotmail.com,478-778-7989,1942-05-21,"66858 Gibson Tunnel, Rosemouth, IN 96618",154853.83,inactive,2022-05-09
3357,Nathan,Gonzales,nathan.gonzales@hotmail.com,976-599-7339,1974-08-04,"36837 Emily Mission Apt. 718, Morrisside, AK 60283",172228.17,suspended,2024-03-08
3358,Justin,Powell,justin.powell@gmail.com,383-576-6730,1966-11-22,"6545 Stewart Loaf, Lake Paul, WV 27994",42447.07,suspended,2026-08-05
3359,Peter,Hester,peter.hester@hotmail.com,623-890-4381,1994-03-30,"92223 Rebecca Throughway, North Brian, NM 78419",112697.75,active,2021-06-29
3360,Kara,Ponce,kara.ponce@hotmail.com,828-496-9593,2001-08-31,"8793 Sharp Throughway, East Jessemouth, WI 59136",155809.81,suspended,2023-02-28
3361,Martha,Carroll,martha.carroll@hotmail.com,987-936-9849,1957-07-25,"759 Christopher Rapid Apt. 992, North Carlos, IL 58689",222817.92,inactive,2022-12-03
3362,Alexis,Mitchell,alexis.mitchell@yahoo.com,645-208-4107,1949-09-17,"850 Mccarthy Rapids, North Tinaberg, ND 18129",185325.67,inactive,2021-10-22
3366,Jack,Galvan,jack.galvan@gmail.com,470-217-9615,1984-07-03,"895 Dawn Drive Apt. 108, North Timothybury, FL 95833",186513.65,suspended,2022-01-31
3367,Lauren,Valdez,lauren.valdez@hotmail.com,375-349-4678,1945-12-06,"PSC 7478, Box 3019, APO AA 35557",28599.22,inactive,2020-05-21
3368,David,Hicks,david.hicks@hotmail.com,331-819-8815,1963-10-17,"2537 Taylor Rapid Suite 178, Anafort, WA 65960",178627.22,active,2021-12-21
3370,Jane,Thompson,jane.thompson@gmail.com,361-306-1130,1999-09-30,"Unit 1024 Box 2505, DPO AP 90529",239490.81,suspended,2023-11-21
3371,Peter,Rodriguez,peter.rodriguez@yahoo.com,262-907-3839,1968-09-21,"441 Mcguire Mountain Suite 896, Lake Taylorchester, SC 70393",43561.86,inactive,2025-03-27
3372,Samuel,Lopez,samuel.lopez@yahoo.com,690-534-5937,1940-05-12,"2975 Brian Course, Bryantown, NC 95851",217630.79,suspended,2026-03-13
3373,Stacie,Cooper,stacie.cooper@hotmail.com,609-761-7767,1977-07-01,"65117 Grant Vista, Paulamouth, FM 20422",100260.77,inactive,2024-07-09
3374,Patricia,Guerra,patricia.guerra@hotmail.com,866-247-3046,1956-02-27,"9605 Barnes Burg, Meganhaven, ME 84808",72264.31,active,2025-03-15
3375,Dawn,Yang,dawn.yang@hotmail.com,780-643-5987,1981-08-15,"Unit 7042 Box 0473, DPO AE 69145",102693.32,active,2023-07-25
3377,Brian,Thompson,brian.thompson@gmail.com,309-339-2880,1942-07-20,"700 John Forest Suite 823, Lindatown, NE 23297",63296.92,inactive,2022-09-10
3378,Taylor,Caldwell,taylor.caldwell@hotmail.com,564-741-7416,1978-10-16,"0883 William Lock Apt. 416, West Jeffreyview, IN 93992",60249.84,active,2022-04-09
3379,Kevin,Kent,kevin.kent@hotmail.com,202-768-8049,1978-06-05,"5574 Sims Stream, East Veronica, AR 36182",233529.22,active,2021-05-25
3383,Eric,Wheeler,eric.wheeler@gmail.com,395-617-3581,1982-01-31,"465 Amy Springs, Natalieville, KS 57486",225078.97,suspended,2024-08-16
3384,Daniel,Jackson,daniel.jackson@gmail.com,454-399-6079,1996-07-08,"798 Joshua Avenue, Underwoodland, AS 90606",119569.28,active,2026-04-22
3385,Denise,Welch,denise.welch@gmail.com,412-871-2765,1984-11-28,"73499 Harris Court, Michaelbury, PR 81327",22155.08,active,2022-02-14
3389,Kenneth,Hughes,kenneth.hughes@gmail.com,862-878-8983,1994-12-20,"USNV Hutchinson, FPO AA 61888",115270.23,inactive,2025-09-04
3390,Debra,Conrad,debra.conrad@yahoo.com,469-392-1615,2002-12-01,"392 Michael Village Apt. 570, Lisaborough, WA 97461",85065.77,inactive,2021-06-17
3392,Daniel,Baker,daniel.baker@gmail.com,824-487-7916,1994-03-01,"00810 Catherine Cliff, Lake Kevinfort, MI 49483",104767.25,active,2020-05-30
3393,Terri,Mcdonald,terri.mcdonald@yahoo.com,963-702-5839,1968-06-18,"48443 Matthew Hollow Suite 755, Port Zacharybury, OH 19570",62171.41,active,2022-11-27
3394,Allison,Ferguson,allison.ferguson@gmail.com,361-264-6962,1962-01-06,"PSC 1371, Box 9588, APO AE 64802",48256.86,active,2024-12-18
3395,Jeremiah,Greer,jeremiah.greer@gmail.com,335-411-2421,1979-01-27,"PSC 1463, Box 5542, APO AP 40538",63379.28,active,2022-03-08
3396,Ryan,Meyer,ryan.meyer@yahoo.com,424-402-5155,1988-02-01,"03238 Kathy Terrace Apt. 704, Johnberg, NJ 91516",108640.71,inactive,2026-06-09
3397,Kelly,Moore,kelly.moore@yahoo.com,886-638-8475,2002-08-14,"245 Gabriel Stravenue Apt. 108, New Michaelview, VA 70801",99074.42,active,2025-04-21
3398,Jessica,Meyers,jessica.meyers@hotmail.com,351-530-3424,1969-06-10,"3882 Perez Roads, Rebeccaton, OR 75632",153347.3,inactive,2021-11-23
3399,Jonathon,Ramirez,jonathon.ramirez@gmail.com,455-966-1928,1941-04-30,"324 Richard Cliffs, Taraville, IN 28892",56530.49,suspended,2023-02-23
3401,Elizabeth,Vang,elizabeth.vang@gmail.com,988-464-8989,1956-07-04,"223 Gutierrez Dale Suite 141, New Katherineburgh, WI 59194",55879.27,active,2020-06-12
3403,Stacy,Simpson,stacy.simpson@gmail.com,549-960-7394,1967-07-26,"07009 Moreno Valley Apt. 428, Robinsonbury, CA 07014",38172.47,suspended,2025-12-02
3404,Gregory,Howard,gregory.howard@yahoo.com,877-335-5795,1994-01-25,"USCGC Campbell, FPO AA 90021",29570.46,inactive,2024-11-06
3405,Kelly,Gonzalez,kelly.gonzalez@yahoo.com,939-623-5242,2003-06-13,"16083 Williams Village Suite 409, Port Mary, OR 27178",164642.95,suspended,2021-10-03
3407,Shawn,Miller,shawn.miller@hotmail.com,200-733-6259,1971-07-24,"7013 Jones Course, Hughesbury, HI 19168",223496.37,active,2025-06-30
3408,David,Doyle,david.doyle@yahoo.com,855-754-4725,1974-01-14,"9414 Tucker Street Apt. 045, East Terri, NV 96360",137174.69,inactive,2022-08-25
3409,Kristi,Chapman,kristi.chapman@yahoo.com,844-351-6562,1994-11-14,"76243 Barrett Causeway Suite 300, Lawrenceburgh, IL 93387",130285.21,active,2021-06-03
3410,Javier,Wise,javier.wise@hotmail.com,524-813-1657,1992-07-22,"8735 Walker Ferry, North Williammouth, OH 99308",196191.51,suspended,2024-12-08
3412,Kelly,Jensen,kelly.jensen@yahoo.com,453-697-5081,1963-03-14,"361 Wyatt Way, Lake Jacqueline, RI 05819",157238.63,inactive,2025-01-11
3413,Amy,Berry,amy.berry@gmail.com,390-302-3129,1957-04-02,"67763 Cruz Way Suite 273, Smithmouth, MN 48707",36767.07,active,2025-10-29
3414,Alex,Smith,alex.smith@hotmail.com,668-725-1687,1997-12-31,"389 Connor Mount, Sabrinaside, SD 17678",70326.77,inactive,2020-09-23
3416,Ronald,Williams,ronald.williams@gmail.com,735-834-6061,1967-12-05,"80222 Phillips Loaf, Millerchester, MD 12623",195142.18,active,2026-02-16
3417,Thomas,Carey,thomas.carey@hotmail.com,560-306-5125,1955-01-09,"65704 Amy Pines Apt. 392, Lake Jessica, KS 03816",172166.77,active,2024-12-27
3420,Daniel,Munoz,daniel.munoz@gmail.com,367-221-6909,1967-12-06,"073 Jessica Cape Apt. 179, Harrisonfurt, TN 06593",208288.41,active,2024-08-23
3421,Brian,Moore,brian.moore@gmail.com,584-380-7174,1995-09-30,"642 William Dale, West Luis, FL 04381",168766.24,suspended,2025-06-01
3422,Carrie,Garcia,carrie.garcia@yahoo.com,861-591-4151,1985-04-23,"Unit 6212 Box 0254, DPO AP 03953",219747.3,suspended,2020-01-20
3423,Barbara,Rodriguez,barbara.rodriguez@gmail.com,908-752-4203,1942-09-02,"4525 Davis Trail Suite 569, South Kevin, PA 42912",62923.18,inactive,2026-08-31
3425,Shelley,Ray,shelley.ray@yahoo.com,813-794-6416,1963-12-02,"9981 Jeffrey Ville, Jonesview, ME 76325",20607.07,inactive,2020-12-23
3426,Brian,Davis,brian.davis@gmail.com,210-583-7185,2006-10-30,"6890 Mckinney Pines Suite 858, East Carolberg, SD 60873",188042.06,suspended,2024-10-26
3427,Laura,Webb,laura.webb@gmail.com,826-984-6131,1977-05-09,"1895 Jessica Glen Apt. 970, New Julie, NH 96440",60061.56,suspended,2025-11-18
3428,Kathleen,Snyder,kathleen.snyder@gmail.com,599-264-8415,1968-06-26,"USS Camacho, FPO AA 12349",106191.93,suspended,2021-02-09
3429,Jonathan,Finley,jonathan.finley@gmail.com,310-570-1926,1949-09-01,"944 Kristen View Suite 232, North Patriciaside, MS 48246",109933.49,inactive,2024-05-03
3430,Amy,Thompson,amy.thompson@hotmail.com,709-685-6224,1992-02-06,"8781 Kenneth Expressway, North Rachelmouth, SD 37550",194443.47,active,2021-08-11
3432,Stephanie,King,stephanie.king@yahoo.com,285-345-3192,1977-05-11,"74035 Jasmine Canyon Suite 684, Port Shanefort, IL 36024",24166.49,inactive,2020-08-05
3434,Brittany,Thomas,brittany.thomas@gmail.com,991-353-1135,1939-09-28,"45038 Bonilla Parks Apt. 943, South Donaldmouth, ID 36466",149293.55,inactive,2022-01-29
3435,Matthew,Taylor,matthew.taylor@yahoo.com,611-438-8141,1940-09-27,"285 Daniels Parks Apt. 160, South William, ID 96158",72248.75,suspended,2020-02-28
3436,Jennifer,Nichols,jennifer.nichols@yahoo.com,861-618-3823,1944-01-31,"612 Victoria Lodge Suite 521, North Heathermouth, IL 10866",201520.33,suspended,2024-12-14
3438,Carlos,Nelson,carlos.nelson@gmail.com,726-227-6564,1985-06-10,"247 Flores Village Suite 450, Marcusside, NC 44528",39555.32,active,2019-09-10
3440,Katrina,Kirk,katrina.kirk@yahoo.com,787-747-4677,2004-10-13,"095 Williams Springs Apt. 198, East Robinfort, NH 65875",174370.69,active,2023-08-17
3441,James,Patel,james.patel@hotmail.com,381-355-2546,2002-12-07,"02933 Stephanie Union Suite 705, New Trevor, DC 46824",228846.01,active,2025-09-29
3442,Jim,Parker,jim.parker@hotmail.com,967-503-9378,2001-11-07,"132 Robinson Gateway Apt. 588, Kayleetown, ME 99841",165129.67,active,2022-07-05
3444,Helen,Smith,helen.smith@hotmail.com,505-208-2703,1963-11-19,"71377 Hall River, Shelbyport, SC 52111",187513.85,active,2022-03-07
3446,Katherine,Gonzalez,katherine.gonzalez@gmail.com,889-200-1697,1981-04-12,"12904 Christopher Estate Suite 866, Gonzalesfurt, LA 52848",194403.97,active,2025-03-08
3447,Paula,Rasmussen,paula.rasmussen@hotmail.com,568-949-4730,1957-07-22,"3320 Mills Court, Romerostad, ID 11693",124658.02,inactive,2021-01-17
3448,Nicole,Roach,nicole.roach@hotmail.com,994-954-7352,1961-12-22,"14618 Andrade Centers Apt. 739, West Lauren, NH 71039",159592.91,inactive,2023-01-05
3450,Seth,Underwood,seth.underwood@gmail.com,403-985-2436,1997-02-04,"USNS Vasquez, FPO AA 78014",42818.06,active,2024-03-29
3451,Jennifer,Martin,jennifer.martin@gmail.com,348-383-2230,1944-07-24,"24061 Jennings Rue, Richardstad, MO 77635",60914.36,active,2021-10-16
3452,Lisa,Hernandez,lisa.hernandez@yahoo.com,246-491-3672,1981-04-10,"56958 Patrick Walks Suite 913, Tammyhaven, TX 99064",153805.0,suspended,2025-12-19
3453,Chad,Hubbard,chad.hubbard@hotmail.com,488-950-8956,1989-03-25,"USNS Flores, FPO AA 22681",226160.72,suspended,2025-06-02
3454,Christopher,Ramos,christopher.ramos@yahoo.com,292-682-8315,1939-05-24,"404 Joseph Heights Apt. 656, South Chad, MO 07684",52060.18,inactive,2025-06-05
3455,Jonathan,Phillips,jonathan.phillips@gmail.com,808-827-5549,1955-12-07,"2476 Bonilla Branch, Kimberlyborough, CA 29045",145731.54,suspended,2019-11-06
3457,Charles,Bradford,charles.bradford@hotmail.com,424-642-7918,2006-11-28,"28261 Joshua Station Suite 799, Donnahaven, CA 76893",108980.34,suspended,2026-01-16
3459,Kylie,Zuniga,kylie.zuniga@hotmail.com,752-544-4168,1941-08-03,"USS Johnson, FPO AE 36664",138761.75,active,2024-11-15
3460,Steve,Dunlap,steve.dunlap@yahoo.com,580-623-1272,2000-01-19,"386 Jones Falls Apt. 541, Latashahaven, AK 96084",90513.52,active,2026-08-22
3461,Timothy,Fisher,timothy.fisher@yahoo.com,742-440-1031,1984-06-16,"16962 Nicole Drive Apt. 362, Gayfurt, MN 32497",225640.5,suspended,2023-12-11
3462,Emily,Jones,emily.jones@yahoo.com,627-830-3800,1946-11-15,"2354 Michael Cliff Apt. 904, Amyshire, AS 54973",164516.62,suspended,2024-11-13
3463,Jeffery,Arnold,jeffery.arnold@hotmail.com,827-838-4767,1939-11-09,"PSC 2405, Box 0045, APO AE 98362",106379.88,suspended,2019-10-29
3464,Laura,Johnson,laura.johnson@yahoo.com,668-974-8145,1969-12-02,"58809 Carroll Row Suite 398, West Virginiahaven, IA 21875",225250.85,active,2024-11-04
3465,Eric,Brooks,eric.brooks@yahoo.com,411-713-7313,1992-10-14,"68660 Lisa Rest, New Natalie, CO 34226",167444.84,active,2020-06-13
3466,Christina,Obrien,christina.obrien@yahoo.com,617-964-2364,1989-06-14,"781 Esparza Spring, South Linda, WA 09537",130256.12,suspended,2021-04-04
3468,Brittany,Campbell,brittany.campbell@hotmail.com,644-765-5992,1999-04-19,"42678 Burnett Unions, Hamiltonland, CT 43635",232259.36,active,2023-11-26
3469,Sarah,Ross,sarah.ross@hotmail.com,394-358-9287,2008-08-15,"96405 Dixon Vista Suite 601, Cantuburgh, TX 82126",193624.63,active,2025-11-06
3472,Nicole,Hill,nicole.hill@yahoo.com,615-693-9077,1945-02-26,"7381 Schultz Stravenue Suite 997, New Christopher, NE 11493",103612.69,suspended,2026-06-17
3473,Jacob,Smith,jacob.smith@hotmail.com,973-844-7065,2004-10-18,"6391 Dawson Trail, Kimberlyfort, IL 76239",201265.83,active,2021-12-11
3474,Shannon,Mills,shannon.mills@hotmail.com,879-352-4968,2008-02-18,"647 Amanda Ville Apt. 753, Benjaminchester, CT 83548",72914.43,active,2020-08-24
3475,Audrey,Fowler,audrey.fowler@yahoo.com,678-821-8284,1952-12-19,"17563 Nicholson Centers Suite 021, New Craigfurt, GU 24434",230347.99,active,2025-04-03
3476,Ryan,Perry,ryan.perry@yahoo.com,911-313-6772,1967-05-15,"PSC 2783, Box 3226, APO AE 65005",233326.01,inactive,2021-01-15
3477,James,Cunningham,james.cunningham@hotmail.com,858-452-9864,1956-09-13,"9812 Bradley Mountains, Mooremouth, DE 49058",171796.96,inactive,2020-09-13
3478,Tammy,Richards,tammy.richards@hotmail.com,382-952-1272,1949-06-01,"12983 Jennings Highway Apt. 646, South Ginastad, AZ 00652",237930.02,suspended,2021-02-07
3479,Ryan,Neal,ryan.neal@yahoo.com,585-577-7541,1995-03-06,"530 Jorge Landing, Nealhaven, FM 52939",136518.38,active,2022-04-20
3481,Dominique,Smith,dominique.smith@yahoo.com,719-807-3662,1981-01-21,"USS Love, FPO AP 72518",94241.15,active,2019-10-07
3482,Tanner,Nielsen,tanner.nielsen@gmail.com,887-645-1147,1954-08-28,"PSC 0466, Box 8708, APO AE 64587",187607.17,suspended,2023-08-16
3484,Joseph,Horton,joseph.horton@hotmail.com,983-832-7750,1966-01-24,"9980 Richard Mall Suite 813, Lindseyburgh, GA 20570",111917.4,inactive,2025-01-30
3486,Carrie,Green,carrie.green@hotmail.com,809-668-6029,2008-05-07,"814 Smith Spring Apt. 474, Lake Taylorport, IL 41231",170292.37,inactive,2020-06-23
3487,Larry,Yates,larry.yates@hotmail.com,560-902-5656,1985-10-29,"Unit 5666 Box 1962, DPO AE 29666",108049.44,active,2020-05-30
3489,Timothy,Cruz,timothy.cruz@gmail.com,669-731-6625,1986-12-08,"65808 Hernandez Skyway, Gregorymouth, TN 10422",63789.25,suspended,2023-06-11
3490,Jessica,Harvey,jessica.harvey@hotmail.com,746-309-7239,1956-07-10,"045 Ralph Mountains, New Michelle, PA 32361",83038.74,suspended,2020-08-31
3491,Alec,Anderson,alec.anderson@gmail.com,471-496-6177,1960-10-24,"052 Perez Common Suite 656, Livingstonburgh, KY 14587",20192.54,suspended,2026-05-15
3492,Eric,Price,eric.price@yahoo.com,603-210-6352,1993-09-28,"410 Sheila Port, Lindashire, PA 82867",232197.27,inactive,2020-11-28
3493,Jennifer,Moore,jennifer.moore@yahoo.com,477-464-4706,2005-11-17,"4066 Melissa Ports Apt. 220, Wilcoxview, GU 71330",26676.76,inactive,2024-11-04
3495,Brianna,Phillips,brianna.phillips@gmail.com,458-567-9521,1984-06-03,"724 Bennett Circle, Chrisburgh, AR 69598",41171.17,active,2020-09-08
3496,Danielle,Tran,danielle.tran@gmail.com,752-786-4112,2008-08-24,"087 James Fork Suite 732, Ericton, FM 91065",212235.35,active,2020-06-11
3497,Victoria,Marshall,victoria.marshall@hotmail.com,512-882-9861,1979-02-06,"592 Mendoza Park Apt. 792, Lake Josechester, WA 76010",140336.48,suspended,2021-04-09
3498,Stephanie,Gilbert,stephanie.gilbert@gmail.com,231-751-8954,1955-04-25,"PSC 1721, Box 3702, APO AP 57009",140839.75,inactive,2021-05-15
3502,Charles,Rocha,charles.rocha@hotmail.com,499-299-5277,1976-08-17,"87680 Alexis Orchard, Jensenport, GA 94613",188330.41,active,2022-05-04
3504,Steven,Wong,steven.wong@yahoo.com,938-219-2938,1963-08-08,"195 Campbell Extension Apt. 344, East Nathanside, SD 66858",135841.93,active,2021-04-20
3505,Stephanie,Mcguire,stephanie.mcguire@gmail.com,231-315-4343,1971-07-07,"171 Patricia Shores, Hillmouth, IA 11012",112955.35,suspended,2026-04-16
3506,Matthew,Conley,matthew.conley@hotmail.com,436-477-5843,1997-09-02,"608 Becker Views Suite 477, Riverahaven, WV 72197",85269.57,inactive,2026-02-24
3507,David,Cole,david.cole@yahoo.com,809-244-7445,1996-11-23,"24781 Alexander Shore Apt. 621, Scottport, MT 76607",125436.45,suspended,2019-12-09
3508,Kayla,Harris,kayla.harris@yahoo.com,772-610-7131,1977-12-05,"516 Gilbert Station, South Brandonview, MH 36958",54593.3,active,2021-12-13
3509,Matthew,Greene,matthew.greene@yahoo.com,996-329-2914,1974-10-19,"06619 Danny Shoal, Kimberlyport, GA 42456",89840.82,inactive,2025-02-03
3510,Evan,Garrison,evan.garrison@yahoo.com,646-689-3243,1953-11-08,"64739 Kaylee Neck, Jamesside, SD 74438",88024.66,inactive,2019-12-26
3512,Ruth,Cantrell,ruth.cantrell@gmail.com,850-863-5831,1987-07-13,"69543 John Harbor, Bradleystad, MI 16662",115586.06,active,2024-04-07
3514,Jennifer,Coleman,jennifer.coleman@yahoo.com,581-811-4650,1947-04-07,"3928 Smith Ford Suite 769, Evansstad, UT 35415",151373.66,inactive,2023-01-12
3516,Jessica,Daniel,jessica.daniel@gmail.com,494-541-6696,2001-05-09,"6572 Amanda Shores, South Jessicaland, ND 56812",66431.82,active,2025-02-22
3517,Chad,Rodriguez,chad.rodriguez@gmail.com,257-203-5081,1945-10-04,"USCGC Byrd, FPO AE 90973",105553.79,active,2020-01-01
3518,Robert,Cook,robert.cook@hotmail.com,269-934-8738,1992-02-11,"184 Kenneth Park Suite 350, Port David, WY 69826",70575.94,suspended,2025-08-28
3520,Jeffrey,Thomas,jeffrey.thomas@hotmail.com,427-471-4224,1951-01-19,"921 Melissa Extensions Apt. 305, North Ericland, RI 02813",141362.08,suspended,2020-07-25
3521,Michael,Davidson,michael.davidson@gmail.com,850-676-8892,1948-02-17,"056 John Forge Apt. 947, Powellhaven, NC 44639",58169.71,suspended,2023-01-30
3523,Cory,Contreras,cory.contreras@gmail.com,980-757-3476,1999-08-07,"3012 Brittany Bridge, North Christophershire, MI 18091",126614.29,suspended,2022-02-16
3525,Joe,Keller,joe.keller@gmail.com,571-515-2519,1951-07-28,"514 Nathaniel Garden Suite 546, East Edwin, ND 93431",75348.45,inactive,2026-02-25
3526,Kevin,Hines,kevin.hines@yahoo.com,682-435-6998,1981-02-16,"749 Barbara Course, South Daniel, IN 49459",159775.54,inactive,2023-08-31
3529,Cristina,Howard,cristina.howard@yahoo.com,511-246-3434,1957-06-17,"01217 Kimberly Canyon Suite 342, North April, DC 39444, tel 228-258-6072",206123.99,suspended,2021-07-13
3530,Tammie,Shea,tammie.shea@hotmail.com,317-637-9698,1990-06-20,"7873 Rodriguez Stravenue Apt. 723, Lake Jacquelinebury, MD 65122",131341.01,active,2026-04-09
3531,Cory,Lewis,cory.lewis@hotmail.com,327-742-4567,1988-10-03,"4978 Clark Way Suite 258, Mirandamouth, MD 83784",111525.33,active,2024-06-29
3532,Jillian,Duncan,jillian.duncan@gmail.com,433-294-4555,1946-12-09,"3604 Amy Crossroad, Joeside, NY 39058",221894.61,active,2024-06-05
3533,Angela,Sullivan,angela.sullivan@gmail.com,725-685-9290,1970-05-18,"144 Michael Valley Apt. 969, East Kimberly, MA 92190",136758.43,active,2026-04-06
3535,Brandon,Delacruz,brandon.delacruz@yahoo.com,768-645-4013,2007-10-31,"856 Renee Center, Connorhaven, IA 36735",88145.27,active,2023-06-26
3536,Kyle,Johnson,kyle.johnson@yahoo.com,325-655-6009,1980-07-28,"701 Thompson Radial Suite 033, Johnstonfurt, ND 29981",108707.8,suspended,2024-08-24
3538,Rhonda,Gonzalez,rhonda.gonzalez@hotmail.com,724-778-2759,2004-03-17,"55773 Jose Junction Suite 362, East Christopher, SC 28237",97085.38,suspended,2025-07-18
3539,Charles,Moore,charles.moore@gmail.com,499-485-7250,1965-10-11,"03877 Sarah Plaza, North Staceyfort, WY 73774",128237.21,suspended,2024-07-28
3540,Carolyn,Underwood,carolyn.underwood@gmail.com,837-779-9471,1965-09-14,"706 Pugh Pass Suite 331, Floresside, IL 30012",149532.75,active,2021-09-19
3542,John,Stewart,john.stewart@gmail.com,789-463-7161,1955-12-22,"8015 Elizabeth Land, Ashleyberg, VI 02822",157661.31,inactive,2019-11-26
3543,Austin,White,austin.white@gmail.com,714-311-1253,1985-03-11,"92686 Megan Overpass, New Michael, UT 48237",171067.61,active,2022-11-08
3545,Troy,Gill,troy.gill@gmail.com,439-900-6576,2007-03-05,"08002 English River, East Sarashire, NJ 34403",54347.13,suspended,2020-09-21
3548,Shane,Bennett,shane.bennett@gmail.com,941-668-7073,1953-02-20,"59578 Phillips Creek Apt. 284, Gregfort, WA 23493",115244.97,suspended,2019-10-14
3549,Wendy,Tucker,wendy.tucker@hotmail.com,536-850-6710,1975-06-02,"47891 Ryan Creek Suite 168, Katherinehaven, SC 98684",185439.89,active,2021-03-08
3550,Rachel,Greene,rachel.greene@gmail.com,806-252-3935,1962-03-12,"82794 Kirk Rue Suite 097, Port Kathy, ID 06525",49847.95,inactive,2025-06-08
3551,Carrie,Boyd,carrie.boyd@gmail.com,673-948-9827,1941-11-03,"429 Brady Parks, West Christinabury, KY 40621",153243.0,suspended,2020-02-19
3552,Renee,Raymond,renee.raymond@yahoo.com,674-731-8130,1952-01-25,"4749 York Port Apt. 311, North Stacystad, DC 22181",137979.44,suspended,2025-11-07
3554,Charles,Douglas,charles.douglas@yahoo.com,468-536-2620,1961-03-23,"4945 Smith Common, Moralesville, AR 11855",193359.48,active,2023-04-30
3555,Victoria,Valdez,victoria.valdez@gmail.com,978-363-9570,1970-07-11,"3081 Miller Falls, South Michael, KY 93376",238870.87,suspended,2021-02-11
3556,Matthew,Hill,matthew.hill@yahoo.com,386-943-4565,1999-04-17,"3301 Morgan Greens, Myersmouth, NC 12345",159679.36,active,2025-10-02
3557,Susan,Watson,susan.watson@hotmail.com,549-970-8117,1961-04-24,"5172 King Club Apt. 601, Oneillport, NJ 21491",206460.52,active,2021-01-16
3559,Mark,Walker,mark.walker@hotmail.com,790-211-1371,1984-01-06,"942 Kimberly Wells, Hodgesfurt, UT 14527",181811.25,suspended,2022-11-28
3561,Sarah,Martinez,sarah.martinez@yahoo.com,523-351-7966,2004-06-24,"7098 Jordan Valleys Suite 168, North James, OH 48692",223263.79,suspended,2022-07-12
3562,Dustin,Black,dustin.black@yahoo.com,582-291-6129,1990-01-22,"54150 Palmer Prairie, Christopherside, OH 84521",183282.0,suspended,2024-03-15
3563,Christopher,James,christopher.james@yahoo.com,972-939-8613,1941-05-01,"Unit 8734 Box 8085, DPO AE 91948",231383.03,active,2026-06-14
3564,Johnny,Woodard,johnny.woodard@yahoo.com,399-329-7464,1939-09-21,"169 Roberts Dam Apt. 134, Lake Paul, ID 80852",22434.49,suspended,2023-02-10
3565,Destiny,Lambert,destiny.lambert@hotmail.com,789-446-2307,1997-10-16,"39570 Daniel Plaza Suite 512, Lake Joseph, SC 08629",20316.62,suspended,2025-04-25
3566,Grant,Stone,grant.stone@yahoo.com,685-514-3202,1997-06-03,"38147 Meza Center, Aaronfurt, VI 92136",161482.66,inactive,2020-04-01
3567,Nancy,Mclaughlin,nancy.mclaughlin@yahoo.com,449-940-7989,1977-05-02,"59537 Jackson Walks, Lake Arianastad, ID 24257",27382.28,active,2025-04-28
3568,Jennifer,Anderson,jennifer.anderson@gmail.com,535-747-2655,1946-10-14,"6754 Michael Ports, Lewistown, IA 60376",207939.93,suspended,2020-09-22
3569,Mario,Allen,mario.allen@yahoo.com,490-535-1999,1997-08-28,"830 Castro Dam, Zacharymouth, FM 07263",213208.95,inactive,2026-03-16
3570,Joshua,Riley,joshua.riley@yahoo.com,411-610-2141,1989-08-29,"79191 Velez Ways Apt. 798, North Josephmouth, FL 00702",219082.46,suspended,2021-07-06
3572,Tracey,Campbell,tracey.campbell@gmail.com,684-662-5624,2001-08-14,"932 Andrew Forest, Ruizview, GU 05117",177978.63,inactive,2024-04-01
3573,Austin,Lopez,austin.lopez@hotmail.com,414-561-4964,1957-09-15,"70983 Heather Passage Apt. 803, Jacobmouth, CT 40054",195262.37,active,2023-12-07
3574,Mackenzie,Patton,mackenzie.patton@hotmail.com,841-541-9921,1945-07-05,"4508 Sandra Route, Ginaside, AS 93537",89430.08,inactive,2026-08-08
3576,Alan,Russell,alan.russell@yahoo.com,595-584-4922,1950-04-28,"2658 Rocha Lodge Suite 124, Anthonyland, NE 88112",147821.86,suspended,2022-12-07
3579,Brenda,Burgess,brenda.burgess@yahoo.com,507-714-9563,1966-05-23,"8642 Mcgee Station Suite 247, Port Travis, IL 09451",207867.79,suspended,2021-03-25
3580,Alicia,Peters,alicia.peters@yahoo.com,984-865-7196,1955-05-12,"4620 Scott Heights, Thomasshire, RI 10485",108988.75,inactive,2021-12-14
3582,Tammy,Alvarado,tammy.alvarado@yahoo.com,921-899-7753,1985-09-09,"0383 Thompson Crescent, Lake Joseph, ME 64656",34992.63,active,2025-11-29
3583,Brian,Contreras,brian.contreras@yahoo.com,531-849-4354,1952-10-05,"25716 Williams Burgs, Melissashire, MN 21870",92317.19,suspended,2021-07-03
3584,Joseph,Adams,joseph.adams@hotmail.com,471-243-7116,1981-10-25,"4663 Miller Parkway Apt. 120, Clarkstad, NM 47253",231860.27,active,2022-02-02
3585,Dana,Salazar,dana.salazar@yahoo.com,759-201-3217,1991-09-30,"6756 Gray Manors Suite 667, Tamaraland, IN 40178",126872.12,active,2020-05-26
3587,Dean,Torres,dean.torres@gmail.com,469-848-5246,1963-01-08,"835 Mary Isle Apt. 983, Diazport, MO 76687",168167.95,inactive,2025-07-14
3588,Brian,Larson,brian.larson@gmail.com,973-792-4766,1998-04-13,"6539 Ray Bypass, West Stephenside, IL 33994",149419.04,active,2020-10-01
3589,Christopher,Daniels,christopher.daniels@yahoo.com,621-788-1735,2006-10-03,"35451 Renee Harbor Apt. 294, Lake Edward, GU 06213",110882.38,inactive,2020-03-25
3590,Elizabeth,Hoffman,elizabeth.hoffman@hotmail.com,841-908-1058,1985-05-11,"21559 Andrews Vista, Ashleyburgh, PW 35627",144466.25,active,2019-11-17
3591,Chad,Neal,chad.neal@gmail.com,347-400-9093,1963-05-01,"3601 Daniel Mountains Apt. 328, Lake Johnstad, ID 70925",118864.53,inactive,2020-08-31
3592,James,Jones,james.jones@yahoo.com,352-522-6092,1979-12-30,"9216 Jones Village, Port Bryanport, MH 54033",202517.11,inactive,2022-10-01
3593,Angela,Clements,angela.clements@yahoo.com,339-702-3019,1960-06-17,"70215 Amy Track Suite 503, Markshire, PA 52572",118679.83,active,2021-08-05
3594,Sara,Walker,sara.walker@gmail.com,965-390-3101,2006-10-14,"31243 Erickson Light, Terryberg, MP 79753",193121.63,inactive,2021-12-01
3595,Daniel,Harris,daniel.harris@hotmail.com,529-407-6356,1984-05-20,"53944 Kathryn Alley, Port Staceychester, VA 15292",149123.77,suspended,2026-04-16
3596,Heather,Smith,heather.smith@hotmail.com,705-410-9984,2002-11-11,"Unit 4984 Box 4753, DPO AP 26727",122316.31,suspended,2020-12-29
3598,Emily,West,emily.west@yahoo.com,269-677-9624,1940-06-04,"5483 Hansen Walks, Davisborough, MH 89603",38933.07,suspended,2021-05-10
3599,Matthew,Boyd,matthew.boyd@hotmail.com,212-837-2846,2007-12-09,"73090 Glenn Port Suite 856, South Ronald, NV 25899",227141.66,inactive,2019-11-24
3600,Corey,Nielsen,corey.nielsen@hotmail.com,852-629-1379,1991-05-19,"863 Amy Mount, Kyletown, DE 88136",59356.32,active,2020-12-07
3601,Christopher,Miller,christopher.miller@gmail.com,557-470-3733,1973-03-06,"393 Martin Mills Apt. 828, Port Michaelchester, MN 97908",233315.23,inactive,2025-03-10
3602,Colleen,Morton,colleen.morton@gmail.com,438-287-1570,2002-08-11,"744 Marshall Brook, Ramirezland, IL 31924",178763.78,inactive,2024-10-09
3603,Matthew,Mills,matthew.mills@gmail.com,337-207-5399,1968-04-21,"4235 Richard Path, Jasonshire, IA 77904",186267.55,active,2021-07-03
3604,Lauren,Estrada,lauren.estrada@hotmail.com,924-906-9105,2006-12-06,"263 Jerry Creek Apt. 947, Ramirezview, AS 47673",171061.68,suspended,2026-01-18
3605,Robert,Frazier,robert.frazier@gmail.com,778-420-3614,1984-04-13,"868 Ward Falls, Harperport, NC 15438",78100.42,active,2025-07-25
3606,Lori,Thompson,lori.thompson@hotmail.com,260-836-8908,1959-04-12,"8277 Ashlee Stream Suite 911, Danielbury, MO 39494",176638.31,inactive,2025-11-02
3607,Kyle,Griffin,kyle.griffin@gmail.com,770-975-4056,1999-10-31,"844 Jessica Crescent, Sergiotown, OH 23680",138764.92,inactive,2025-01-23
3609,Danielle,Hunter,danielle.hunter@gmail.com,616-409-4003,1985-10-01,"128 Wilson Coves Suite 447, Susanbury, MO 45313",57395.25,active,2020-03-29
3610,David,Gordon,david.gordon@yahoo.com,225-539-1754,1964-03-12,"23712 Johnson Turnpike Apt. 120, Port Tracey, NY 16206",21105.51,suspended,2023-05-03
3611,Kimberly,Mcpherson,kimberly.mcpherson@hotmail.com,376-629-2633,1950-10-08,"519 Walters Squares Suite 524, West Michaelshire, NH 23275",41949.87,suspended,2024-04-13
3612,Jesse,Cannon,jesse.cannon@hotmail.com,457-544-6988,2004-01-24,"2292 Olson Bypass Apt. 598, Michaelmouth, PW 41702",134736.58,active,2026-04-14
3614,Adam,Jones,adam.jones@gmail.com,767-953-9638,1972-11-12,"7632 Banks Crest Suite 621, Hannahfort, KY 73574",30452.1,active,2021-08-26
3615,Joanne,Harris,joanne.harris@yahoo.com,232-808-6492,1938-10-21,"03663 Contreras Center, South Courtney, NH 15779, contact joanne.harris@gmail.com",191034.08,suspended,2026-04-16
3616,Erin,Cook,erin.cook@hotmail.com,723-683-3602,1973-08-16,"3188 Rivera Islands, East William, SC 61983",144815.56,active,2022-01-14
3617,Peter,Martinez,peter.martinez@gmail.com,797-231-1163,1971-12-24,"03410 Glenn Underpass Apt. 870, West Christopher, CO 77685",93250.04,inactive,2020-08-01
3618,Brianna,Powers,brianna.powers@hotmail.com,230-261-2569,1954-06-05,"0097 Ronald Shore Suite 071, Lake Luke, AS 38234",127875.09,active,2023-03-04
3619,Tammy,Rodriguez,tammy.rodriguez@yahoo.com,212-226-8559,1978-10-09,"524 Kylie Mill Apt. 015, North Jermainetown, MH 67865",65993.71,inactive,2020-05-14
3620,Terri,Shannon,terri.shannon@hotmail.com,970-997-1567,2000-09-01,"69515 Dylan Throughway, West Mark, WI 07680",163265.37,active,2024-07-22
3621,Marie,Pierce,marie.pierce@yahoo.com,311-409-9856,1994-04-27,"37667 Diane Points Apt. 606, West Jenniferton, VT 55521",198485.32,suspended,2025-08-19
3622,Keith,Kelly,keith.kelly@gmail.com,683-277-7387,2004-12-29,"401 Hardy Canyon, Oliverview, ID 68154",128026.37,active,2020-12-20
3624,Christopher,Wright,christopher.wright@yahoo.com,783-371-9964,1964-03-13,"68926 Ryan Forges, Sophiaburgh, NJ 31940",197318.96,active,2025-06-09
3625,Amanda,Atkinson,amanda.atkinson@hotmail.com,665-462-6019,1966-03-05,"856 Jennifer Lodge Suite 568, Scottborough, FM 11068",72363.01,active,2026-08-12
3626,Christine,Vasquez,christine.vasquez@hotmail.com,977-508-5802,1995-09-18,"123 Harrell Viaduct Suite 930, Pearsonside, ME 43607",208215.94,active,2024-02-26
3627,Shawn,Rivas,shawn.rivas@yahoo.com,347-295-7509,1992-03-20,"230 Velasquez Mountains, Port Kylefurt, GU 43736",21418.08,inactive,2022-08-22
3629,William,Wallace,william.wallace@hotmail.com,797-478-5998,1949-02-04,"Unit 0818 Box 9813, DPO AA 69711",182703.54,inactive,2026-06-29
3630,Brian,Rodriguez,brian.rodriguez@yahoo.com,584-831-1370,1966-02-16,"4453 Michael Mountains Apt. 119, Charlesland, AL 74984",64230.2,active,2024-08-29
3631,Joseph,Barber,joseph.barber@hotmail.com,468-651-7499,1970-12-15,"8216 Kelly Hills Suite 200, New Zoeside, WA 68799",222894.73,inactive,2022-09-21
3632,Denise,Sellers,denise.sellers@hotmail.com,867-676-5916,1972-01-02,"3772 Guy Land, Sherichester, WY 76451",177884.42,active,2025-10-18
3633,Tami,Cohen,tami.cohen@gmail.com,476-553-6883,1947-12-12,"354 Jennifer Stravenue Suite 327, Hensleyland, OR 89009",147724.84,inactive,2025-03-07
3634,Tina,Bowen,tina.bowen@gmail.com,237-334-2732,1998-08-26,"3110 Lisa Island Apt. 759, East Mark, ND 41616",41598.74,suspended,2022-05-25
3637,Miguel,Schwartz,miguel.schwartz@yahoo.com,690-769-8011,1971-08-03,"3254 Reyes Viaduct Suite 028, Lewisfort, MP 17155",193638.34,suspended,2023-10-27
3638,Jason,Johnson,jason.johnson@yahoo.com,329-419-8595,1948-03-09,"66296 Boyd Trafficway, South Jeremy, GA 69123",102219.96,active,2021-12-16
3639,Anne,Brown,anne.brown@yahoo.com,738-475-6111,2007-10-30,"446 Crystal Roads Suite 889, Sharonbury, FL 09717",119273.41,active,2021-01-27
3641,Justin,Perry,justin.perry@yahoo.com,759-707-5902,1957-05-22,"416 Christopher Stream Suite 417, North Bryanbury, NV 77334",37037.4,inactive,2026-04-26
3642,Allen,Bray,allen.bray@yahoo.com,613-784-9668,2004-10-12,"20660 Wiggins Throughway, Lake Mariemouth, MT 78291",225190.37,active,2026-02-12
3643,Sara,Goodwin,sara.goodwin@hotmail.com,947-840-3094,1973-06-07,"708 Scott Divide, Edwardton, NJ 43689",203060.47,inactive,2019-11-12
3644,Jimmy,Nixon,jimmy.nixon@hotmail.com,753-475-9353,1988-01-08,"USCGC Pitts, FPO AE 20361",115024.27,inactive,2023-07-23
3645,Nicholas,George,nicholas.george@yahoo.com,361-320-4670,2005-03-10,"USNS Ramirez, FPO AA 68929",145446.71,suspended,2021-01-10
3646,Heather,Buchanan,heather.buchanan@gmail.com,480-642-4071,1971-11-22,"008 Kramer Islands Suite 914, Bellchester, MH 65557",50863.59,active,2023-02-10
3647,Kristin,Richards,kristin.richards@gmail.com,370-404-9055,1993-08-10,"952 Davis Crossing, Ruizshire, NE 66710",170362.87,inactive,2025-12-10
3648,John,Hale,john.hale@hotmail.com,567-536-1024,1995-05-20,"16485 Ford Gateway, East Elizabeth, OH 12507",213060.13,active,2026-07-09
3649,Jacqueline,Bush,jacqueline.bush@gmail.com,221-218-9987,2008-07-08,"00436 Tiffany Row, Bradleymouth, IA 98475",133217.37,active,2025-12-31
3651,Rhonda,Warner,rhonda.warner@hotmail.com,923-913-9201,1962-05-22,"1893 Audrey Plains, Nguyenchester, MS 15286",44932.61,active,2020-11-02
3652,Kerry,Smith,kerry.smith@gmail.com,223-793-2512,1972-04-02,"503 Turner Station Apt. 612, Cameronburgh, WV 87091",103355.25,suspended,2026-08-27
3655,Scott,Patton,scott.patton@hotmail.com,209-754-6518,2004-09-06,"77564 Andrew Ramp Suite 520, Martinezmouth, PA 36215",84644.75,active,2022-04-30
3656,Julie,Lee,julie.lee@yahoo.com,280-940-3119,1959-07-26,"133 Sarah Passage Suite 552, Port Nicholas, LA 81982",72377.53,active,2021-11-30
3657,Jasmine,Lamb,jasmine.lamb@gmail.com,840-683-6134,2006-08-17,"1363 Michael Island, Gatesbury, IL 96776",169913.92,active,2019-12-28
3659,Tricia,Rivas,tricia.rivas@yahoo.com,287-525-2514,2000-01-27,"213 Barber Fall, North Lisa, CA 14111",164997.92,suspended,2020-10-24
3660,Zachary,Johnson,zachary.johnson@hotmail.com,910-465-6402,1950-10-05,"799 Nicole Ford, New Deniseland, ID 68169",129277.17,suspended,2022-07-17
3661,Linda,Jacobs,linda.jacobs@hotmail.com,218-393-5256,1980-12-20,"20828 Sandoval Shore Apt. 814, East Kathy, SD 68567",196692.21,suspended,2024-12-31
3662,Robert,Joyce,robert.joyce@gmail.com,571-408-6307,2007-08-13,"805 Tucker Viaduct Suite 807, Hawkinsshire, AR 23882",187305.89,inactive,2025-11-30
3663,Joshua,Barnes,joshua.barnes@yahoo.com,230-657-6269,1971-08-27,"598 Nelson Groves, Lake Jessicashire, HI 90467",101263.72,active,2022-01-27
3664,Kendra,Johnson,kendra.johnson@gmail.com,273-900-4524,1954-03-21,"4224 Christopher Mountain Suite 898, Port Richard, SD 88729",209637.1,inactive,2019-12-26
3665,Catherine,Rodriguez,catherine.rodriguez@hotmail.com,933-254-2564,1969-01-28,"8140 Mary Plain Suite 545, South Shawn, GU 25179",31000.36,active,2025-01-07
3666,Denise,Jackson,denise.jackson@yahoo.com,342-923-9832,1984-09-28,"7081 Sandra Knolls Suite 614, Donnafurt, MN 68583",220075.46,suspended,2026-07-03
3667,Elizabeth,Michael,elizabeth.michael@gmail.com,341-868-4645,1963-03-18,"1070 Wilson Glens Apt. 223, Patriciashire, MT 02008",131961.24,suspended,2024-12-22
3668,Nicholas,Bell,nicholas.bell@yahoo.com,201-352-7407,1939-11-18,"95094 Lewis Brook, Amandaport, ND 86714",49243.93,suspended,2023-06-11
3670,Erin,Reid,erin.reid@hotmail.com,567-852-4156,1966-09-30,"03659 Steven Harbor Suite 743, West Sarah, OK 93151",109372.05,active,2024-02-18
3671,Evelyn,Brown,evelyn.brown@yahoo.com,665-217-1137,1988-10-02,"33343 Tina Mountains, Lake Tommy, LA 82079",83414.35,active,2022-10-27
3672,Shelly,Dominguez,shelly.dominguez@gmail.com,990-773-3285,1953-02-03,"40261 David Summit Suite 263, East Samantha, AZ 58819",140468.62,inactive,2025-08-15
3673,Jacqueline,Gibbs,jacqueline.gibbs@hotmail.com,318-903-7859,1999-01-29,"7884 Thomas Bypass Suite 420, North Aprilfurt, VI 67442",226295.52,suspended,2020-07-11
3674,Gerald,Martin,gerald.martin@gmail.com,554-778-1293,1992-11-04,"88149 Cochran Mill, Danielland, GU 66441",81683.96,inactive,2023-01-05
3675,Haley,Martinez,haley.martinez@gmail.com,599-768-6896,1998-06-06,"19482 Steven Square, West Jason, PA 34991",66632.05,inactive,2026-04-30
3676,Ryan,Watson,ryan.watson@hotmail.com,224-255-2396,1970-06-08,"835 Kennedy Fort Suite 457, West Marymouth, HI 59260",46368.68,active,2022-02-07
3677,Joseph,Craig,joseph.craig@yahoo.com,669-288-1485,1961-10-30,"98071 John Manors, Huntberg, VA 14586",52000.0,suspended,2025-01-27
3678,Martin,Nelson,martin.nelson@gmail.com,330-781-7999,1992-12-04,"99770 Gregory Glen Suite 886, East Ralphborough, FL 32423",33238.92,active,2024-06-07
3679,Micheal,Walton,micheal.walton@gmail.com,870-470-9722,1997-06-21,"775 Dunlap Stravenue, Benjamintown, LA 20155",176803.29,active,2026-05-09
3680,Carlos,Smith,carlos.smith@hotmail.com,645-969-6326,1964-01-15,"885 Russell Avenue Apt. 966, Mcdanielshire, IL 76713",67814.22,active,2021-11-13
3682,Ian,Smith,ian.smith@hotmail.com,347-650-7864,1949-12-03,"PSC 9833, Box 8101, APO AE 53429",237241.82,suspended,2024-09-09
3684,Nicole,Luna,nicole.luna@gmail.com,936-961-4358,1975-11-12,"54678 Mason Point Apt. 595, Timothyburgh, AL 04229",232016.63,inactive,2021-01-31
3685,David,Vang,david.vang@hotmail.com,465-440-6729,1964-07-28,"71424 Erica Shoals Apt. 137, Lake Joseph, GA 70682",141950.21,inactive,2025-01-05
3686,Andrea,Phillips,andrea.phillips@gmail.com,339-605-3103,2001-03-29,"657 Allison Junction Apt. 751, East Alexander, DC 11756",54226.38,inactive,2021-03-05
3687,Madison,Stewart,madison.stewart@hotmail.com,967-895-3067,1940-10-17,"6022 Joseph Run, East Garyland, IA 96061",201383.14,active,2025-07-18
3688,Meredith,Marshall,meredith.marshall@gmail.com,663-203-9345,1992-04-02,"96429 Ann Vista Suite 550, Burtonborough, HI 01466",105020.59,inactive,2022-04-06
3689,Benjamin,Zimmerman,benjamin.zimmerman@hotmail.com,559-915-7556,1945-07-28,"4913 Courtney Ville, North Williammouth, TN 64186",229500.19,active,2022-05-04
3692,Patricia,Campbell,patricia.campbell@gmail.com,792-261-4402,1949-04-08,"22149 Philip Course Apt. 199, Jeffreyberg, CO 00509",98276.45,active,2024-11-22
3693,Mark,Mendoza,mark.mendoza@hotmail.com,722-510-9201,1971-08-30,"814 Cynthia Ville, Lake Deniseport, UT 93085",143568.82,inactive,2025-06-18
3694,David,Garrison,david.garrison@yahoo.com,440-520-5454,1995-08-20,"USS Washington, FPO AE 03325",198196.3,inactive,2025-04-10
3695,Elizabeth,Wheeler,elizabeth.wheeler@hotmail.com,502-928-2346,2003-11-19,"54316 Key Common, Danieltown, ME 88878",139585.79,active,2023-03-28
3696,Tiffany,Cervantes,tiffany.cervantes@hotmail.com,544-852-8091,1995-03-02,"4562 Crystal Ridges, Lake Gregory, NM 25465",205251.81,suspended,2025-09-16
3697,Ryan,Richardson,ryan.richardson@hotmail.com,367-565-5207,1942-06-18,"725 Brett Route, Nicholaschester, UT 96246",145612.72,active,2022-09-08
3698,Steven,Moran,steven.moran@yahoo.com,469-425-1062,2007-02-25,"79440 Jeremy Keys, Andersonborough, IA 85516",195828.63,suspended,2022-03-14
3701,Kristen,Meyer,kristen.meyer@yahoo.com,514-430-6527,1970-03-16,"56225 Holmes Road, South Alexandermouth, MP 85027",168331.34,inactive,2024-01-24
3702,Kaitlyn,Daniels,kaitlyn.daniels@hotmail.com,383-941-2061,1963-10-19,"7056 Salazar Mountain, Port Timothyshire, DE 22816",135268.19,inactive,2021-01-16
3703,Ricardo,Palmer,ricardo.palmer@yahoo.com,749-223-7638,1956-01-23,"5338 Meyers Brooks, South Carolyn, NY 67332",107943.66,active,2021-12-22
3704,Denise,Clark,denise.clark@gmail.com,324-215-7351,1977-07-15,"Unit 2085 Box 2056, DPO AA 44806",38225.98,inactive,2025-07-31
3705,Christina,Smith,christina.smith@gmail.com,872-967-5570,1980-10-17,"8565 Miller Via, Burgessbury, WI 79892",36262.1,suspended,2024-06-25
3707,Joseph,Morrison,joseph.morrison@gmail.com,634-204-4927,1941-12-13,"17949 Mckee Curve, Port William, FL 82295",128261.02,active,2020-10-05
3708,Cynthia,Rogers,cynthia.rogers@hotmail.com,594-254-1957,1944-09-06,"79630 Gilbert Islands Suite 094, Schmidtfurt, VT 37864",62985.14,active,2021-01-06
3709,Carlos,Hamilton,carlos.hamilton@hotmail.com,307-808-8319,1945-12-30,"105 Michael Expressway, North Monicahaven, OR 95900",140268.45,suspended,2024-06-03
3710,Nancy,James,nancy.james@gmail.com,250-282-2465,1952-10-23,"Unit 1665 Box 5636, DPO AE 00561",197284.48,active,2019-11-27
3711,Brandon,Frazier,brandon.frazier@hotmail.com,504-686-2913,2007-07-06,"9015 Short Bridge, Estradastad, MP 99690",71435.81,suspended,2024-04-30
3712,Mark,Powell,mark.powell@yahoo.com,803-677-7798,1964-02-29,"7359 Hannah Fields Suite 257, Greenville, TN 52016",28120.35,suspended,2025-07-28
3714,John,Howard,john.howard@hotmail.com,939-719-5233,1941-04-18,"10696 Duncan Rapid Apt. 924, Hickmanbury, ME 37644",39871.92,suspended,2026-02-10
3715,James,Burke,james.burke@gmail.com,736-536-6974,1983-02-19,"56283 George Haven Suite 741, Doylebury, UT 32914",222520.72,suspended,2021-06-13
3716,Robert,Shepard,robert.shepard@gmail.com,410-648-6582,1997-11-20,"676 Michael Haven Suite 035, South Emilystad, PW 41047",67607.43,suspended,2025-10-26
3718,Adam,Mills,adam.mills@yahoo.com,962-203-8727,1968-11-22,"6036 Donna Haven Apt. 866, East Victor, PW 81983",48547.6,inactive,2020-10-27
3720,Sara,Wade,sara.wade@yahoo.com,228-765-9388,1999-03-16,"1476 Gomez Unions Suite 164, East Ericville, VT 86908",42657.14,suspended,2021-11-24
3724,Brad,Lee,brad.lee@hotmail.com,484-493-6824,1992-05-12,"8638 Sarah Centers Suite 416, South Richardville, ID 00969",99326.68,active,2023-06-20
3725,Ray,Murphy,ray.murphy@hotmail.com,232-215-3780,1966-12-06,"04808 Leonard Shoal Suite 498, Wardview, WY 94979",162595.67,suspended,2021-01-25
3726,Melissa,Jackson,melissa.jackson@hotmail.com,986-338-4494,1982-05-24,"38992 Carroll Forks Suite 444, Kristinside, MH 98615",212547.25,active,2024-07-03
3728,Richard,Perez,richard.perez@gmail.com,764-560-8469,1954-08-24,"81637 Perez Corners, Allenborough, VI 73885",75627.11,suspended,2022-05-24
3729,Mary,Foster,mary.foster@hotmail.com,598-653-6841,1966-05-03,"0015 Mckenzie Gardens Suite 316, New Gregory, VA 42670",32717.09,suspended,2026-06-17
3730,Richard,Martinez,richard.martinez@gmail.com,451-791-6974,1946-10-14,"57120 Freeman Ridges, Port Casey, SC 70598",172729.88,active,2025-05-10
3732,Tim,Smith,tim.smith@hotmail.com,274-204-8869,1995-09-02,"967 Baker Row, Tonyashire, WI 30107",223959.09,active,2022-04-30
3733,Joshua,Benton,joshua.benton@yahoo.com,247-864-9563,1990-12-19,"PSC 6156, Box 3360, APO AA 89485",188239.31,active,2022-08-08
3734,Susan,Smith,susan.smith@hotmail.com,919-966-2843,1983-05-23,"231 James Forks, Crawfordchester, NY 37611",155640.62,active,2024-04-22
3735,Scott,Murillo,scott.murillo@gmail.com,560-924-8558,1956-11-06,"035 Jared Summit Suite 206, New Jennifer, MA 96233",129752.41,active,2025-02-23
3736,Alison,Smith,alison.smith@gmail.com,477-409-4498,2006-07-31,"16883 Charles Circles Suite 367, Allisonbury, ID 97928",151352.52,active,2026-07-27
3737,Erin,Baker,erin.baker@yahoo.com,434-247-3414,2007-04-23,"USCGC Patterson, FPO AP 52828",40407.35,active,2023-02-19
3738,Amanda,Gilbert,amanda.gilbert@gmail.com,936-573-7359,1974-11-13,"Unit 7370 Box 3877, DPO AA 57192",173019.47,inactive,2021-05-05
3743,Brenda,Howe,brenda.howe@hotmail.com,809-827-8845,1941-11-27,"053 Hall Mills, Lake Paulhaven, AZ 34275",219094.89,inactive,2025-06-08
3744,Kimberly,Frank,kimberly.frank@yahoo.com,337-439-7096,1979-02-18,"4452 Nathan Ferry, Bettyport, ND 01373",187847.06,inactive,2025-07-30
3745,Angela,Green,angela.green@hotmail.com,549-570-5253,1963-03-28,"05876 Aguirre Stream, Leahland, OH 37148",52357.71,suspended,2025-07-30
3746,Megan,Cruz,megan.cruz@hotmail.com,672-364-4720,2004-08-08,"78741 Mark Loop Apt. 262, Rodneyton, HI 45081",181026.14,active,2019-12-21
3747,Rebecca,Navarro,rebecca.navarro@hotmail.com,325-899-6937,1994-12-03,"USCGC Rogers, FPO AE 44438",189317.82,inactive,2023-05-15
3748,Timothy,Reyes,timothy.reyes@yahoo.com,432-448-5532,1939-05-01,"0321 Danielle Stravenue, West Marc, NE 11253",97498.88,inactive,2021-06-30
3749,Michael,Hill,michael.hill@hotmail.com,661-368-8080,1999-07-26,"1851 Hunt Spurs Apt. 762, New Douglasbury, NM 14866",201574.03,inactive,2026-05-18
3750,Anthony,Vargas,anthony.vargas@gmail.com,593-469-8875,1997-09-14,"Unit 3398 Box 0473, DPO AE 64822",136006.02,active,2022-08-17
3751,Kristin,White,kristin.white@yahoo.com,692-880-2002,1941-03-04,"8116 Maurice Loaf Suite 185, North Josephmouth, NV 61542",66065.89,active,2024-02-08
3753,Julie,Jones,julie.jones@gmail.com,508-715-6313,1982-02-04,"402 Davidson View Apt. 835, Campbellborough, MN 85116",174660.48,suspended,2025-11-12
3755,Ann,Jones,ann.jones@yahoo.com,612-351-8387,1947-03-21,"Unit 3924 Box 1337, DPO AE 25155",59277.9,suspended,2020-10-04
3757,Donald,Mcdonald,donald.mcdonald@yahoo.com,899-411-3356,1968-09-28,"215 Mayo Parkways, Montoyaview, VT 36686",124168.13,active,2022-06-14
3761,Tonya,Rowe,tonya.rowe@yahoo.com,678-229-2511,1948-06-03,"1171 Nash Square, Williamsonland, VT 94795",238589.89,suspended,2026-05-06
3762,Thomas,Hoover,thomas.hoover@gmail.com,380-258-6482,1947-09-28,"8158 Allison Meadow Apt. 393, Holmeston, NY 85418",191198.21,active,2024-01-23
3763,Steven,Andrews,steven.andrews@yahoo.com,555-226-9598,1985-05-24,"10004 Mann Cliff Suite 065, Blackshire, AZ 07719",227477.03,suspended,2026-08-13
3765,Tricia,Henderson,tricia.henderson@gmail.com,639-463-1144,1955-03-18,"0126 Julie Lodge Apt. 926, Chapmanbury, MS 18068",87768.07,suspended,2021-08-23
3766,Brett,Davis,brett.davis@gmail.com,621-661-1946,1949-10-27,"8763 Dylan Ramp, Keyhaven, DE 11126",181557.48,suspended,2023-01-28
3767,Andrea,Harris,andrea.harris@hotmail.com,509-431-5824,1955-04-13,"59135 Emily Gateway Suite 478, West Mark, RI 16828",94426.14,active,2021-06-27
3769,Jane,Kirby,jane.kirby@yahoo.com,956-928-9892,1985-05-26,"705 Mitchell Haven, Port Saraport, NM 42832",208989.57,suspended,2025-01-12
3770,Michael,White,michael.white@gmail.com,946-411-3953,1997-01-04,"PSC 6907, Box 0249, APO AP 15874",31239.26,active,2021-07-29
3771,Joshua,Garcia,joshua.garcia@hotmail.com,564-764-7772,1992-12-15,"8789 Simpson Knolls, Lake Patrick, AL 00572",187070.03,suspended,2025-01-11
3772,Joshua,Parsons,joshua.parsons@yahoo.com,636-821-2977,1975-05-31,"7942 Hensley Forks Suite 373, South Melinda, UT 75932",233054.07,active,2021-03-09
3774,Cole,Thomas,cole.thomas@yahoo.com,495-474-7621,1975-04-29,"40297 William Ports Suite 389, Johnsonchester, TN 34576",146121.63,active,2025-05-27
3775,Austin,Harris,austin.harris@yahoo.com,379-306-7960,2005-10-15,"8263 James Crossroad Suite 610, Jennifershire, SC 79111",230088.57,active,2022-06-24
3776,Deborah,Rodriguez,deborah.rodriguez@gmail.com,383-391-1484,1990-02-04,"9405 Laura Spurs Suite 159, Cassiechester, WV 08456",217464.51,suspended,2020-02-16
3777,John,Rivera,john.rivera@hotmail.com,762-214-2567,1971-08-16,"0610 Williams Trail, South Lindastad, IA 58282",239308.23,inactive,2020-04-21
3779,Jason,Sanchez,jason.sanchez@hotmail.com,661-675-1316,2006-06-05,"836 Rasmussen Canyon, Kingville, PR 72872",222593.24,active,2025-11-18
3780,Amy,Arnold,amy.arnold@gmail.com,656-997-1644,1972-10-20,"571 Morrow Roads Apt. 075, Mariaside, MT 85726",215174.24,suspended,2024-07-04
3782,George,Kaufman,george.kaufman@gmail.com,459-486-7172,1967-07-13,"410 Meredith Squares, New Richard, VA 98927",146221.0,active,2024-08-16
3783,William,Smith,william.smith@yahoo.com,776-485-8267,1969-03-03,"031 Rodriguez Estates, Lake Ryan, SD 69469",114177.34,active,2024-11-21
3784,Christopher,Bowers,christopher.bowers@yahoo.com,752-427-1532,1958-11-19,"7836 Tiffany Pines, East Jeffreymouth, UT 29361",182598.11,inactive,2026-08-16
3786,Diane,Michael,diane.michael@gmail.com,430-330-8569,1989-01-18,"24365 Stephanie Court, North Anthonyview, MA 23893",173558.58,inactive,2019-11-26
3787,Rebecca,Williams,rebecca.williams@yahoo.com,270-951-9694,1992-07-12,"911 Wilson Parkways, New Lindaville, CO 91430",200538.71,active,2020-08-13
3788,Bryan,Wiley,bryan.wiley@yahoo.com,505-990-8032,1977-06-20,"22501 Theresa Parkway Suite 508, South Taylor, AZ 26075",31208.93,inactive,2026-02-23
3790,Walter,Key,walter.key@yahoo.com,859-511-6831,1993-10-13,"09583 Ryan Garden Suite 912, Rogersbury, MT 98155",234945.17,suspended,2020-06-25
3791,Jack,Mclean,jack.mclean@yahoo.com,838-966-7121,1964-10-20,"2334 Morgan Valley, South Andreastad, VA 55775",23193.67,suspended,2023-09-18
3792,James,Lucas,james.lucas@yahoo.com,759-645-5937,2008-08-23,"588 Craig Landing Suite 771, Holdenmouth, MP 59655",199166.33,inactive,2021-01-04
3793,Michael,Simmons,michael.simmons@yahoo.com,572-971-7763,1941-07-28,"PSC 7106, Box 1042, APO AE 33254",205920.23,active,2021-02-16
3794,Andrew,Clark,andrew.clark@hotmail.com,758-210-2692,1993-06-23,"682 Marc Village, Herreratown, VA 61703",143439.93,active,2026-03-08
3795,Sarah,Pearson,sarah.pearson@hotmail.com,369-390-2273,1955-04-25,"9008 Sanchez Station, Murphyton, WA 58012",218714.27,inactive,2026-02-28
3796,Kenneth,Warren,kenneth.warren@yahoo.com,233-486-5244,1987-04-29,"94469 Ricardo Extensions Suite 395, New Tamarahaven, CT 94162",138371.49,active,2019-09-25
3797,Madison,Ferguson,madison.ferguson@gmail.com,377-360-6709,1956-03-25,"55299 Steven Mountains Suite 135, Wilsonfurt, AK 08161",230480.29,active,2024-02-27
3798,Christopher,Garcia,christopher.garcia@gmail.com,206-371-5008,1990-03-10,"718 Barrett Turnpike Suite 892, North Audrey, WI 59573",97369.64,active,2024-09-27
3799,Stephanie,Taylor,stephanie.taylor@yahoo.com,867-539-6636,1994-11-18,"90625 Brenda Trail, Rickyfurt, TN 52252",207478.56,active,2022-06-27
3800,Adam,Stephenson,adam.stephenson@gmail.com,946-431-6531,1998-07-06,"55288 Gonzalez Route, Anthonytown, KS 15579",80976.94,suspended,2019-10-01
3801,Bonnie,Thompson,bonnie.thompson@yahoo.com,431-614-9262,1947-06-05,"177 James Parks Suite 309, West Rachelborough, WV 07849",198521.38,suspended,2026-04-23
3802,Darrell,Garza,darrell.garza@yahoo.com,718-294-8801,1983-02-21,"7048 Yang Island Apt. 231, Port Shannon, PW 99373",60790.08,active,2024-05-07
3803,Kelsey,Carter,kelsey.carter@yahoo.com,603-367-7991,1982-04-09,"6503 Garcia Street, North Toddside, NY 29546",47362.32,suspended,2023-12-03
3804,Patricia,Hernandez,patricia.hernandez@hotmail.com,777-964-9820,2006-04-21,"20215 Richard Walks, North Timothy, TX 56277",239960.31,active,2022-10-17
3805,Gina,Armstrong,gina.armstrong@hotmail.com,475-970-5427,1997-09-16,"718 Dyer Turnpike Suite 250, South Melissamouth, IA 56051",38083.42,suspended,2025-04-07
3806,Matthew,Kramer,matthew.kramer@yahoo.com,998-541-7435,2003-07-14,"231 Rodriguez Branch Apt. 783, East Markmouth, CA 81606",87498.64,suspended,2021-09-13
3807,Brian,Barker,brian.barker@hotmail.com,337-257-2931,1954-10-06,"176 Hunter Parkways Apt. 883, Flowerstown, MT 09374",49666.73,inactive,2019-10-15
3810,Gwendolyn,Rosales,gwendolyn.rosales@hotmail.com,779-408-8342,1951-03-13,"87717 Calderon Lane, West Tracy, AL 26017",93901.32,active,2025-08-22
3811,Maria,Romero,maria.romero@hotmail.com,385-605-8312,1956-02-16,"00738 Murphy Highway, South Aaron, DE 17827",34875.0,active,2025-03-13
3812,Tamara,Burnett,tamara.burnett@hotmail.com,581-437-7566,1999-09-26,"224 Russell Ridge Apt. 487, Schneiderfurt, AZ 13170",46440.16,inactive,2021-04-13
3813,Jeffrey,Johnson,jeffrey.johnson@hotmail.com,613-254-3143,1984-02-09,"45311 Webster Coves Apt. 652, Port Stephen, UT 01724",157761.28,inactive,2021-05-16
3816,John,Mclean,john.mclean@gmail.com,475-522-3251,1994-06-28,"96839 Gary Union, New Shannon, NM 95514",78047.03,active,2020-09-14
3818,Michaela,Mitchell,michaela.mitchell@hotmail.com,296-477-4438,2007-10-21,"8367 Ramirez Overpass, East Susan, MA 59686",177794.57,active,2023-02-13
3819,Danny,Reilly,danny.reilly@yahoo.com,855-307-5907,1999-09-10,"USNV Nelson, FPO AA 71287",70783.34,active,2020-02-27
3821,Joseph,Lopez,joseph.lopez@hotmail.com,821-461-4561,1966-11-16,"24700 Jackson Springs Suite 547, East Brandonmouth, IN 12060",208913.24,active,2019-11-23
3822,Patrick,Williams,patrick.williams@gmail.com,758-441-5167,2000-04-24,"2399 Little Lock, Ponceborough, DC 82292",157478.73,suspended,2021-01-20
3823,Ashley,Herrera,ashley.herrera@hotmail.com,312-804-3954,1979-11-13,"599 Michael Pines Suite 194, West Robert, LA 89975",181381.74,active,2020-08-18
3824,Robin,Townsend,robin.townsend@gmail.com,647-424-9437,1981-07-22,"46700 Rodriguez Manors, New Laura, NM 31766",113775.7,suspended,2020-08-05
3826,Cheryl,Dudley,cheryl.dudley@hotmail.com,640-562-2560,1955-10-21,"5240 Charles Lakes, Angelshire, TN 31716",97468.99,suspended,2020-06-03
3827,Mark,Kelley,mark.kelley@yahoo.com,548-678-9894,2003-07-26,"0153 Susan Pike Suite 928, Port Brenda, PA 16797",165743.7,inactive,2024-10-27
3829,Amanda,Acosta,amanda.acosta@yahoo.com,743-396-9871,1942-09-25,"760 Luis Mountains, New Joshua, MH 19574",56138.77,inactive,2020-10-08
3830,Justin,Olson,justin.olson@gmail.com,927-689-3211,1945-12-10,"7283 Jeffrey Summit Apt. 260, East Derek, TN 58893",107805.84,active,2021-10-12
3833,Brianna,Tate,brianna.tate@hotmail.com,282-799-7419,1980-02-01,"293 Ramos Place, Mariaview, MI 45540",55467.61,active,2022-07-01
3834,Joseph,Moss,joseph.moss@yahoo.com,419-320-3624,1993-03-17,"97372 Hart Estates Apt. 348, East Todd, MI 49248",136388.97,inactive,2024-08-16
3836,Daniel,Heath,daniel.heath@yahoo.com,803-978-5127,1971-10-22,"967 Combs Bypass Suite 717, West Christyland, SD 71267",213540.24,suspended,2024-07-26
3838,Dominic,Donovan,dominic.donovan@hotmail.com,787-379-1187,1982-11-27,"17382 Crystal Trail, Port Randyfurt, SC 73414",192949.54,suspended,2020-04-17
3839,Heather,Day,heather.day@yahoo.com,603-374-8264,1945-09-13,"99648 Lang Ranch Suite 568, New Garyshire, WV 44019",26826.15,inactive,2021-12-31
3840,Audrey,Nixon,audrey.nixon@gmail.com,390-434-6267,1972-12-10,"Unit 2984 Box 9383, DPO AA 02364",231757.82,inactive,2026-09-05
3844,Aaron,Lopez,aaron.lopez@yahoo.com,505-674-2534,1996-08-18,"884 Roberta Common, Lake Valerie, RI 60730",37279.26,suspended,2024-11-19
3845,John,Ibarra,john.ibarra@gmail.com,205-911-1766,1988-10-05,"Unit 3888 Box 9312, DPO AP 92701",111211.59,active,2022-05-25
3846,Alan,Marks,alan.marks@hotmail.com,672-697-1610,1961-03-31,"61601 Elizabeth Road, Hernandezside, RI 83228",89122.32,inactive,2025-01-26
3847,Stacy,Joseph,stacy.joseph@gmail.com,901-966-7848,1972-10-15,"15106 Melissa Rapid, Mortonport, OK 63697",202471.67,active,2025-06-09
3850,Michael,Olson,michael.olson@yahoo.com,633-292-8285,1990-10-06,"27509 Solomon Viaduct, Xavierland, NM 87787",201408.04,suspended,2023-08-22
3851,Tina,Burgess,tina.burgess@gmail.com,889-313-4368,1995-07-17,"Unit 0161 Box 6876, DPO AE 96959",236234.61,active,2024-03-07
3852,Anthony,Washington,anthony.washington@yahoo.com,212-858-5243,1971-11-18,"5848 Richard Rapid Apt. 701, Port William, OH 71965",80851.37,inactive,2025-05-25
3853,Curtis,Thomas,curtis.thomas@yahoo.com,340-404-2624,1969-08-23,"33586 Jason Way, Lake David, GU 38736",104377.85,inactive,2023-04-28
3856,Janet,Graham,janet.graham@yahoo.com,457-818-5789,1970-11-02,"026 Carter Points Suite 117, Alvaradochester, DE 19816",57973.49,active,2024-05-06
3857,Juan,Frye,juan.frye@hotmail.com,271-684-6370,1983-10-21,"976 Turner Meadow Apt. 659, East Andreaburgh, NJ 60131",208553.26,active,2021-11-16
3859,Lisa,Barnett,lisa.barnett@gmail.com,778-393-3825,1953-02-04,"76835 Tara Streets, East Toddview, HI 99182",84551.1,active,2019-10-12
3860,Brandon,Roberts,brandon.roberts@hotmail.com,320-519-9607,2004-12-31,"17057 Nicholas Park Suite 983, Port Melissaberg, VA 98389",116855.78,inactive,2024-10-16
3861,Brandon,Johnson,brandon.johnson@gmail.com,279-987-9129,1939-06-25,"9001 Rhonda Ville Suite 323, Bryanshire, RI 44912",55344.45,inactive,2023-09-08
3864,Maureen,Olson,maureen.olson@yahoo.com,578-963-4692,1939-05-16,"1523 Gonzales Unions, Salinastown, AL 74883",102027.07,active,2020-09-02
3865,Alyssa,Nelson,alyssa.nelson@yahoo.com,781-242-5601,1971-03-12,"7633 Jacob Islands, Sonyaborough, SD 28572",170783.6,active,2020-05-29
3866,Russell,Stuart,russell.stuart@gmail.com,644-951-5361,1990-12-11,"0207 Sean Mountains Apt. 668, East Christophermouth, NE 02629",32034.68,active,2020-11-24
3868,Joshua,Hooper,joshua.hooper@yahoo.com,959-474-3857,1980-08-14,"615 Jacob Points, Lynchside, FM 20441",38284.2,active,2021-04-12
3869,Robert,Thompson,robert.thompson@yahoo.com,670-682-9132,1983-09-16,"4194 Osborn Vista Apt. 890, Reyesbury, MT 31032",203420.85,active,2024-01-20
3870,Joseph,Perkins,joseph.perkins@gmail.com,688-746-2272,1956-07-09,"69313 John Flats Suite 528, West Elizabethborough, HI 97584",76130.75,inactive,2024-03-18
3871,Kathleen,Scott,kathleen.scott@yahoo.com,700-863-7726,2004-03-20,"4946 Krystal Wells, Lake William, OH 15364",52000.0,inactive,2023-04-07
3872,Mark,Peck,mark.peck@gmail.com,717-735-5291,1988-10-07,"0794 Scott Square Apt. 608, East Mauriceton, MO 04518",79229.24,inactive,2021-07-28
3873,Eric,Jensen,eric.jensen@hotmail.com,945-584-2349,2004-02-06,"8971 Alvarez Lodge, Baileyfurt, GU 43667",138375.55,active,2022-03-29
3874,Antonio,Patton,antonio.patton@gmail.com,625-462-7784,1950-03-20,"19797 Turner Rue, Smithport, UT 73478",206495.69,active,2022-09-28
3876,Warren,Soto,warren.soto@gmail.com,612-594-7735,1975-09-14,"2284 Mitchell Radial, Boydville, IL 55844",100754.28,suspended,2023-05-09
3877,Susan,Jones,susan.jones@yahoo.com,784-234-1979,1941-09-20,"PSC 8044, Box 6358, APO AE 06080",51111.9,inactive,2019-11-08
3878,Julie,Banks,julie.banks@yahoo.com,611-212-1061,1946-04-10,"USNS Bishop, FPO AA 13843",190509.75,inactive,2024-10-23
3879,Joseph,Garcia,joseph.garcia@gmail.com,914-665-7308,1978-09-07,"Unit 9058 Box 8841, DPO AP 26189",22536.32,active,2026-03-23
3880,Stephanie,Schultz,stephanie.schultz@hotmail.com,970-638-1545,1976-02-06,"PSC 6313, Box 4946, APO AE 61599",92916.33,active,2022-01-23
3882,Melinda,Miller,melinda.miller@yahoo.com,605-694-8209,1989-09-27,"9704 Christian Wall Apt. 060, Margaretshire, MA 41127",165823.56,active,2026-05-19
3883,John,Erickson,john.erickson@hotmail.com,917-323-9978,1972-05-26,"99387 Harris Alley, Carterland, KS 69641",225129.54,active,2021-05-26
3884,Shannon,Whitaker,shannon.whitaker@gmail.com,630-620-8788,1942-10-06,"92018 Brown Tunnel, Walshside, ID 19869",220291.85,suspended,2024-08-16
3885,Karen,Hernandez,karen.hernandez@yahoo.com,829-216-9386,1983-06-20,"2801 Fernandez Bypass, Allenburgh, PW 68469",118371.08,suspended,2025-10-09
3886,Daniel,Andrews,daniel.andrews@yahoo.com,536-423-9231,1963-03-16,"7218 Ryan Keys, Lake Matthewstad, FM 49051",186703.91,suspended,2021-11-07
3887,Jesus,Hester,jesus.hester@gmail.com,596-682-4362,1955-01-24,"7161 Taylor Mount, Stewartshire, MA 34458",145126.33,active,2026-02-27
3888,Natalie,Shelton,natalie.shelton@hotmail.com,913-727-9252,1981-05-12,"18698 Nicole Trail Apt. 185, New Sarah, AR 03767",185818.43,inactive,2024-10-14
3889,Natasha,Lowe,natasha.lowe@yahoo.com,852-530-1358,2006-07-15,"468 Morales Cove, Shortville, DE 70688",205333.04,suspended,2023-02-25
3890,Nathan,Johnson,nathan.johnson@gmail.com,341-342-2932,1981-07-16,"207 Scott Square, Moralesstad, TN 62543",172172.19,active,2020-04-12
3891,Patricia,Franklin,patricia.franklin@yahoo.com,632-983-2273,1985-02-26,"41386 Jones Lights, Davilabury, SD 63084",139004.44,inactive,2020-05-23
3893,Carmen,Munoz,carmen.munoz@gmail.com,611-981-3668,1940-04-14,"486 Jeffery Corner, North Jamesmouth, PW 68640",146289.46,suspended,2025-11-25
3895,Mark,Hill,mark.hill@yahoo.com,889-780-9790,1953-06-16,"662 Patricia Stravenue, North Jamesmouth, IN 51743",224568.5,inactive,2025-10-13
3896,James,Chan,james.chan@hotmail.com,357-628-6289,1997-12-05,"Unit 5708 Box 1518, DPO AP 02111",232402.16,active,2020-05-19
3898,Michael,Walker,michael.walker@gmail.com,515-825-5299,1960-10-18,"6897 Charles Falls, Floresland, KY 69102",56098.68,suspended,2021-12-09
3899,Caitlin,Brown,caitlin.brown@yahoo.com,230-411-9774,1982-07-03,"653 Bradley Harbor, Kingland, TN 94947",170505.84,suspended,2024-11-29
3901,Joshua,Li,joshua.li@gmail.com,908-219-2850,1947-01-20,"29439 Garcia Summit, Tonyaville, AR 19970",80665.49,suspended,2019-12-09
3902,Mary,Powers,mary.powers@hotmail.com,903-860-9827,1953-12-04,"290 Natalie Hollow Apt. 177, Claireville, OK 23429",150936.8,active,2021-12-27
3903,Sara,Harris,sara.harris@yahoo.com,751-649-4110,1953-05-07,"09670 Paige Road, North Karenshire, VI 80326",18442.17,inactive,2022-11-14
3905,Gregory,Wong,gregory.wong@hotmail.com,874-451-1889,1942-01-30,"9006 Herring Lock, Gregoryfort, IA 39959",172817.19,suspended,2023-07-26
3906,Michael,Ramos,michael.ramos@yahoo.com,677-942-9827,1947-11-04,"731 Christopher Forge Suite 492, Annafort, KY 42407",42785.42,inactive,2025-11-02
3908,Dustin,Page,dustin.page@hotmail.com,894-316-6631,1949-03-09,"84674 Theodore Heights Apt. 187, Garciafort, PA 03406",214032.26,suspended,2024-03-12
3909,Amber,King,amber.king@gmail.com,305-588-5138,1956-09-01,"7115 Trevor Squares, South Cynthiaborough, WV 56292",213911.52,suspended,2026-02-06
3910,Christopher,Key,christopher.key@gmail.com,869-723-2526,1943-11-10,"63223 Jackson Parkways Apt. 979, Port Danland, IL 03953",90942.0,active,2025-02-02
3911,Thomas,Ewing,thomas.ewing@yahoo.com,323-794-4482,1968-06-07,"1979 Buchanan Ranch Suite 816, South Noah, CT 99813",225995.3,active,2026-03-01
3916,Jesus,Robbins,jesus.robbins@hotmail.com,668-350-9459,1949-06-09,"793 Mason Viaduct, Erikmouth, CA 11076",130696.6,inactive,2026-06-20
3917,Renee,Anderson,renee.anderson@yahoo.com,388-856-8650,1978-04-17,"128 Timothy Island, Barrettstad, ID 80048",158158.78,active,2020-05-06
3918,Ashley,Castro,ashley.castro@gmail.com,636-467-4530,2001-12-10,"Unit 6732 Box 6426, DPO AP 54910",226027.15,suspended,2021-12-25
3920,Todd,Graham,todd.graham@yahoo.com,215-770-1542,1973-07-14,"605 King Crest Apt. 106, Longton, VA 20617",135745.2,active,2025-03-13
3921,Chloe,Valencia,chloe.valencia@gmail.com,939-997-6900,1987-02-26,"35609 Charles Green Apt. 681, South Courtneyshire, MP 98152",238726.92,inactive,2025-05-03
3922,Michael,Smith,michael.smith@gmail.com,487-475-4577,1991-03-27,"262 Thomas Brooks, Wendyport, IL 20690",90386.11,suspended,2023-09-19
3923,Stephanie,Cortez,stephanie.cortez@gmail.com,857-459-6472,1974-06-21,"Unit 7846 Box 2406, DPO AP 68222",239627.0,suspended,2024-08-14
3924,James,Hayes,james.hayes@yahoo.com,283-382-1179,1965-03-23,"587 Laura Forest Apt. 710, Nicholaston, WA 03435",181344.2,inactive,2026-08-13
3925,Robert,David,robert.david@gmail.com,505-366-7126,1949-04-24,"9524 Cynthia Park Suite 155, South Martinchester, KS 40631",65718.82,suspended,2025-01-30
3927,Yvette,Joseph,yvette.joseph@yahoo.com,764-472-8394,2007-11-22,"226 Stout Manors, Walterburgh, MT 49709",107925.33,suspended,2024-08-19
3928,Dennis,Perez,dennis.perez@yahoo.com,824-585-8354,2003-06-03,"PSC 1781, Box 4808, APO AP 92887",18170.75,inactive,2023-11-18
3929,Stacey,Ward,stacey.ward@hotmail.com,800-641-3721,1986-12-16,"46921 Melanie Forges Suite 875, Hillland, GA 23266",27330.36,inactive,2022-06-22
3930,Jennifer,Kennedy,jennifer.kennedy@yahoo.com,461-713-2296,1988-10-01,"4718 Cunningham Shoals Apt. 390, Benjaminton, NY 53955",173380.54,inactive,2021-12-01
3932,Brandi,Rogers,brandi.rogers@yahoo.com,759-350-2947,1984-04-17,"412 Perry Square, Lake Brandon, OH 43298",96205.75,suspended,2020-12-17
3935,Derek,Boyd,derek.boyd@yahoo.com,674-818-9666,1974-07-02,"809 Jean Glen Suite 260, Jadeville, WA 97650",108521.08,suspended,2022-02-28
3936,Wayne,Wood,wayne.wood@yahoo.com,581-795-6085,2002-01-31,"1372 Daniel Expressway Apt. 144, Bautistachester, NE 66587",143862.37,inactive,2025-03-26
3939,Dana,Davis,dana.davis@yahoo.com,211-593-7831,1953-01-30,"03749 David Drive, New Roberthaven, WI 51137",106390.44,inactive,2025-03-28
3940,Benjamin,Steele,benjamin.steele@yahoo.com,875-606-1531,1957-08-18,"1555 Taylor Spurs Apt. 947, Parkerchester, PR 92768",216143.95,inactive,2020-02-21
3942,Peter,Glenn,peter.glenn@yahoo.com,453-420-6252,1954-07-31,"510 Collin Walk, North William, AS 04888",184832.03,suspended,2020-07-14
3943,John,Smith,john.smith@gmail.com,386-407-5134,1965-11-10,"6968 Dennis Manors Suite 108, New Donnaland, AL 62084",175645.66,inactive,2022-03-14
3945,Lindsay,Jones,lindsay.jones@gmail.com,737-376-1800,1986-07-13,"0583 Tamara Rue Suite 943, Mitchellstad, AR 56812",134163.12,inactive,2023-10-29
3947,Joseph,Garcia,joseph.garcia@yahoo.com,944-483-2500,1991-09-08,"4330 Phillips Terrace, Hudsonstad, CT 36668",107344.11,active,2019-12-17
3948,William,Cruz,william.cruz@hotmail.com,733-873-6067,2008-04-19,"6393 Bryan Valley, Lake Eric, VI 10015",162826.46,suspended,2025-12-08
3949,Christopher,Wells,christopher.wells@yahoo.com,608-350-2103,1946-01-14,"7317 Bautista Turnpike, North Matthewville, WI 91559",230361.65,inactive,2021-06-14
3951,Lauren,Mccoy,lauren.mccoy@hotmail.com,728-788-9121,2007-03-14,"59412 Albert Underpass Suite 567, Larrymouth, VA 64655",89350.17,suspended,2024-05-23
3952,Barry,Foster,barry.foster@gmail.com,335-233-9849,1959-12-06,"85160 Daniel Circles Apt. 442, New Sandra, ME 43947",114520.88,inactive,2021-05-30
3955,Kathryn,Stevenson,kathryn.stevenson@hotmail.com,559-300-3523,1987-09-29,"0098 Jessica Plains, Williamsfort, FL 10483",238518.41,inactive,2022-11-27
3958,Kenneth,White,kenneth.white@hotmail.com,967-440-8662,2008-04-22,"64843 Martinez Knolls Suite 626, West Matthewhaven, MN 47032",72613.09,active,2025-09-23
3961,Cory,Johnson,cory.johnson@hotmail.com,219-514-4694,1980-12-01,"12652 Aaron Centers, Campbellside, OH 87138",44754.55,active,2023-11-26
3962,Desiree,Mendoza,desiree.mendoza@gmail.com,274-872-4181,1980-03-02,"43800 Ortiz Isle Apt. 539, South Eric, FM 32171",125039.94,suspended,2024-02-26
3963,Kaylee,Walls,kaylee.walls@gmail.com,299-213-1849,1980-05-14,"549 Jordan Lake Apt. 054, Brettborough, FL 48763",128156.54,inactive,2022-02-22
3964,Steven,Miller,steven.miller@gmail.com,458-840-9667,1991-01-26,"7269 Michael Fords, North Carolyn, SD 53558",31788.39,suspended,2024-10-12
3965,Robert,Hayes,robert.hayes@gmail.com,980-879-3938,2000-12-18,"0120 Melissa Haven, South Michaelhaven, NY 21585",232451.6,active,2020-03-24
3966,David,Mendoza,david.mendoza@hotmail.com,836-962-2162,1946-05-05,"931 Palmer Isle Suite 873, Brianstad, IN 71291",149154.56,suspended,2022-12-10
3967,Randy,Mendoza,randy.mendoza@hotmail.com,415-670-1660,1965-04-01,"37379 Giles View Apt. 803, Ramosville, VT 75872",60152.76,suspended,2024-07-06
3968,Sara,Ray,sara.ray@hotmail.com,285-905-7730,1992-03-14,"12357 Susan Flat Suite 970, West Brandon, FL 49790, SSN 523-22-4630",81627.68,suspended,2023-05-22
3970,Amber,Short,amber.short@hotmail.com,993-430-6164,1971-05-18,"PSC 0932, Box 0796, APO AA 38823",236990.81,active,2025-03-28
3971,Jenny,Cannon,jenny.cannon@gmail.com,546-793-6728,1946-08-18,"2539 Connie Track Suite 525, North Katherineborough, AR 71816",190581.06,suspended,2021-05-29
3972,Barbara,Pope,barbara.pope@gmail.com,844-234-6853,2002-04-19,"Unit 7602 Box 7870, DPO AE 33256",37941.91,suspended,2021-05-25
3973,Dean,Moody,dean.moody@hotmail.com,751-807-6687,1987-04-06,"630 Jasmine Road, New Madison, NC 96792",35417.45,inactive,2024-10-25
3974,Michelle,Marshall,michelle.marshall@yahoo.com,461-237-2202,1974-04-15,"48988 John Dam Apt. 750, Zunigaton, UT 77887",141952.46,inactive,2024-07-10
3975,Kelly,Cordova,kelly.cordova@gmail.com,552-554-9922,1963-01-15,"695 Meghan Fort, New Davidview, GA 74547",182721.25,suspended,2026-09-01
3976,Richard,Bright,richard.bright@gmail.com,955-765-7099,1942-08-11,"638 Phillips Villages Apt. 078, East Shannonview, RI 16545",78217.17,suspended,2025-08-12
3977,Thomas,Nguyen,thomas.nguyen@yahoo.com,454-816-2916,1973-06-28,"USNS Robinson, FPO AP 09031",222645.26,active,2022-07-31
3978,Robert,Thomas,robert.thomas@gmail.com,464-370-2200,1950-09-07,"1856 John Ford, North Richard, HI 76635",81282.53,suspended,2021-03-02
3979,Brandon,Young,brandon.young@gmail.com,452-711-4233,1986-08-22,"PSC 4709, Box 4195, APO AE 26138",216199.04,active,2026-07-17
3980,Brian,Evans,brian.evans@yahoo.com,218-979-5073,1960-04-15,"035 Danielle Lakes, Lucaston, PR 73052",152133.95,suspended,2023-08-02
3982,Robert,Green,robert.green@hotmail.com,413-981-7719,1955-11-22,"25798 Megan Expressway Apt. 316, Port Jamesside, VT 80734",188314.0,suspended,2022-05-23
3985,Dustin,Quinn,dustin.quinn@hotmail.com,905-603-6512,1960-03-16,"781 Thompson Creek Suite 276, Denisemouth, NV 03323",52953.42,suspended,2026-07-18
3986,Tim,Hernandez,tim.hernandez@hotmail.com,591-489-8165,1978-05-18,"3502 Justin Corner, South Debraville, PR 35041",175463.26,active,2025-09-01
3987,Nancy,Zavala,nancy.zavala@hotmail.com,550-938-7840,1990-06-02,"Unit 4558 Box 2009, DPO AA 99659",47337.56,active,2024-01-11
3988,Caleb,Martinez,caleb.martinez@yahoo.com,708-381-9009,1991-08-30,"1946 Wright Mountain, New Edwinhaven, TN 62230",206700.93,suspended,2019-11-25
3989,Cathy,Holmes,cathy.holmes@gmail.com,980-987-8077,1963-03-11,"323 Proctor Mill, New Andreastad, IL 39580",126198.81,suspended,2026-01-31
3991,Christine,Callahan,christine.callahan@hotmail.com,813-916-2518,1947-09-26,"16188 Kyle Throughway, North Jacquelineburgh, FM 09085",138069.01,suspended,2025-05-13
3992,Donna,Cruz,donna.cruz@gmail.com,672-637-9514,1946-07-18,"1029 Ruiz Manor, Gonzalestown, ID 37749",62331.66,active,2023-07-09
3993,Ashley,Lee,ashley.lee@yahoo.com,302-298-6493,1973-09-22,"483 Cox Inlet, New Matthewport, FM 64412",137239.28,suspended,2022-06-09
3996,William,King,william.king@gmail.com,350-218-6137,1947-05-10,"17381 Carlos Pike Suite 332, Kristinaville, MA 87011",68147.64,inactive,2024-11-25
3999,Lisa,Wells,lisa.wells@gmail.com,855-401-2309,1947-10-15,"Unit 4227 Box 0955, DPO AA 60171",116522.06,active,2025-02-20
4000,Natalie,Stokes,natalie.stokes@gmail.com,963-275-6553,1982-09-29,"536 Angela Meadows, Jeffreybury, MP 71904",179881.22,inactive,2022-04-21
4001,Gregory,Garcia,gregory.garcia@yahoo.com,697-596-7687,1984-04-07,"129 Glass Glen Apt. 153, New Danielfort, VA 07891",47364.06,inactive,2021-12-16
4002,Linda,Lee,linda.lee@yahoo.com,534-919-7159,1992-07-25,"2724 Gibson Bridge, Ruizstad, AL 59943",222872.5,inactive,2023-11-25
4003,Calvin,Thomas,calvin.thomas@hotmail.com,341-967-7297,1987-11-15,"65557 Randolph Lodge Apt. 120, Port Michaelmouth, TX 41989",34355.28,suspended,2026-07-13
4005,Catherine,Lewis,catherine.lewis@yahoo.com,597-729-7574,2008-02-29,"2384 Spencer Curve, Lake Edward, OR 02150",28748.95,active,2024-04-04
4006,Collin,Ruiz,collin.ruiz@gmail.com,414-569-7965,1973-05-28,"118 Boyd Radial Apt. 839, Kaylaborough, KY 82741",70992.73,active,2024-01-12
4007,Mathew,Barton,mathew.barton@hotmail.com,332-948-9698,1975-06-01,"403 Webster Ways, Angelahaven, NH 01355",214936.07,suspended,2026-03-10
4008,Johnathan,Austin,johnathan.austin@gmail.com,413-994-6056,1950-08-26,"732 Jodi Islands, New Sabrinaton, RI 54804",148484.57,active,2021-11-15
4009,Tamara,Lopez,tamara.lopez@gmail.com,244-806-2937,1989-04-14,"593 John Flat, South Erin, NM 27302",237432.93,active,2020-02-08
4011,Matthew,Freeman,matthew.freeman@yahoo.com,547-361-4277,1954-02-13,"3006 Peter Mountain, West Lindafort, AR 39000",188361.15,inactive,2023-09-28
4012,Mary,Moreno,mary.moreno@hotmail.com,782-678-7007,1940-10-13,"891 Christine Roads Suite 763, Lake Donna, NM 79462",69340.88,active,2022-07-10
4013,Ashley,Allen,ashley.allen@gmail.com,601-242-1811,1957-02-26,"USCGC Mueller, FPO AE 32448",156368.38,active,2024-08-03
4014,Mary,Gonzalez,mary.gonzalez@yahoo.com,336-674-6715,1970-01-31,"9191 Larson Mountain, Port Martinshire, MH 88897",221625.38,inactive,2026-03-14
4015,Seth,Garcia,seth.garcia@hotmail.com,463-479-3245,1982-03-16,"1362 Rebecca Land, Meyerland, OK 01714",27733.53,inactive,2023-01-28
4016,John,Anderson,john.anderson@gmail.com,819-488-5674,1941-08-30,"186 Grimes Mountains Apt. 941, Traceyfort, GA 33629",223511.81,active,2020-06-09
4017,Christopher,Jenkins,christopher.jenkins@yahoo.com,327-770-1266,1962-08-07,"3698 Connie Keys Apt. 405, West Tyler, LA 75219",157998.02,active,2025-09-01
4019,Tamara,Jackson,tamara.jackson@yahoo.com,489-980-6409,1989-09-25,"39625 Scott Plaza Apt. 271, Jacobberg, NV 31268",106386.39,inactive,2023-07-04
4020,Timothy,Trevino,timothy.trevino@gmail.com,811-902-7078,1994-08-14,"86171 Hart Fields Apt. 581, Huntertown, WI 47545",51168.59,inactive,2024-10-19
4021,Eric,Schneider,eric.schneider@yahoo.com,253-522-7674,1953-05-20,"8354 Charles Crescent Apt. 579, Davisview, LA 03531",102334.73,active,2021-02-17
4022,Bruce,Ellis,bruce.ellis@hotmail.com,630-342-6072,1972-01-21,"15227 Daniel Springs Suite 465, Sharonfurt, MN 31524",138270.89,active,2025-07-13
4025,Marcus,Brown,marcus.brown@hotmail.com,697-463-2195,2006-04-04,"446 Robinson Brooks Apt. 912, New Tracymouth, PW 68610",33063.04,active,2025-11-20
4026,Jason,Howard,jason.howard@gmail.com,633-708-2538,1947-09-29,"620 Stephen Ports Suite 934, East Ashley, NC 02662",88159.41,active,2025-09-02
4027,Travis,Taylor,travis.taylor@hotmail.com,650-785-2013,1977-07-30,"5017 Bailey Mission, Antonioland, MT 83423",100899.17,active,2020-10-11
4028,Linda,Richard,linda.richard@hotmail.com,276-414-5018,1985-10-04,"66409 Castro Crescent Apt. 003, Port Alyssaville, UT 78578",149142.2,inactive,2023-04-18
4030,Anthony,Roy,anthony.roy@hotmail.com,418-299-6240,1941-10-29,"296 Jennifer Haven Suite 208, Hallside, ME 29409",172156.05,inactive,2022-08-02
4031,Dominic,Garcia,dominic.garcia@yahoo.com,526-940-8540,1956-05-06,"97682 Anderson Gardens Apt. 547, Robynburgh, WY 84996",45330.03,suspended,2026-01-27
4032,Catherine,Kelly,catherine.kelly@yahoo.com,852-789-9708,2001-07-10,"3835 Ryan Key Suite 139, South Danielleview, VI 33437",106324.84,suspended,2020-10-18
4033,John,Duncan,john.duncan@hotmail.com,794-419-8039,1981-10-01,"22123 Stafford Branch, East Cynthia, SD 91405",91281.69,active,2022-02-22
4035,Renee,Vazquez,renee.vazquez@yahoo.com,605-760-1113,1958-06-30,"3238 Lee Route Suite 736, Dustinmouth, ND 44361",101084.68,inactive,2021-07-10
4036,Jennifer,Marks,jennifer.marks@hotmail.com,554-425-1384,2004-04-13,"043 Guzman Mill, Stephanieburgh, WA 28283",206159.42,suspended,2024-08-07
4037,Angela,Brown,angela.brown@hotmail.com,471-450-1097,2000-09-26,"180 Regina Hills, Markberg, VT 59413",196867.78,active,2020-08-08
4042,Cheyenne,Sanchez,cheyenne.sanchez@hotmail.com,807-868-4061,1974-12-16,"3623 Heather Trace, Moraleston, UT 61065",75339.78,inactive,2019-10-05
4043,Garrett,Melendez,garrett.melendez@hotmail.com,836-926-3612,1966-03-23,"521 Thomas Forges Suite 639, Shellyside, NM 37456",67691.23,suspended,2024-01-11
4044,Jacob,King,jacob.king@hotmail.com,247-339-4904,1978-05-11,"342 Fischer Prairie, South Jeffrey, PW 40752",170294.34,active,2025-02-07
4045,Jonathan,Hoffman,jonathan.hoffman@gmail.com,457-905-1002,1957-02-01,"4589 Smith Ranch, Lake Shawn, WY 22662",32487.42,suspended,2025-08-18
4047,Meghan,Jackson,meghan.jackson@yahoo.com,706-875-2156,1989-08-21,"14642 Edward Mission, Howardfort, OK 56940",152232.29,suspended,2023-05-09
4049,Paul,Nunez,paul.nunez@yahoo.com,642-703-3134,2001-02-24,"20459 Crawford Lodge Suite 404, Robyntown, MO 84728",46157.98,inactive,2023-01-01
4050,Carmen,Bailey,carmen.bailey@gmail.com,531-646-2137,2003-07-13,"55652 Spencer Point, Lake Jakeberg, KS 89790, SSN 701-89-3089",62786.17,active,2021-09-20
4051,Ana,Ingram,ana.ingram@yahoo.com,203-933-7444,1997-07-17,"338 Brandy Turnpike Apt. 278, Woodwardburgh, TX 51002",193069.74,active,2026-05-09
4052,James,Lowe,james.lowe@gmail.com,405-822-1212,1989-07-18,"50397 Miller Viaduct, East Alfredland, CA 76764",238422.74,suspended,2024-12-12
4053,Andrew,Snyder,andrew.snyder@yahoo.com,331-704-8362,1938-10-20,"523 Frederick Row Suite 761, West Matthewport, OR 87963",121771.55,active,2024-12-29
4054,Kathleen,Tate,kathleen.tate@hotmail.com,701-615-2883,1990-06-01,"81105 Christopher Greens, Lake Patriciachester, VA 54552",173365.24,active,2025-11-02
4055,Timothy,Gray,timothy.gray@gmail.com,505-947-8833,1972-12-13,"4533 Stephen Ford Apt. 074, Rossborough, CO 05743",24277.53,inactive,2022-03-06
4056,Terry,Ellis,terry.ellis@hotmail.com,228-233-2539,2008-05-20,"641 Mckee Course, South Krystal, MN 63397",70844.93,active,2024-05-10
4060,Brandon,Acosta,brandon.acosta@yahoo.com,976-575-9295,1969-09-23,"PSC 8863, Box 8419, APO AA 18888",55074.99,inactive,2021-05-17
4061,Misty,Collins,misty.collins@gmail.com,580-782-1039,1970-12-29,"7469 Jennifer Park Apt. 321, New Marcus, MT 92813",204892.33,inactive,2025-02-19
4062,Amber,Vance,amber.vance@gmail.com,240-450-7632,1994-05-08,"56241 Miller Track, Youngside, SD 76841",60382.08,suspended,2026-07-12
4063,Sandra,Ford,sandra.ford@yahoo.com,849-613-5298,1949-04-09,"8796 Miles Mountain Suite 688, Lake Sherrimouth, WA 90686",227981.87,suspended,2022-09-06
4066,Melissa,Barber,melissa.barber@yahoo.com,895-696-9874,1945-12-26,"6067 Raymond Lakes, New Christopherfort, VA 86210",175190.98,active,2020-04-13
4067,Christina,Savage,christina.savage@gmail.com,813-923-9291,2001-10-02,"560 Wong Ridge, Lake Henry, DC 96885",112849.35,suspended,2023-10-17
4069,Stephanie,Freeman,stephanie.freeman@hotmail.com,346-626-8151,1945-09-12,"938 Donna Gardens, West Rebecca, AK 79944",83844.95,active,2024-05-09
4070,Jennifer,Ryan,jennifer.ryan@gmail.com,804-463-7242,1996-11-14,"232 Norman Well Suite 242, Levinefurt, GU 29725",40517.3,active,2024-03-09
4071,Brittany,Oneill,brittany.oneill@yahoo.com,799-920-9743,1994-08-13,"3389 Greg Pines Apt. 023, Brownchester, AK 82307",196839.11,active,2020-07-15
4072,Linda,Joyce,linda.joyce@hotmail.com,537-830-5723,1949-06-08,"73361 Jim Forge Apt. 818, Matthewview, TN 86186",142849.44,inactive,2025-07-06
4073,Rachel,Spears,rachel.spears@yahoo.com,216-204-2199,1988-03-29,"38589 Hernandez Brooks Suite 713, East Michelle, WV 29356",58504.45,inactive,2023-11-11
4075,Kyle,Myers,kyle.myers@yahoo.com,376-852-3647,1964-01-17,"PSC 9015, Box 3395, APO AP 29920",93703.77,suspended,2023-04-26
4076,Mary,Mcconnell,mary.mcconnell@hotmail.com,912-703-2052,1967-04-30,"0901 Yvonne Cliffs Suite 893, Evanston, IA 89035",206088.33,suspended,2021-01-11
4077,Brett,Brown,brett.brown@yahoo.com,331-409-8376,1961-06-22,"USS Delgado, FPO AE 37727",134740.83,suspended,2025-02-05
4078,Ricky,Mclaughlin,ricky.mclaughlin@yahoo.com,259-537-9956,1950-06-23,"5612 Emily Park, Thomaschester, NM 24076",233901.91,inactive,2021-04-07
4079,Jason,Sweeney,jason.sweeney@yahoo.com,734-250-7298,2002-08-25,"2753 Price Ranch Suite 073, Deborahberg, CT 70940",172851.32,suspended,2022-05-02
4080,Rachel,Smith,rachel.smith@hotmail.com,489-387-4257,1990-10-04,"69823 Ray Trail, Johnport, DC 89613",106980.72,inactive,2023-10-26
4081,Cynthia,Johnson,cynthia.johnson@yahoo.com,813-749-5440,1941-08-16,"3526 Stewart Loaf, Nicoleside, AL 49552",104894.13,suspended,2020-03-26
4084,Jessica,Young,jessica.young@yahoo.com,357-406-7471,1952-12-28,"4258 Claudia Prairie Suite 974, Freyland, OK 70324",196484.66,active,2021-09-11
4086,Morgan,Snyder,morgan.snyder@yahoo.com,301-628-6286,1996-10-25,"88280 Michelle Court Suite 302, Edwardtown, SD 17113",97104.96,active,2026-08-07
4087,Kimberly,Andrews,kimberly.andrews@hotmail.com,900-718-7657,1942-12-25,"2698 Amy Plains, West Joel, MS 65399",229140.48,inactive,2021-08-22
4089,Cheryl,Alvarez,cheryl.alvarez@gmail.com,302-376-5174,1964-06-01,"84446 Christopher Port, Kevinstad, WA 60577",122397.78,inactive,2022-09-25
4091,Darlene,Mcintyre,darlene.mcintyre@hotmail.com,335-498-1941,1971-06-21,"32181 Pratt Valley, West Margaretville, PW 47625",97345.76,inactive,2020-09-23
4093,Wendy,Mercado,wendy.mercado@gmail.com,270-988-9393,1981-07-21,"0058 Huber Key Apt. 282, Harringtonberg, RI 34785",148697.71,inactive,2023-10-07
4094,Laura,English,laura.english@hotmail.com,347-406-4302,1982-02-17,"6497 Emily Pine, Port Eric, WY 79282",135500.97,suspended,2026-08-17
4095,Marc,Evans,marc.evans@hotmail.com,724-994-4823,1970-06-30,"37599 Jeffrey Lakes, Port Teresa, OH 70379",203702.42,inactive,2026-06-29
4096,Christopher,Burns,christopher.burns@yahoo.com,663-220-5016,2004-12-08,"756 Karen Road Apt. 476, South Derekfort, TN 75284",108622.46,active,2025-12-20
4097,Scott,Wilkinson,scott.wilkinson@gmail.com,474-357-4476,1952-11-15,"463 Jimenez Manors Apt. 136, South Dylanport, GU 93215",131818.19,inactive,2023-05-04
4098,Brittany,Donovan,brittany.donovan@yahoo.com,246-910-6452,2003-03-30,"2455 Price Radial, Edwardsville, RI 37883",180353.49,suspended,2024-09-26
4099,Allison,Villarreal,allison.villarreal@hotmail.com,428-231-5554,1953-11-02,"3996 Tonya Inlet, Travisstad, TX 97512",183769.08,active,2020-09-07
4100,Becky,Parks,becky.parks@yahoo.com,212-797-8098,1984-07-20,"445 Barajas Ridges, Millerton, FM 80895",159629.35,suspended,2020-03-12
4101,Patricia,Gibson,patricia.gibson@yahoo.com,696-789-8978,1966-01-09,"26405 Tamara Dale Apt. 227, Matthewsfort, ID 91695",47954.34,active,2019-12-30
4102,Diane,Nguyen,diane.nguyen@yahoo.com,768-475-2794,1978-06-30,"5326 Margaret River Apt. 749, Lake Jeanette, KY 45748",64563.37,inactive,2024-12-19
4103,Dawn,Martin,dawn.martin@hotmail.com,739-213-5895,1954-01-09,"USS Holmes, FPO AE 46933",88545.65,active,2023-08-26
4105,Mercedes,Williams,mercedes.williams@hotmail.com,214-786-6273,1981-11-09,"271 Julie Point, Port Maria, MT 32576",128614.91,suspended,2020-12-20
4107,Yvette,Washington,yvette.washington@gmail.com,246-343-8081,1952-05-11,"2789 Lopez Plains Suite 242, Baileyland, KY 03779",18241.93,suspended,2020-07-13
4109,Michelle,Owens,michelle.owens@gmail.com,814-981-3292,1976-12-15,"3284 Bennett Plains, East Dillon, NC 09051",91731.43,inactive,2020-09-25
4110,Dana,Castillo,dana.castillo@gmail.com,679-395-6114,1953-12-03,"194 Jason Glens, Ellisbury, IL 50831",52091.4,active,2026-06-27
4111,Scott,Daniels,scott.daniels@yahoo.com,961-650-8533,2000-01-19,"4908 Freeman Way Apt. 382, Lake Hannah, VI 92846",122598.63,suspended,2020-05-12
4112,Jessica,Salazar,jessica.salazar@hotmail.com,457-711-3560,1969-07-05,"475 Pamela Knolls Suite 638, New Gabriel, NV 01655",230158.19,active,2021-07-09
4113,Virginia,Frederick,virginia.frederick@hotmail.com,467-799-1209,1949-10-25,"7730 Levine Prairie Suite 077, Lake Donaldchester, ND 12203",181794.73,suspended,2023-03-22
4115,Jessica,Bowman,jessica.bowman@hotmail.com,527-856-9519,1997-02-09,"Unit 6731 Box 9419, DPO AA 75752",211981.81,suspended,2019-11-19
4116,Susan,Newman,susan.newman@hotmail.com,308-784-7885,1962-07-22,"85802 Howard Forest, West Crystalburgh, CT 87950",53336.52,suspended,2023-08-01
4118,Abigail,Ortiz,abigail.ortiz@yahoo.com,585-933-5586,1943-11-14,"016 Tran Vista, Robertburgh, TX 33348",54795.69,inactive,2020-07-12
4119,Mary,Roberts,mary.roberts@gmail.com,728-414-2616,1965-07-31,"0656 Karen Green, Port Carolynstad, TX 21164",206546.05,inactive,2023-05-27
4120,Colin,Warner,colin.warner@gmail.com,593-612-3978,1991-06-06,"29234 Castillo Plains Suite 461, Lopezmouth, ME 32376",205240.21,active,2026-08-27
4121,Anthony,Wallace,anthony.wallace@hotmail.com,580-294-9677,1949-09-25,"4001 Marshall Skyway Suite 699, Jamesshire, MS 03578",222977.69,active,2025-09-17
4122,Scott,Miller,scott.miller@yahoo.com,712-353-5831,1966-08-23,"PSC 0847, Box 6520, APO AP 45995",190924.55,inactive,2020-08-13
4123,Patrick,Lopez,patrick.lopez@yahoo.com,776-519-7788,1976-03-27,"038 Linda Ville, Crystalbury, NH 14033",156274.37,suspended,2022-11-14
4124,Brian,Mitchell,brian.mitchell@yahoo.com,202-943-9594,2006-08-06,"0960 Jessica Island, South Heathershire, NH 44553",120157.34,active,2021-12-20
4125,Kimberly,Sampson,kimberly.sampson@gmail.com,321-661-9234,1988-12-13,"066 Wallace Hollow Apt. 893, Lake Conniefurt, ID 90899",227976.44,active,2021-05-15
4126,Elizabeth,Floyd,elizabeth.floyd@yahoo.com,433-682-1927,1995-02-07,"63361 Theresa Island Suite 965, Martinberg, OH 65046",25972.37,inactive,2024-10-05
4127,Maria,Rodriguez,maria.rodriguez@hotmail.com,931-755-8340,1980-04-24,"147 Lopez Turnpike Apt. 802, Lifort, AR 78390",30349.6,inactive,2023-08-16
4129,Paula,Carrillo,paula.carrillo@gmail.com,630-708-6143,1952-06-07,"798 Kristen Village, East Kathrynfort, FL 98479",87680.15,active,2021-09-09
4130,Margaret,Mcmillan,margaret.mcmillan@yahoo.com,757-753-1651,1961-08-11,"667 Jones Meadows, Jasonfurt, NH 03797",205144.43,suspended,2025-10-24
4131,John,Hanson,john.hanson@hotmail.com,299-593-5097,1989-11-04,"PSC 7499, Box 1438, APO AE 81368",147467.19,inactive,2021-06-29
4132,Stephanie,Craig,stephanie.craig@gmail.com,259-771-5956,1964-05-13,"83360 Kelly Village, Hullstad, CA 11362",100049.84,suspended,2019-12-05
4133,Susan,Fernandez,susan.fernandez@hotmail.com,371-614-4442,1940-04-28,"0322 Bowen Ridge, East Nicholasport, FM 26095",130227.21,suspended,2022-04-21
4134,Shane,Cooper,shane.cooper@yahoo.com,620-410-9603,1962-10-14,"394 Amanda Ports Apt. 758, Jennaburgh, NM 58265",23073.62,active,2021-09-17
4135,Miguel,Turner,miguel.turner@yahoo.com,608-281-3472,2007-03-07,"0192 Delgado Mountain, Cherylfort, MP 81236",70790.56,inactive,2021-04-24
4136,Crystal,Harris,crystal.harris@yahoo.com,384-317-1456,1947-07-30,"351 Johnson Plaza, Blankenshipchester, MD 07429",158311.73,inactive,2025-06-18
4137,Allison,Maddox,allison.maddox@yahoo.com,920-820-1303,1942-06-19,"1352 Hernandez Cove Suite 945, Port Jacqueline, ND 34435",52340.36,suspended,2025-09-10
4140,John,Diaz,john.diaz@hotmail.com,237-321-1771,1973-11-19,"066 Michael Vista, Castilloburgh, SC 14257",118939.31,active,2019-12-31
4141,Jacob,Graham,jacob.graham@gmail.com,998-350-3358,1989-01-03,"380 Rebecca Manors Apt. 993, Morenobury, NE 77185",104052.14,suspended,2021-04-15
4143,Anthony,Bryan,anthony.bryan@gmail.com,822-665-1757,1949-05-12,"7009 Mark Mission, South Rebeccaburgh, AL 07396",71859.51,inactive,2023-04-11
4144,Donna,Bell,donna.bell@yahoo.com,843-874-2467,2004-09-22,"USNV Smith, FPO AE 98756",131449.21,inactive,2021-12-18
4145,Amy,Bender,amy.bender@hotmail.com,692-429-9688,1962-03-04,"529 Thomas Curve, Michaelview, FM 26975",171294.77,inactive,2024-02-27
4146,Debbie,Scott,debbie.scott@gmail.com,441-957-2663,1965-01-07,"12430 Mark Shoals, East Heather, IL 52916",188039.16,suspended,2021-09-21
4147,Cristina,Allen,cristina.allen@gmail.com,227-590-8441,1989-02-18,"Unit 6904 Box 7447, DPO AP 30642",158331.89,suspended,2025-07-23
4148,Alexander,Chen,alexander.chen@hotmail.com,650-892-1536,1939-10-30,"780 Barnes Light, Rosemouth, IL 26461",97359.76,suspended,2023-02-11
4149,Kelly,Curtis,kelly.curtis@hotmail.com,689-832-4647,2000-04-18,"437 Kimberly Springs Apt. 803, Lake Tonya, VI 11446",132680.38,suspended,2020-10-18
4151,Randall,Marsh,randall.marsh@hotmail.com,278-518-2046,1989-12-03,"457 Robert Ways Apt. 530, West Ebony, DC 57252",86502.27,inactive,2025-07-05
4154,Ashley,Howard,ashley.howard@yahoo.com,995-746-2223,1941-05-28,"817 Jason Camp Apt. 292, Kennethburgh, CT 28290",183091.32,suspended,2022-04-09
4157,Vanessa,Smith,vanessa.smith@hotmail.com,621-684-5807,1982-07-04,"3874 Hall Vista, North Michael, MI 81222",23492.22,active,2023-09-24
4158,Robert,Acevedo,robert.acevedo@yahoo.com,943-637-5885,1939-06-04,"976 Sarah Roads, West Derrick, TN 32506",198797.58,active,2021-12-08
4160,Jerry,Porter,jerry.porter@yahoo.com,321-563-9162,1963-04-19,"43140 Jimmy Pines Suite 842, Johnborough, VA 61050",99263.43,suspended,2024-05-06
4161,Dale,Ho,dale.ho@yahoo.com,920-885-3413,1994-04-29,"408 Jenkins Forges, East Donnamouth, FL 09546",165085.3,active,2019-12-09
4162,Edwin,Williams,edwin.williams@yahoo.com,436-596-8407,1999-04-29,"8515 Bradley Lodge Suite 870, Port Mary, DE 68360",75000.0,active,2020-12-21
4163,Steven,Allen,steven.allen@yahoo.com,539-772-7034,1958-01-05,"35940 Jessica Cliff Suite 980, Arnoldbury, MA 82791",222632.2,suspended,2025-09-08
4164,Perry,Cohen,perry.cohen@yahoo.com,432-432-3868,1981-05-24,"4626 Cox Crossing, Elizabethmouth, DC 30517",84619.07,inactive,2024-11-05
4165,Matthew,Cooper,matthew.cooper@gmail.com,270-763-6684,1942-08-19,"Unit 2748 Box 4792, DPO AA 06122",157155.99,inactive,2022-07-02
4166,Pamela,Riley,pamela.riley@yahoo.com,797-643-7374,1960-06-20,"PSC 4617, Box 3536, APO AE 55417",23320.45,inactive,2023-11-28
4167,Jasmine,Mitchell,jasmine.mitchell@yahoo.com,498-593-8715,1990-02-05,"7409 Gabriela Lights, East Cynthiamouth, PW 84085",175402.21,inactive,2023-04-27
4168,Brian,Swanson,brian.swanson@yahoo.com,553-960-6844,1992-11-04,"64802 Dustin Knolls, Harthaven, AK 08622",138938.8,suspended,2025-04-23
4169,Kiara,Nichols,kiara.nichols@gmail.com,237-798-7461,2001-04-23,"946 Baker Squares Apt. 242, New Robert, AR 56140",112282.24,inactive,2021-03-22
4170,Katie,Miller,katie.miller@hotmail.com,213-365-3712,2008-06-06,"2952 Angela Meadows, Holmesberg, IL 86962",35076.81,active,2022-11-27
4171,Beverly,Webb,beverly.webb@yahoo.com,778-765-2176,2000-04-04,"594 Walker Point Suite 855, Frostland, WI 68881",52000.0,inactive,2022-02-23
4172,Christine,Olson,christine.olson@gmail.com,981-507-5480,1999-10-28,"706 Jeff Roads, Greenmouth, FL 93371",166217.49,inactive,2024-02-16
4173,Robert,Hampton,robert.hampton@hotmail.com,922-804-5180,1945-12-24,"813 Jones Shoals Apt. 640, Holtberg, AZ 92109",199440.25,active,2026-01-10
4174,Theresa,Summers,theresa.summers@hotmail.com,660-494-1423,1946-06-08,"4959 White Vista, Christopherbury, PW 19250",181379.57,active,2021-03-22
4175,Joshua,Greene,joshua.greene@hotmail.com,748-614-5728,1955-08-19,"14142 Lisa Pike, West Melissa, KS 45308",165505.22,active,2025-04-11
4176,Jill,Jennings,jill.jennings@gmail.com,355-634-6699,1990-08-21,"82500 Arroyo Rapids Apt. 051, East Johnland, MN 78121",233172.26,suspended,2026-05-12
4179,Stephanie,Bryant,stephanie.bryant@hotmail.com,625-623-8135,1954-11-20,"Unit 2117 Box 0052, DPO AA 41687",229465.32,active,2022-06-13
4180,Michele,Long,michele.long@hotmail.com,964-603-4940,1996-03-05,"1720 Meadows Estate, Roweshire, KY 26229",79690.43,active,2023-03-03
4182,Matthew,Smith,matthew.smith@yahoo.com,274-413-8171,1959-11-15,"62853 Mcknight Throughway Suite 492, New Whitneyfort, CA 10160",233772.74,suspended,2026-03-28
4183,Lisa,Harris,lisa.harris@hotmail.com,699-566-1264,1988-11-22,"3133 Christopher Divide Suite 064, Kylehaven, WY 27345",38820.79,inactive,2021-12-17
4185,Darrell,Jones,darrell.jones@hotmail.com,500-227-3690,1997-11-26,"97670 Scott Vista, New Jasontown, UT 99349",64906.1,active,2023-08-10
4187,Matthew,Ramos,matthew.ramos@yahoo.com,253-312-7287,1996-02-15,"88258 Jennifer Trail, Matthewfurt, IN 60770",72685.9,active,2022-06-16
4188,Jamie,Nichols,jamie.nichols@gmail.com,246-385-4173,1974-08-21,"Unit 6177 Box 9989, DPO AE 37520",181184.23,suspended,2024-03-27
4189,Melissa,Clark,melissa.clark@hotmail.com,848-542-6832,1974-06-24,"63105 Johnson Tunnel, Martineztown, TN 34952",147347.82,active,2019-10-25
4190,Xavier,Hunter,xavier.hunter@gmail.com,697-901-8187,1951-05-03,"073 Angela Union Apt. 092, North Christineville, KY 79527",101389.66,inactive,2024-08-19
4191,Jennifer,Guzman,jennifer.guzman@gmail.com,822-246-1431,2000-05-19,"98947 Christina Villages Apt. 646, Lake Whitneyville, AL 80874",66025.68,suspended,2023-05-02
4192,Ronald,Walker,ronald.walker@gmail.com,383-960-6480,1979-09-07,"38223 Lewis Island, Erinberg, NH 91202",94207.06,suspended,2026-08-27
4193,Benjamin,Salazar,benjamin.salazar@hotmail.com,477-998-5727,1943-12-03,"872 Robert Locks, Michellemouth, NM 53738",223429.83,inactive,2024-05-06
4194,Tommy,Luna,tommy.luna@yahoo.com,692-344-3958,1959-05-31,"30848 Carrie Curve Apt. 066, East Christina, NE 67101",136424.81,suspended,2022-03-16
4196,Jonathan,Golden,jonathan.golden@hotmail.com,385-642-6006,2002-10-06,"15005 Nathan Field Suite 858, Kristimouth, MA 52621",180329.75,suspended,2023-11-06
4197,Casey,Sexton,casey.sexton@gmail.com,890-377-1936,2001-03-09,"Unit 7843 Box 7601, DPO AP 98080",146817.64,active,2022-06-28
4198,Theresa,Lopez,theresa.lopez@yahoo.com,295-317-5271,1995-05-06,"695 Deanna Lakes, West Emily, MT 78255",172663.47,suspended,2022-09-03
4199,James,Mcdaniel,james.mcdaniel@gmail.com,729-677-6190,1967-08-10,"9904 Casey Garden, Jessicaside, OK 67300",65431.69,active,2020-10-13
4200,Christopher,Reese,christopher.reese@hotmail.com,496-214-6279,1946-12-14,"4574 Larry Falls, Brittanyland, GA 20946",81362.11,inactive,2026-08-04
4201,Angela,Blake,angela.blake@yahoo.com,721-596-8189,1964-03-27,"821 Ryan Plain, Transtad, DC 13428",61138.86,suspended,2021-10-19
4202,Frances,Williams,frances.williams@yahoo.com,714-252-1979,1961-04-18,"32570 Mitchell Walk, Port Jordanberg, FL 37100",40178.97,suspended,2022-06-28
4203,Karla,Pope,karla.pope@gmail.com,449-287-6112,1960-08-13,"588 Beard Views Suite 739, New Tracy, GA 84356",63760.95,active,2021-04-18
4204,Tracey,Smith,tracey.smith@yahoo.com,266-456-4749,1979-07-30,"625 Joseph Springs, Port Kerri, IL 75415",114155.78,suspended,2025-08-25
4205,Lori,Valentine,lori.valentine@yahoo.com,473-571-8683,1971-09-07,"2070 Ryan Oval, South James, IN 06794",125866.52,active,2024-10-07
4207,Andrew,Horn,andrew.horn@gmail.com,527-633-5934,1952-02-05,"782 Camacho Flat Apt. 302, Port Lisa, IN 59841",46610.01,inactive,2020-10-19
4208,Kathleen,Sanchez,kathleen.sanchez@hotmail.com,857-761-1037,2003-12-14,"3340 Robert Underpass, Danielsstad, TN 08469",49698.91,inactive,2022-02-14
4209,Lori,Butler,lori.butler@gmail.com,450-938-2181,1956-10-27,"71986 Wagner Island, North Davidland, GU 96578",100647.88,inactive,2024-06-18
4210,Keith,Morris,keith.morris@hotmail.com,212-613-1544,1992-08-13,"PSC 9322, Box 0615, APO AE 90209",29720.23,active,2024-06-25
4211,Leslie,Johnson,leslie.johnson@hotmail.com,714-642-6492,2003-10-30,"9879 Smith Hills Suite 006, East Marcus, MP 06292",75000.0,suspended,2024-08-10
4212,Charles,Hayes,charles.hayes@yahoo.com,891-534-3262,1978-08-18,"4890 James Port, South Nicole, UT 40897",55340.33,suspended,2026-06-21
4213,Danielle,Washington,danielle.washington@yahoo.com,496-357-1447,2000-02-14,"Unit 0660 Box 5796, DPO AA 17277",107624.91,inactive,2025-08-10
4215,Daniel,Benton,daniel.benton@hotmail.com,219-297-7583,1957-11-18,"5169 Miller Overpass Apt. 340, Catherinehaven, MD 29958",112220.1,active,2025-02-03
4216,David,Reeves,david.reeves@gmail.com,344-331-3223,1990-03-26,"Unit 7439 Box 3919, DPO AE 90111",207339.48,inactive,2020-11-09
4217,Joy,Gomez,joy.gomez@yahoo.com,527-437-3137,2005-05-05,"2095 Joan Park, Vincentfurt, AR 59380",58890.01,active,2026-04-30
4218,Eric,Brown,eric.brown@hotmail.com,586-343-1451,2004-06-17,"20682 Alexander Forest, Matthewburgh, OH 15109",39224.49,suspended,2022-07-04
4220,Laura,Williams,laura.williams@gmail.com,880-970-6964,1985-09-22,"30999 Nicholson Rest Suite 264, Gallaghertown, NJ 03176",145844.49,active,2020-09-09
4221,Jeffery,Morgan,jeffery.morgan@gmail.com,572-385-9470,1988-04-03,"2742 Reginald Cove Suite 759, Dannyshire, VA 02501",102100.8,active,2024-09-23
4222,John,Baker,john.baker@hotmail.com,449-950-5164,1989-06-08,"7829 Kevin Shoal Suite 661, Port Allisonmouth, VI 08036",92488.78,inactive,2024-11-27
4223,Megan,Gonzales,megan.gonzales@hotmail.com,541-329-4548,1947-10-03,"61802 Robin Crescent, Mikemouth, NH 42047",85550.0,suspended,2023-07-04
4224,Jacob,Riggs,jacob.riggs@yahoo.com,991-505-8253,1972-10-31,"444 Leach Burgs, Hamiltonmouth, ME 60333",113059.69,active,2023-05-03
4226,Evan,Norman,evan.norman@yahoo.com,947-797-6842,1993-02-04,"01452 Gregory Curve Apt. 420, Karenfort, OR 28312",72948.82,inactive,2026-01-26
4227,Jennifer,Murphy,jennifer.murphy@hotmail.com,840-448-5533,1951-07-31,"1846 Smith Burg, Lake Mark, SD 35804",164935.36,suspended,2021-05-16
4229,Kathleen,Frazier,kathleen.frazier@gmail.com,542-904-3909,1972-05-19,"676 Sarah Parkway Suite 582, Youngtown, WY 13156",239395.9,inactive,2025-08-25
4230,Jasmine,Huffman,jasmine.huffman@hotmail.com,898-654-4202,1975-06-02,"387 Moore Forest, Adrianstad, LA 99597",126319.41,inactive,2022-12-15
4231,Trevor,Watson,trevor.watson@yahoo.com,452-854-9370,1994-07-19,"832 Chelsea Prairie Apt. 812, New Tarashire, CO 61889",31448.47,inactive,2022-07-15
4233,Samuel,Moore,samuel.moore@hotmail.com,614-795-7076,1989-01-12,"441 Massey Lake Suite 437, Virginiahaven, HI 38904",53354.38,inactive,2023-11-21
4234,Shelby,Jones,shelby.jones@gmail.com,986-700-8649,1938-12-12,"PSC 1801, Box 2955, APO AP 36251",177768.78,suspended,2023-08-24
4236,John,Ramirez,john.ramirez@gmail.com,764-547-5093,1939-12-26,"038 Robert Courts, Port Brenda, NV 24815",52209.31,active,2020-03-20
4238,Jennifer,Fritz,jennifer.fritz@gmail.com,360-856-8498,1966-02-05,"51187 Spears Estate Apt. 185, North Sonya, WV 28941",209677.31,suspended,2025-10-06
4239,George,Olson,george.olson@yahoo.com,962-840-9962,1971-03-01,"97181 Serrano Land Suite 362, Sosaview, NC 96159",224730.89,inactive,2024-06-24
4241,Kayla,Parks,kayla.parks@yahoo.com,452-884-1428,1941-06-29,"4290 Jeffrey Vista, South Davidberg, NY 11252",109676.85,active,2021-11-14
4242,Daniel,Rodriguez,daniel.rodriguez@gmail.com,321-318-6499,1973-05-30,"47873 Evans Causeway Suite 217, East Brandonbury, OK 63813",149032.77,active,2020-08-23
4243,Kayla,Brown,kayla.brown@gmail.com,970-977-9951,1953-06-09,"62958 Samantha Village, Mendozashire, MO 86558",192786.77,active,2019-11-10
4244,Sabrina,Hamilton,sabrina.hamilton@hotmail.com,562-429-9193,1971-06-10,"USS Parks, FPO AA 07159",36493.14,inactive,2025-08-09
4245,Richard,Kelley,richard.kelley@hotmail.com,911-672-2448,1962-06-20,"Unit 8844 Box 4245, DPO AE 36226",24488.38,active,2024-06-23
4246,Jessica,Francis,jessica.francis@hotmail.com,685-333-7218,1964-02-05,"86845 George Isle Apt. 766, Shepardbury, CT 45467",31082.62,suspended,2024-05-07
4247,Miguel,Stewart,miguel.stewart@yahoo.com,297-480-9786,1993-10-18,"321 Edward Plain Apt. 868, Andrewfurt, IL 39589, tel 963-289-7313",154206.9,inactive,2026-08-21
4250,David,White,david.white@gmail.com,991-652-7502,1955-07-28,"848 Green Loop, West Crystalport, NH 15810",58835.46,suspended,2023-05-06
4252,Chelsea,Villa,chelsea.villa@hotmail.com,968-615-4360,1982-02-03,"8023 Cynthia Knolls Apt. 358, Erinchester, IA 73706",221609.76,active,2022-10-27
4254,Brett,Lambert,brett.lambert@yahoo.com,717-880-2309,1957-04-27,"042 Sparks Islands, Philliphaven, OR 76674",238551.64,active,2023-09-28
4255,Jason,Sanchez,jason.sanchez@yahoo.com,919-592-5786,1992-05-29,"8538 Garza Underpass Suite 084, Marshallberg, NJ 81049",143908.84,active,2022-01-16
4256,Sheila,Moore,sheila.moore@gmail.com,662-888-1419,1953-01-13,"7140 Stacy Spur, Lauraview, AR 69670",109396.05,suspended,2022-01-31
4257,Tyler,Weaver,tyler.weaver@yahoo.com,536-425-2817,1988-07-31,"857 Hernandez Lakes, North Peter, MH 22112",25295.25,inactive,2024-03-26
4259,Daniel,Drake,daniel.drake@yahoo.com,816-478-1555,1986-07-18,"3338 Karen Summit Suite 984, South Tiffany, PW 78233",187034.93,active,2020-04-25
4260,Rebecca,Garcia,rebecca.garcia@yahoo.com,894-833-2570,1991-03-25,"053 Taylor Spur Apt. 936, New Katie, RI 69028",65828.61,suspended,2024-02-22
4262,Brianna,Patton,brianna.patton@gmail.com,776-758-5346,1983-06-12,"58404 Perry Centers, Port Jill, NV 32865",37671.62,active,2026-03-04
4263,Mark,Ramirez,mark.ramirez@gmail.com,705-814-4547,2002-04-24,"740 Mccormick Mews Suite 644, West Laura, OK 30755",26368.79,inactive,2021-10-24
4266,Dana,Ruiz,dana.ruiz@gmail.com,239-354-9677,1980-09-29,"9685 Kelly Ranch, South Dawnville, ID 81974",142724.32,inactive,2024-11-14
4267,Jose,Pierce,jose.pierce@hotmail.com,613-757-1540,1971-04-14,"6616 Cindy Harbors, Port Davidberg, WI 20000",184053.72,active,2025-05-07
4268,Matthew,Thompson,matthew.thompson@yahoo.com,240-452-5783,1952-12-30,"3246 Dana Walks, New Willie, SC 69231",50052.24,active,2019-12-06
4269,Adam,Rivera,adam.rivera@yahoo.com,960-537-5953,1985-07-25,"99396 Brian Oval Suite 935, South Coreyfort, NH 24208",140880.82,active,2021-01-20
4270,Shelby,Kemp,shelby.kemp@gmail.com,526-402-2223,2003-04-27,"13486 Hooper Ramp Suite 810, East Bruce, GA 34458",112453.7,suspended,2024-05-01
4271,Aaron,Tucker,aaron.tucker@hotmail.com,887-298-8957,1965-10-22,"9543 Douglas Roads, Freemantown, UT 01059",203888.02,suspended,2020-05-04
4272,Michelle,Roberts,michelle.roberts@yahoo.com,756-591-1962,1999-10-02,"1195 Robbins Ville, South Patricia, FM 54529, SSN 395-92-3935",35723.92,inactive,2024-05-18
4274,George,Robinson,george.robinson@gmail.com,898-516-1265,1999-12-04,"2996 Donna Trail, Kyleland, LA 39134",239191.65,inactive,2020-02-23
4277,Christopher,Bell,christopher.bell@hotmail.com,991-822-4491,1946-02-23,"35979 Camacho Plains Apt. 878, Craighaven, MT 62274",233285.12,inactive,2025-11-03
4278,Christina,Patton,christina.patton@hotmail.com,702-589-5826,1962-12-07,"9394 Patrick Ferry, East Brettmouth, GA 16404",208961.36,active,2022-07-20
4279,Bryan,Fernandez,bryan.fernandez@gmail.com,444-767-2305,1954-05-26,"8138 John Forest Suite 349, East Laura, UT 88796",26327.05,suspended,2025-11-17
4280,Heather,Taylor,heather.taylor@yahoo.com,829-313-7208,1963-11-25,"104 Steven Ferry Suite 103, Port Natashaland, MT 36464",45109.36,active,2023-04-20
4281,Mary,Stevenson,mary.stevenson@gmail.com,455-856-3486,1983-01-05,"621 Allison Point Apt. 690, Johnhaven, OR 10975",44411.43,inactive,2024-10-13
4282,Daniel,Lucas,daniel.lucas@gmail.com,927-443-2350,2004-05-25,"06244 Allison Terrace, North Elizabethchester, WI 55497",222258.04,active,2025-10-30
4283,Jessica,Rowland,jessica.rowland@gmail.com,620-811-8099,1978-12-15,"957 Cruz Views, North Deborahview, IN 10584",232410.21,active,2026-02-08
4284,Matthew,Whitaker,matthew.whitaker@hotmail.com,616-761-5149,1973-11-02,"9392 Kimberly Fords, Janetfurt, IA 36850",198741.02,inactive,2025-12-08
4285,Patricia,Mendoza,patricia.mendoza@gmail.com,387-947-7778,1993-09-10,"47193 Robert Expressway Suite 730, Milesview, FM 01831",182189.79,active,2023-01-22
4286,Jesus,Mitchell,jesus.mitchell@gmail.com,848-572-5636,2008-07-06,"540 Fletcher Well, Caldwellmouth, NE 48449",126016.05,active,2025-02-14
4287,Sophia,Vasquez,sophia.vasquez@yahoo.com,800-634-9322,1945-03-19,"29123 Nguyen Isle Suite 441, Brendatown, AK 09984",133572.4,inactive,2021-06-14
4288,Jill,Richardson,jill.richardson@gmail.com,819-489-9301,1970-06-26,"0309 Devin Spring, Port Kyle, MS 36130",144587.31,suspended,2022-04-21
4289,Tamara,Wood,tamara.wood@yahoo.com,231-578-2736,1988-11-16,"6958 Sarah Heights, Andrewfurt, MT 40005",149168.05,active,2026-01-10
4290,Larry,Jefferson,larry.jefferson@gmail.com,643-662-6699,1945-10-29,"9230 Traci Pine, Port Joshua, TN 17099",52000.0,inactive,2022-11-11
4291,Rhonda,Adams,rhonda.adams@yahoo.com,572-996-9271,1990-01-06,"4298 Monica Brooks, Lake Tony, OR 90193",83766.1,active,2022-08-01
4292,Joshua,Johnson,joshua.johnson@gmail.com,853-941-2415,1992-03-02,"6897 Harper Fork, Guerrafurt, ME 40015",119162.01,inactive,2021-08-27
4293,Dennis,Caldwell,dennis.caldwell@gmail.com,978-869-6924,1972-06-06,"892 Elliott Prairie Suite 934, Christineborough, PR 47798",107930.78,active,2025-03-10
4294,Thomas,Anderson,thomas.anderson@hotmail.com,616-720-9782,1985-06-17,"2605 Watkins Plaza, West Stephenhaven, DE 03605",165260.78,active,2022-05-23
4296,Gary,Cantrell,gary.cantrell@yahoo.com,235-974-9581,1963-01-04,"8961 Rose Well, Port Edward, FM 17946",192814.63,suspended,2021-12-17
4297,Nathan,Brown,nathan.brown@hotmail.com,205-203-7747,1968-10-06,"573 Gregory Drive Apt. 326, North Shawnstad, LA 19364",108837.53,suspended,2025-07-13
4299,Jennifer,Miller,jennifer.miller@hotmail.com,617-372-4148,2008-01-02,"7278 Mendoza Brooks Apt. 394, Timothymouth, CO 35714",129333.49,active,2021-05-23
4300,Phillip,Hall,phillip.hall@hotmail.com,555-712-7201,1997-10-10,"213 Williams Pike, Port Eric, KS 01960",68919.8,suspended,2022-09-29
4302,Douglas,Hunt,douglas.hunt@yahoo.com,534-359-9618,1983-10-12,"PSC 9821, Box 9415, APO AE 62800",60758.26,suspended,2021-05-26
4304,Brittany,Ramsey,brittany.ramsey@gmail.com,474-663-2897,1943-07-15,"56006 Horn Alley, Port Douglas, MN 74930",68654.41,active,2020-06-19
4305,Travis,Wright,travis.wright@yahoo.com,805-500-4482,1945-06-27,"1060 Julia Corner, Lake Lisa, IN 18295",201381.47,suspended,2025-05-22
4306,Francis,Mooney,francis.mooney@gmail.com,998-653-3385,1991-04-09,"37453 Miles Isle Suite 026, Bushville, PR 23070",54570.5,suspended,2023-02-09
4307,Christopher,Foster,christopher.foster@hotmail.com,334-207-8154,1961-02-02,"622 Rhonda Roads Suite 248, Jeffchester, VA 97033",82217.56,suspended,2020-01-16
4308,Jackie,Williams,jackie.williams@hotmail.com,399-620-5486,1945-11-16,"9391 Michael Court, Crystalmouth, CA 82764",150932.48,active,2022-08-26
4309,Michelle,Zuniga,michelle.zuniga@hotmail.com,229-330-9854,1961-09-01,"3598 Simon Circles Suite 320, New Jeremy, MN 31643",21816.98,active,2023-12-27
4313,Jodi,Montgomery,jodi.montgomery@yahoo.com,494-950-3111,1971-11-30,"183 Matthew Corner, South Randall, VA 78363",140233.79,active,2021-08-03
4314,Cameron,Wong,cameron.wong@gmail.com,890-768-4658,2001-01-25,"721 Ryan Spurs, New Philliptown, GA 17426",23011.17,active,2020-12-18
4315,Brenda,Perez,brenda.perez@yahoo.com,709-772-1408,1940-11-14,"24040 Larry Court, Butlerfort, DE 26778",167558.87,active,2022-10-27
4317,Michael,Watkins,michael.watkins@yahoo.com,942-935-8284,1988-10-14,"26941 Sanchez Islands, Lisaville, NY 62244",73628.98,active,2019-09-22
4318,Lisa,Smith,lisa.smith@hotmail.com,810-789-1225,1944-01-21,"822 Karen Way, Lake Nicholas, RI 29598",88803.9,inactive,2022-03-03
4320,Victor,Parker,victor.parker@gmail.com,757-977-5558,1946-02-01,"32276 Michelle Radial, Port David, CT 54340",59419.09,suspended,2026-06-13
4321,Lauren,Mason,lauren.mason@gmail.com,817-640-1800,2008-08-20,"855 Dominic Prairie, Powellbury, PR 15247",171062.44,inactive,2021-12-25
4322,Zachary,Johnson,zachary.johnson@hotmail.com,822-756-8031,1994-12-13,"Unit 0976 Box 9046, DPO AE 41921",21279.53,active,2020-11-07
4323,Andrew,Wells,andrew.wells@hotmail.com,708-252-3756,1943-05-24,"377 Allen Keys Suite 095, Port James, GA 85038",120052.9,active,2026-02-20
4324,Joseph,Burton,joseph.burton@gmail.com,580-654-1708,1968-02-11,"Unit 3506 Box 9844, DPO AE 29085",36424.75,inactive,2023-08-14
4325,Jessica,Harvey,jessica.harvey@gmail.com,624-295-4648,1995-10-14,"1278 Maria Lock Suite 448, Veronicachester, AS 63781",110852.54,suspended,2021-09-13
4326,Latoya,Norris,latoya.norris@yahoo.com,405-353-9028,2002-06-30,"8551 Timothy Center, North Allisonborough, MT 07839",49082.98,active,2023-05-01
4327,Randall,Clements,randall.clements@gmail.com,724-487-4185,1951-09-22,"55456 Garcia Groves Apt. 423, Jonesport, MD 03313",124318.16,inactive,2026-06-15
4328,Cathy,Martinez,cathy.martinez@hotmail.com,364-855-7517,1953-06-08,"58140 Cynthia Coves, New Angelton, TN 40180",83658.94,inactive,2019-10-19
4329,Jessica,Quinn,jessica.quinn@hotmail.com,384-530-1149,1967-06-11,"5808 Austin Street Suite 355, New Travisberg, MO 25455",135993.84,suspended,2021-02-01
4330,Kelly,Nelson,kelly.nelson@yahoo.com,961-344-5104,1992-03-03,"7682 Donovan Walks, Michaelfort, DC 20033",56652.18,inactive,2023-12-27
4331,Brandon,Williams,brandon.williams@hotmail.com,985-232-5487,1962-09-26,"26849 Alvarez Wells, Hamiltonville, OR 23670",35763.67,suspended,2026-08-18
4332,Brandon,Riley,brandon.riley@yahoo.com,313-937-6423,1997-05-22,"5557 Cummings Cove Apt. 667, North Ricardostad, ID 44447",93925.78,inactive,2023-03-26
4333,Harold,Haas,harold.haas@gmail.com,704-873-7951,1954-11-01,"Unit 8629 Box 1879, DPO AE 86824",88002.21,inactive,2025-06-21
4337,Hannah,Cortez,hannah.cortez@gmail.com,542-730-8281,1948-01-30,"4055 Jeffrey Island Apt. 160, Michaelton, KY 63470",224663.68,active,2019-12-16
4338,William,Griffin,william.griffin@gmail.com,342-737-7338,1979-10-17,"PSC 2372, Box 8735, APO AA 52986",68251.88,inactive,2020-08-26
4340,Roberto,Campbell,roberto.campbell@yahoo.com,292-653-3587,1953-04-27,"51600 Jonathan Ford Suite 835, North Brandonfort, AZ 95139",40024.35,inactive,2019-12-15
4341,Sean,Reynolds,sean.reynolds@gmail.com,342-334-1433,1994-08-12,"PSC 4530, Box 0734, APO AE 47640",85051.88,inactive,2019-12-14
4342,Eric,Hill,eric.hill@hotmail.com,959-596-7308,1967-01-25,"81330 Allen Pine, North Karenton, ND 64924",97738.54,active,2020-08-10
4343,Nancy,Bell,nancy.bell@gmail.com,465-797-5343,1955-09-25,"26002 Chen Street Suite 458, Joneshaven, OK 83765",123414.27,active,2024-09-15
4344,Donna,Scott,donna.scott@gmail.com,329-563-1540,1973-02-23,"878 Paige Burgs Apt. 825, Port Karen, MI 42176",233601.18,active,2024-03-14
4346,Edward,Harper,edward.harper@hotmail.com,354-246-7848,2008-01-06,"85071 Jared Flats Suite 146, West Kelly, NH 52891",39138.77,suspended,2024-08-10
4347,Michael,Ramirez,michael.ramirez@hotmail.com,790-445-4989,2004-04-27,"7620 Cordova Views Apt. 486, Lewistown, PW 89539",64985.51,suspended,2025-06-28
4348,Jackson,Mann,jackson.mann@yahoo.com,962-280-6715,1988-06-12,"4326 Le Corner, Mooreburgh, MN 48006",152022.02,active,2021-03-12
4349,David,Bailey,david.bailey@hotmail.com,388-925-6596,2003-06-25,"299 Cheryl Branch, North Georgebury, VI 76887",113523.7,inactive,2026-06-10
4350,Erin,Smith,erin.smith@gmail.com,548-585-5600,1995-07-30,"3948 Kevin Wall, New Benjamin, TX 00614",173403.08,active,2024-08-13
4351,Shawn,Wells,shawn.wells@gmail.com,562-814-6064,1962-07-28,"PSC 7297, Box 0345, APO AE 89126",18545.53,inactive,2022-07-20
4352,Nathan,Bautista,nathan.bautista@hotmail.com,843-955-4909,1956-09-19,"024 Knox Skyway, Courtneyborough, RI 83234",81415.34,inactive,2019-09-17
4353,Kathleen,Malone,kathleen.malone@yahoo.com,339-960-4839,1943-06-24,"7983 Kyle Row Apt. 145, New Ethan, AS 26310",36391.32,inactive,2024-03-31
4354,John,Davis,john.davis@hotmail.com,676-747-2236,1950-04-20,"386 Derrick Mountain, East Matthew, CT 08875",81239.77,inactive,2021-06-05
4355,Carla,Roberts,carla.roberts@yahoo.com,951-494-5015,1982-09-17,"6297 John Junction Apt. 184, Morganfurt, PA 06047",116554.21,suspended,2021-09-26
4356,Kent,Fox,kent.fox@yahoo.com,502-975-6779,1998-01-31,"1688 Daniel Village Suite 710, Fritzfurt, MN 34622",61470.2,suspended,2019-10-15
4357,Bernard,Cox,bernard.cox@gmail.com,282-886-8395,1945-12-16,"6414 Thomas Creek, Melissaland, VT 03463",234235.76,inactive,2025-07-06
4359,Jennifer,Payne,jennifer.payne@gmail.com,653-458-6238,1950-07-20,"859 Erika Extensions Apt. 176, Yatesbury, ND 31412",191993.28,active,2021-12-29
4360,Jose,Burch,jose.burch@hotmail.com,236-934-3125,1959-01-05,"6161 Pearson Center Apt. 860, Alexandermouth, AZ 96310",123847.4,active,2025-09-17
4361,Katherine,Smith,katherine.smith@hotmail.com,224-993-6972,1972-03-14,"14076 Smith Hollow Suite 008, South Vanessa, NJ 39842",52605.29,active,2025-11-07
4363,Annette,Brown,annette.brown@gmail.com,844-689-8005,2006-07-16,"7511 Jones Hill, Port Jamesburgh, ND 60302",63398.51,active,2022-05-08
4364,Luis,Chen,luis.chen@yahoo.com,862-205-5471,1996-07-16,"101 Cruz Alley, South Cheryl, TX 17906",45329.13,inactive,2024-12-26
4365,Wendy,Jones,wendy.jones@yahoo.com,273-341-7202,1956-02-22,"9103 Kenneth Crossing Apt. 033, Danielleborough, WI 75751",199759.27,suspended,2024-12-09
4366,Jacob,Reid,jacob.reid@yahoo.com,965-736-7526,1944-01-22,"65981 Michael Streets, Parsonsshire, WV 12283",109926.89,active,2023-06-29
4368,Dale,Jones,dale.jones@hotmail.com,664-544-5024,2006-02-06,"0843 Ortega Course, East Codyside, VI 96377",144495.06,suspended,2023-12-09
4369,Isaac,Warren,isaac.warren@gmail.com,449-919-2198,1958-01-16,"4705 Gentry Fords Apt. 125, Destinyport, ID 18936",63993.76,inactive,2025-01-06
4370,Rhonda,Hill,rhonda.hill@hotmail.com,813-874-9228,1969-06-16,"07810 Cummings Burgs, Jessicaton, WA 71358",207023.39,inactive,2022-10-26
4371,Hailey,Miller,hailey.miller@hotmail.com,329-690-9771,1953-09-26,"Unit 2336 Box 9351, DPO AP 06236",176420.45,active,2024-05-05
4372,Steven,Palmer,steven.palmer@gmail.com,406-899-9141,1964-08-27,"3567 Jones Heights, New Kevinville, NV 36792",109627.07,suspended,2020-06-21
4373,Michael,Ortiz,michael.ortiz@yahoo.com,415-736-3284,2002-04-10,"87151 Lisa Branch, South Jacobton, OR 55312",27156.19,active,2022-11-10
4374,Lauren,Davis,lauren.davis@hotmail.com,883-231-7354,1938-10-24,"PSC 9262, Box 3618, APO AE 48447",196449.92,active,2023-08-08
4376,Warren,Johnson,warren.johnson@hotmail.com,347-699-3999,1975-08-11,"5523 Kimberly Village Apt. 501, East Gary, AL 07121",238539.95,inactive,2025-12-20
4377,Kristin,Molina,kristin.molina@hotmail.com,454-700-6987,1977-09-15,"341 Jennings Drive Apt. 121, Charleston, OH 71339",167326.35,inactive,2024-03-17
4379,Pam,Cain,pam.cain@yahoo.com,802-636-3617,1962-10-28,"74470 King Skyway, Gilbertport, PA 81604",54560.45,suspended,2023-05-23
4380,Joseph,Obrien,joseph.obrien@hotmail.com,323-222-6027,1982-11-10,"91600 Foster Heights Apt. 658, Johnsonland, MI 17019",108308.71,active,2022-07-24
4381,Sara,Bailey,sara.bailey@yahoo.com,623-792-3123,1980-06-11,"1678 Walker Harbor Suite 567, Deannahaven, PW 89838",233494.22,inactive,2026-08-14
4382,Sarah,Peters,sarah.peters@hotmail.com,746-541-2799,1979-05-12,"43350 Davis Crescent, South Jordan, NY 85771",49744.79,suspended,2022-05-21
4383,Jennifer,Reyes,jennifer.reyes@yahoo.com,984-329-8328,2003-10-30,"05660 Benson Port Apt. 219, Saundersfurt, MN 52170",212431.16,suspended,2021-12-14
4386,Andrew,Stewart,andrew.stewart@hotmail.com,432-857-5238,1996-04-09,"PSC 8258, Box 4220, APO AP 84468",84857.91,suspended,2025-11-12
4387,Nicholas,Martinez,nicholas.martinez@gmail.com,390-350-4209,1975-05-22,"602 Christensen Fort Suite 811, Osbornton, TX 80193, tel 714-928-4296",82981.05,inactive,2026-08-20
4388,Samuel,Bond,samuel.bond@gmail.com,906-916-1102,1967-04-18,"7797 Hawkins Glens Apt. 852, New Robert, PA 69699",81686.14,inactive,2020-07-06
4389,David,Thomas,david.thomas@gmail.com,674-340-7120,1964-06-27,"8299 Ruiz Pike Apt. 419, Masonfurt, NY 06166",43800.26,suspended,2020-04-27
4390,Jose,Rose,jose.rose@yahoo.com,669-224-4335,1982-07-24,"9867 Heather Crossing, Keithville, SC 48155",69099.57,suspended,2026-02-06
4391,Thomas,Alvarez,thomas.alvarez@gmail.com,227-442-8224,1961-03-04,"2892 Tucker Turnpike Suite 551, Ryanstad, PA 77529",141321.13,active,2025-03-07
4393,Monica,Ferrell,monica.ferrell@hotmail.com,524-265-7466,1946-01-04,"865 Stephens Via Apt. 880, Porterville, NM 37809",126388.76,suspended,2023-08-29
4394,Glenn,Duffy,glenn.duffy@hotmail.com,604-401-7668,1968-09-30,"756 Barnett Mountains Apt. 752, Melissaton, RI 60388",157891.12,suspended,2026-07-20
4396,Joshua,Ruiz,joshua.ruiz@hotmail.com,486-767-1533,1995-02-06,"04418 Chen Branch Suite 030, Hardinghaven, ME 31758",82863.5,inactive,2026-05-19
4398,Jonathan,Long,jonathan.long@hotmail.com,891-790-7242,1970-10-04,"37078 Johnson Way Apt. 014, North Williamfurt, SC 07903",23092.89,suspended,2021-08-15
4399,Ryan,Williams,ryan.williams@yahoo.com,819-615-9171,1993-10-07,"9764 Porter Trail, Natalieport, MH 22634",178679.53,suspended,2020-08-16
4400,Aaron,Johnson,aaron.johnson@gmail.com,590-208-6497,2000-12-30,"18260 Lopez Crest, New Carriefurt, MP 70769",160105.53,inactive,2024-05-12
4401,Angela,Andrade,angela.andrade@hotmail.com,645-813-3180,1954-04-11,"042 Edward Lodge, Walkerview, MI 53049",23333.96,inactive,2023-06-23
4402,Kyle,Johnson,kyle.johnson@hotmail.com,781-932-1851,1971-01-29,"794 Dawn Vista, East Alexis, CA 30348",43246.87,active,2023-07-18
4403,Colleen,Hood,colleen.hood@gmail.com,836-578-2533,1995-08-20,"3593 Michael Crossing Apt. 701, Shawnfort, ME 41247",219597.48,active,2023-10-01
4404,Christopher,Henderson,christopher.henderson@yahoo.com,868-200-2268,1975-02-15,"598 Shelton Path Suite 716, South Tamara, CT 65224",42038.43,inactive,2026-02-14
4406,Todd,Lopez,todd.lopez@gmail.com,737-207-7137,1944-07-06,"28613 Kathleen Pike, New Matthew, NV 05198",229268.21,suspended,2026-01-04
4407,Christopher,Johnson,christopher.johnson@yahoo.com,744-421-4255,1962-12-24,"425 Mark Dam Suite 370, Ericfurt, MI 82243",81456.76,suspended,2020-03-18
4408,Maria,Willis,maria.willis@yahoo.com,488-262-5455,2002-08-01,"0809 Castro Drives Apt. 154, Lopeztown, NY 31344",71721.84,active,2025-12-30
4409,Charlene,Neal,charlene.neal@yahoo.com,721-548-2242,1972-04-20,"88338 Sanchez Viaduct Apt. 026, New Amy, MT 38225",170536.99,inactive,2022-05-14
4410,Brittany,Richardson,brittany.richardson@yahoo.com,849-870-2688,1991-07-26,"75545 Amanda Wall Apt. 234, New Davidton, WI 66348",78925.78,suspended,2020-10-28
4412,Scott,Carpenter,scott.carpenter@hotmail.com,839-854-1196,1991-01-05,"USCGC Warren, FPO AE 61550",40890.26,inactive,2026-03-18
4413,Barbara,Farmer,barbara.farmer@gmail.com,746-580-7601,1962-05-17,"314 Aguilar Estate, East Tiffany, NY 49879",42417.75,inactive,2023-02-13
4415,Daniel,Bowman,daniel.bowman@yahoo.com,614-820-9636,1949-09-30,"86880 Williams Mount Suite 511, Gregorymouth, GU 10245",60000.0,suspended,2025-07-13
4417,Steven,Thompson,steven.thompson@yahoo.com,598-634-9476,1975-11-17,"487 Roger Throughway Apt. 029, Jenniferstad, SD 47529",235064.05,active,2020-11-23
4419,Emily,Jennings,emily.jennings@gmail.com,393-391-2980,1942-09-05,"668 Norman Plains Suite 949, North Shannon, ID 18043",53482.56,active,2020-11-01
4420,David,Russell,david.russell@gmail.com,616-815-7222,1965-12-12,"2743 Hood Springs, Patrickborough, PR 17208",91890.36,suspended,2026-03-20
4421,Wayne,Burns,wayne.burns@yahoo.com,394-461-6841,1990-02-02,"USNS Snow, FPO AA 18438",160884.49,suspended,2022-06-24
4422,Monica,Williams,monica.williams@yahoo.com,632-535-8204,1955-12-09,"90508 Jennifer Squares Suite 503, Cochranstad, AL 80205",174640.82,suspended,2022-10-13
4423,Hayden,Beard,hayden.beard@yahoo.com,573-445-5054,1975-07-15,"PSC 9252, Box 6175, APO AE 48539",146427.54,suspended,2023-11-30
4424,Melanie,Miller,melanie.miller@hotmail.com,367-489-3608,1939-07-29,"870 Douglas Wall, South Karen, CO 28821",104112.98,suspended,2020-12-21
4427,Cheryl,Cortez,cheryl.cortez@gmail.com,204-995-4316,1954-06-10,"18605 Anderson Club Apt. 262, Kimberlyview, NY 78617",19434.14,suspended,2024-05-07
4428,Patricia,Campbell,patricia.campbell@yahoo.com,361-673-3928,1978-02-08,"5505 Edwards Circles Suite 342, Joshuaberg, SC 42300",124335.75,inactive,2024-05-22
4429,Elizabeth,Potts,elizabeth.potts@yahoo.com,773-862-4636,1970-02-12,"54947 Valencia Branch, Rodneystad, IL 34040",74620.27,active,2020-01-15
4430,Megan,Peterson,megan.peterson@hotmail.com,956-927-2003,1951-06-17,"803 Robert Extension, Hollandport, WI 74015",54542.65,active,2022-07-10
4431,Andrew,Morris,andrew.morris@hotmail.com,958-737-1702,1962-03-27,"335 Barry Pike Suite 611, Lake Nicolemouth, MP 57242",232958.34,active,2022-07-11
4432,Teresa,Braun,teresa.braun@gmail.com,395-207-9768,1959-11-10,"5358 Andrea Vista Suite 791, Mooreview, NC 52958",221373.64,inactive,2021-06-11
4433,Angela,Martin,angela.martin@gmail.com,854-667-4666,1997-06-22,"1510 Patricia Lodge Suite 730, West Amytown, NC 12551",141336.51,suspended,2026-08-05
4434,Gerald,Washington,gerald.washington@gmail.com,686-680-8469,1993-09-20,"0011 Michael Ville Suite 311, Lake Rebeccahaven, KY 71891",222207.56,inactive,2021-04-04
4435,Mitchell,Bryant,mitchell.bryant@hotmail.com,499-343-6227,1997-11-07,"381 John Cove, Travisfurt, OR 52704",46476.31,suspended,2021-01-22
4436,Joshua,Baker,joshua.baker@gmail.com,599-403-1017,1965-07-26,"14529 Douglas Cove, Alvaradotown, KY 25094",191211.67,active,2021-01-11
4437,Emily,Garcia,emily.garcia@gmail.com,284-349-2199,2007-12-03,"0931 Jessica Station Apt. 735, Elizabethfort, DE 63204",28667.09,active,2021-09-20
4438,Thomas,Moore,thomas.moore@gmail.com,344-398-5836,1944-06-06,"16259 Gonzalez Glens Suite 479, Taylortown, NY 78721",167880.12,inactive,2023-07-23
4439,Katelyn,Lee,katelyn.lee@gmail.com,483-999-1478,1989-04-06,"1689 Melissa Skyway Suite 014, Port Emilyburgh, NM 04113",206426.12,suspended,2026-02-06
4440,Karen,Allen,karen.allen@yahoo.com,680-296-7999,1949-04-14,"761 Michael Dam Suite 237, Lanceborough, MH 43038",225497.98,suspended,2021-09-01
4444,Jacqueline,Johnson,jacqueline.johnson@gmail.com,997-472-1263,1991-03-22,"424 Alexandria Island, West Aliciaton, AL 51298",21877.32,suspended,2023-06-17
4445,Andrew,Vasquez,andrew.vasquez@hotmail.com,365-488-3267,1975-10-20,"40828 Sherry Forge Apt. 092, Robinsonhaven, MD 20579",236983.81,inactive,2024-12-22
4446,Angela,Burke,angela.burke@gmail.com,400-999-8518,1947-07-01,"26721 Michael Ville Apt. 577, Lake David, NJ 43595",156559.75,suspended,2022-08-05
4447,John,Sullivan,john.sullivan@hotmail.com,290-793-2244,1992-05-04,"903 Wilson Walks Suite 396, East Linda, NY 86344",186773.07,active,2025-04-04
4448,Jacob,Clark,jacob.clark@hotmail.com,669-221-6928,1952-09-25,"1783 Brett Fields Apt. 564, Christopherside, PA 53487",171908.04,inactive,2026-07-14
4449,Amy,Everett,amy.everett@yahoo.com,631-251-2868,1948-06-05,"875 Rose Springs, Port Colton, ND 86362",92275.64,suspended,2023-12-15
4450,John,Montgomery,john.montgomery@hotmail.com,284-536-1608,1956-01-21,"7320 Jacqueline Courts, Parkberg, NY 61990",183439.2,active,2025-05-26
4452,Bryce,Wright,bryce.wright@gmail.com,426-669-4424,1963-06-27,"0158 Kennedy Port Suite 526, Port Jane, GA 88415",142436.56,suspended,2026-04-26
4453,Mary,Lam,mary.lam@yahoo.com,679-544-8466,1989-12-13,"27399 Hamilton Fall, New Carlosmouth, LA 09315",209700.78,active,2023-10-01
4454,Mary,Gardner,mary.gardner@gmail.com,495-719-9198,1988-11-24,"756 Lewis Junction, Lake Amandaberg, UT 01800",176448.06,inactive,2023-02-09
4455,Megan,Hill,megan.hill@hotmail.com,814-391-2766,1964-07-22,"19249 Melinda Harbors, West Corey, OH 28459",80978.74,inactive,2025-09-06
4457,Sarah,Thompson,sarah.thompson@hotmail.com,848-596-5647,1963-05-11,"090 Michael Club Suite 489, Andersontown, MT 70807",168688.86,active,2022-01-18
4460,Chad,Baker,chad.baker@yahoo.com,470-806-3727,1960-05-13,"Unit 2343 Box 6664, DPO AA 81992",237447.28,inactive,2022-12-12
4462,Claudia,Long,claudia.long@gmail.com,221-759-7408,1942-10-15,"856 Maria Terrace Suite 322, New Jordanmouth, UT 64072",165423.72,active,2025-02-05
4463,Rachel,Young,rachel.young@yahoo.com,481-289-6763,1981-05-28,"971 John Forges, South Davidbury, GU 58811",148808.68,suspended,2022-06-15
4464,Jennifer,Estrada,jennifer.estrada@yahoo.com,486-413-3346,1940-01-01,"1987 Sharon Row, New Stevenland, MT 50910",128002.61,active,2022-11-22
4465,Diamond,Hendrix,diamond.hendrix@gmail.com,947-258-4246,1972-10-01,"55672 Anderson Mission, Davidmouth, FM 98913",237414.13,inactive,2024-05-28
4467,Autumn,Hall,autumn.hall@yahoo.com,939-238-1858,2003-06-22,"9088 Norris Bridge Apt. 251, New Daniel, MH 52211",134843.79,suspended,2026-01-17
4470,John,Cunningham,john.cunningham@gmail.com,266-543-9908,1978-07-23,"23285 David Grove, North Paulberg, DC 35964",213533.42,suspended,2023-07-23
4471,Clifford,Haley,clifford.haley@hotmail.com,839-899-1828,1940-11-14,"64988 John Spurs, Lynchburgh, OR 02546",156003.53,active,2024-08-31
4472,Michelle,Thompson,michelle.thompson@yahoo.com,923-425-8266,2004-04-07,"5082 Mary Extension, Griffithberg, NH 72729",110609.31,active,2023-09-27
4474,Max,Carter,max.carter@gmail.com,939-595-4578,1962-10-10,"9312 Stone Trace Apt. 790, Mccoymouth, WI 40384",133420.64,inactive,2025-10-04
4476,Andrea,Harper,andrea.harper@yahoo.com,203-555-4609,1939-09-12,"494 Thomas Bridge, Michaelberg, KY 19583",34350.33,active,2021-07-19
4477,Diana,Brown,diana.brown@gmail.com,897-761-4474,2005-06-08,"88907 Ramsey Gateway Apt. 876, Lake Kylie, GU 80417",167704.19,suspended,2022-10-09
4478,Matthew,Love,matthew.love@gmail.com,827-643-9146,1986-10-04,"02678 Richards Cove, South Joann, VI 00736",224430.82,active,2026-08-03
4479,Megan,Burns,megan.burns@hotmail.com,715-497-3285,1968-07-07,"038 Tonya Circle, North Ellenborough, OR 02054",39015.52,suspended,2019-09-29
4482,Elizabeth,Moore,elizabeth.moore@gmail.com,906-300-9340,1970-05-17,"PSC 0583, Box 2837, APO AE 91800",127943.19,inactive,2021-04-24
4483,Nicholas,Moreno,nicholas.moreno@yahoo.com,755-421-7703,1997-06-16,"632 Anthony Highway Suite 604, Whiteview, NY 35486",223757.8,inactive,2020-09-23
4484,Eric,Mosley,eric.mosley@hotmail.com,923-463-1480,1959-10-28,"431 Sylvia Mews, New Scotttown, WA 56961",23455.6,suspended,2020-10-13
4485,Stephen,Williams,stephen.williams@hotmail.com,994-855-3645,1949-12-15,"1935 Wesley Valleys, West Josephburgh, IL 29412",120095.63,inactive,2022-03-27
4487,Natalie,Smith,natalie.smith@gmail.com,305-246-3312,1962-07-08,"557 Andrea Orchard, Pierceville, NC 99687",117355.27,inactive,2020-11-28
4488,Curtis,Anderson,curtis.anderson@hotmail.com,532-373-4068,2001-01-05,"362 Young Highway, New Christopherborough, UT 75729",140165.92,suspended,2022-04-02
4489,Luis,Perez,luis.perez@hotmail.com,823-200-8598,1954-09-01,"0554 Young Dam Apt. 827, North Michellefurt, WI 97953",82698.33,suspended,2020-08-26
4490,Monica,Taylor,monica.taylor@hotmail.com,779-748-2739,1986-12-31,"84476 Danielle Park, Cohenburgh, NC 54709",48098.55,inactive,2023-02-12
4491,Tyrone,Carter,tyrone.carter@gmail.com,691-676-3495,1952-11-06,"58804 Holt Knolls Apt. 558, Port Johnville, WY 43408",114311.17,suspended,2021-05-03
4492,Jeffrey,Francis,jeffrey.francis@gmail.com,503-225-9995,1964-03-12,"35214 Stanley Junction, South Josephland, PA 24803",204170.22,suspended,2022-06-02
4493,Sarah,Mccoy,sarah.mccoy@gmail.com,225-524-1480,1975-07-23,"314 Hayes Meadow Suite 425, Mclaughlintown, GU 15880",223189.64,suspended,2020-09-18
4494,Ashley,Livingston,ashley.livingston@hotmail.com,991-651-2791,1982-08-06,"116 Amanda Via Apt. 745, West Kevin, MP 72027",216011.04,inactive,2025-04-13
4495,Sharon,Powell,sharon.powell@hotmail.com,569-728-4775,1979-02-13,"Unit 5085 Box 5110, DPO AP 98962",144907.89,active,2021-04-08
4496,Kimberly,Ellison,kimberly.ellison@gmail.com,605-559-2520,1955-09-29,"4710 Ford Mountain, East Courtneyville, IL 99201",136633.07,inactive,2022-09-24
4497,Daniel,Blankenship,daniel.blankenship@hotmail.com,515-738-8021,2001-06-29,"710 James Viaduct, Bairdtown, NE 27998",26741.87,suspended,2025-05-27
4498,Edwin,Warner,edwin.warner@yahoo.com,204-935-4008,1976-04-20,"9456 Phillip Roads, Stephanieshire, OK 14597",76139.64,suspended,2026-03-12
4499,Mark,Mullins,mark.mullins@yahoo.com,735-657-9049,1945-07-15,"090 Nicholas Route Apt. 536, Joshuabury, WV 09156",95606.93,inactive,2024-08-26
4501,Jessica,Foley,jessica.foley@gmail.com,948-353-6568,1997-08-13,"86768 Pruitt Greens Suite 121, South Kathyfurt, FL 19395",158663.66,active,2025-07-17
4502,Connie,Porter,connie.porter@hotmail.com,600-840-1591,1950-12-10,"032 Adrian Stravenue Apt. 902, West Kylestad, PA 41313",127536.49,active,2020-12-29
4503,Isabella,Hunter,isabella.hunter@hotmail.com,611-877-6646,1957-05-31,"21059 Russo Corner, Lake Jose, KY 20404",51130.14,active,2026-06-04
4504,Jacqueline,Gonzalez,jacqueline.gonzalez@gmail.com,393-617-4454,1994-02-26,"7322 Shannon Expressway Apt. 209, Mariaport, AL 81882",200226.44,suspended,2024-02-19
4505,James,Perez,james.perez@yahoo.com,593-372-1685,1958-05-20,"148 Jason Lock Suite 569, North Jessica, VA 83582",21028.1,inactive,2026-07-04
4506,Charlene,Wright,charlene.wright@hotmail.com,220-339-5287,1951-05-17,"7613 White Curve Apt. 344, Port Andrew, KS 62721",192380.19,inactive,2024-06-27
4507,Christopher,Jackson,christopher.jackson@gmail.com,342-465-8392,1950-04-10,"1395 Flynn Highway, Port Ronaldville, SD 96318",98692.57,inactive,2021-12-07
4508,Christopher,Hernandez,christopher.hernandez@yahoo.com,225-914-6351,1942-10-10,"196 Patricia Trafficway Apt. 686, West Christopher, ID 61825",127849.63,suspended,2023-06-14
4510,Robyn,Campbell,robyn.campbell@hotmail.com,461-250-7232,1938-12-28,"USNS Williams, FPO AA 85162",138490.53,inactive,2021-02-13
4512,Kevin,Thomas,kevin.thomas@yahoo.com,662-846-8075,1985-11-15,"06571 Anita Knoll, East Tina, FM 38332",102541.42,inactive,2022-12-24
4514,Jocelyn,Cardenas,jocelyn.cardenas@hotmail.com,718-403-5860,1990-11-16,"980 Flores Turnpike, Silvaburgh, OK 56339",142667.28,active,2023-09-06
4517,Nichole,Allen,nichole.allen@yahoo.com,878-671-8745,1994-11-09,"90933 Abigail Square, Lake Brandi, TX 42827",99011.93,inactive,2026-05-09
4518,Barbara,Camacho,barbara.camacho@hotmail.com,823-497-4992,2008-04-14,"6639 Erica Ports, North Brandihaven, UT 00577",53313.12,suspended,2020-12-26
4519,Pamela,Young,pamela.young@gmail.com,774-423-5125,1972-01-17,"41973 Roach Pine Suite 071, Camposfort, MD 38548",84770.06,suspended,2019-11-04
4521,Amanda,Johnston,amanda.johnston@hotmail.com,526-261-6917,1940-03-24,"139 Caleb Oval, Lake Markport, MS 49836",238784.8,active,2023-04-04
4522,Brittany,Rodriguez,brittany.rodriguez@yahoo.com,744-475-7568,1955-03-28,"USCGC Riley, FPO AA 88217",120892.8,suspended,2024-09-20
4523,Ariel,Johns,ariel.johns@hotmail.com,668-401-5593,2007-12-17,"133 Best Radial Suite 400, Juliemouth, IN 04133",56231.8,suspended,2026-02-09
4524,Kyle,Khan,kyle.khan@yahoo.com,780-246-8658,1940-08-24,"66518 Johnson Locks, Bradyshire, ND 12318",117197.72,suspended,2024-06-25
4525,Ryan,Freeman,ryan.freeman@hotmail.com,487-863-7996,1964-09-24,"62100 Emily Plains, Williamview, NJ 17478",158955.84,inactive,2025-02-02
4526,Ariel,Hood,ariel.hood@yahoo.com,447-775-1468,1948-11-10,"98362 Robin Burgs, Port Cynthiaberg, VT 52684",32082.71,active,2026-08-18
4527,Andre,Mcmahon,andre.mcmahon@yahoo.com,908-603-8075,1978-08-20,"04415 Daniels Dale Apt. 727, Ashleyview, PR 83006",26536.24,active,2020-05-30
4528,Brian,Durham,brian.durham@gmail.com,507-551-1379,1946-11-14,"6293 Cole Centers, Richardsonton, AK 22113",164061.26,suspended,2026-08-18
4529,Mindy,White,mindy.white@yahoo.com,414-551-4718,2000-03-29,"34935 Lewis Crest Suite 607, Longbury, FM 55408",214407.47,active,2023-03-10
4530,Jessica,Wang,jessica.wang@gmail.com,471-990-4809,1967-01-25,"PSC 5209, Box 8463, APO AA 64987",201008.84,inactive,2019-12-29
4532,Katrina,Woodard,katrina.woodard@yahoo.com,789-229-5501,1949-10-08,"5972 Michael Island, East Spencer, CO 79752",238614.43,active,2022-09-23
4535,Caitlin,Obrien,caitlin.obrien@hotmail.com,707-428-9659,1961-09-21,"23977 Joseph Cliff, West Michael, WI 91592",60721.43,suspended,2022-08-10
4536,Nathan,Russell,nathan.russell@hotmail.com,556-499-6606,1947-12-20,"89971 Mitchell Islands, Hannahside, AS 10678",229912.3,inactive,2022-10-04
4537,Darrell,Avila,darrell.avila@gmail.com,241-818-2324,1952-01-02,"6089 Jennifer Drives, West Tamaraville, KY 31649",147781.27,inactive,2021-11-05
4538,Andrea,Phillips,andrea.phillips@gmail.com,688-881-5987,2000-04-13,"4033 Salazar Manors, North Nicholemouth, AZ 43536",94372.45,inactive,2025-10-20
4539,Lee,Smith,lee.smith@yahoo.com,905-664-1512,1980-08-23,"1869 Herrera Flat Apt. 177, Thompsonton, RI 88710",223085.0,inactive,2024-03-20
4540,Jon,Dean,jon.dean@hotmail.com,390-756-2763,1996-07-08,"PSC 4537, Box 9569, APO AA 72587",110292.76,active,2021-05-14
4541,Frederick,Aguirre,frederick.aguirre@hotmail.com,456-594-2564,1986-06-30,"280 Wilson Ridges Suite 883, East Jeffreyton, AK 28679",239486.62,active,2021-09-21
4542,Scott,Long,scott.long@gmail.com,687-583-7933,2000-11-25,"0384 Strickland Common Apt. 689, Leeland, NH 32955",177649.48,suspended,2023-02-14
4543,Ryan,Flowers,ryan.flowers@gmail.com,463-303-3847,1993-09-24,"10945 Kelly Cove, North Daniel, AL 65914",185223.15,active,2021-11-29
4544,Jeffrey,Massey,jeffrey.massey@gmail.com,738-321-9374,1962-08-11,"110 Smith Trail Suite 257, Maynardburgh, NE 11434, SSN 171-54-6874",234606.92,suspended,2023-10-18
4545,Melissa,Flores,melissa.flores@hotmail.com,363-214-1970,1969-01-13,"1273 Hoffman Union, West James, NC 20533",112105.01,active,2022-04-14
4547,Kimberly,Thompson,kimberly.thompson@yahoo.com,544-275-8140,1953-03-18,"088 Philip Village Apt. 572, North Laura, ME 12754",183330.42,active,2019-12-24
4548,John,Velazquez,john.velazquez@hotmail.com,233-929-6405,1980-10-24,"127 Reginald Haven, North Courtney, RI 44307",178084.99,suspended,2022-12-02
4549,Sara,Day,sara.day@gmail.com,328-893-7861,1960-04-06,"411 Johnson Expressway Apt. 122, Port Derrickside, FM 40861",115838.33,suspended,2025-01-29
4551,Tanner,Keller,tanner.keller@gmail.com,239-515-9226,1958-10-23,"14157 Ashley Landing Apt. 104, Lindseymouth, RI 70797",94402.7,active,2020-09-24
4552,Brittney,Martin,brittney.martin@gmail.com,865-355-1936,1949-09-13,"7614 Gonzalez Bridge Suite 013, Frederickville, MP 79556",50245.43,suspended,2023-05-30
4553,Kevin,Byrd,kevin.byrd@hotmail.com,504-575-1756,1986-12-16,"5235 Mullins Rapids Suite 295, Aaronstad, FL 37245",208702.66,active,2022-03-10
4554,Casey,Smith,casey.smith@yahoo.com,939-443-2754,1959-02-01,"4099 Gerald Spur, West Robert, GA 78718",72682.26,active,2024-09-17
4555,Shannon,Richardson,shannon.richardson@yahoo.com,925-976-5647,1966-05-28,"5995 Lopez Fords Suite 855, North Erictown, PA 95627",102048.47,suspended,2022-08-17
4557,Nichole,Murphy,nichole.murphy@gmail.com,843-464-4179,1941-07-18,"09434 Alex Drive Apt. 013, Lake Danielland, IA 18679",216756.63,suspended,2023-06-26
4558,Paul,Allen,paul.allen@hotmail.com,862-506-5075,1945-03-30,"496 Butler Lodge Suite 348, Port Michaelbury, MH 75502",114765.06,suspended,2024-05-28
4559,Wendy,Burnett,wendy.burnett@gmail.com,286-239-3568,1975-04-11,"043 Johnson Island, Duncanview, WV 31641",165512.88,suspended,2024-02-28
4561,Cynthia,Johnson,cynthia.johnson@gmail.com,317-889-8662,1995-07-02,"1871 Jonathan Springs, Joshuachester, KS 99938",152300.37,inactive,2020-02-16
4563,Stephanie,Robinson,stephanie.robinson@hotmail.com,285-961-1877,1996-01-09,"63189 Rebecca Mills Suite 006, North Matthew, RI 86286",180316.25,inactive,2019-10-17
4564,Angel,Pruitt,angel.pruitt@yahoo.com,359-360-2604,1988-03-09,"PSC 6748, Box 1798, APO AP 74934",149802.27,active,2019-09-30
4567,Chad,Jones,chad.jones@yahoo.com,699-201-8242,1962-08-06,"061 Bradley Village, Jasonland, AR 54806",160850.19,inactive,2021-08-15
4568,Victor,Harrison,victor.harrison@yahoo.com,946-282-7113,1955-04-30,"0258 Melanie Mountains Apt. 773, South Amber, MD 93963",209672.3,active,2019-09-29
4570,Nathan,Bates,nathan.bates@yahoo.com,994-861-7181,2008-03-02,"790 Mccullough Hills Apt. 166, North Rhondaborough, LA 03225",182813.08,suspended,2025-03-19
4572,Linda,Wilson,linda.wilson@gmail.com,256-374-6180,1980-11-29,"9640 Mcintyre Wells, Williamsside, IA 40475",129665.76,inactive,2022-10-19
4573,Cody,Allen,cody.allen@gmail.com,254-290-1346,1940-05-26,"7018 Alexander Spur Suite 849, New Henryview, MI 49917",78428.54,suspended,2022-03-27
4574,Alexander,Roberson,alexander.roberson@hotmail.com,843-700-8146,1944-03-16,"01302 James Trafficway, Lake Michael, AR 32821",168831.24,inactive,2024-05-17
4575,Nathaniel,Miller,nathaniel.miller@gmail.com,749-928-3395,1952-08-01,"7278 David Creek Suite 573, Robinmouth, TN 38201",71300.78,inactive,2025-11-29
4576,Tina,James,tina.james@hotmail.com,298-245-2237,1960-02-05,"6647 Dylan Fords, Jessicafurt, SD 74164",215283.81,suspended,2021-01-07
4577,Jeffrey,Rose,jeffrey.rose@yahoo.com,694-746-2805,1949-01-12,"57980 Lee Pass Apt. 269, Fieldsfurt, AR 57403",28759.94,inactive,2025-03-14
4578,Stephanie,Hall,stephanie.hall@hotmail.com,450-487-7148,1999-09-17,"PSC 1798, Box 2109, APO AA 82268",31343.63,suspended,2023-12-13
4580,Tina,Cruz,tina.cruz@gmail.com,570-441-3847,1959-08-19,"82226 Christina Flat, Hineshaven, OH 30574",24998.83,suspended,2024-10-14
4583,Martha,Parrish,martha.parrish@yahoo.com,778-892-2408,1987-05-20,"917 Rachel Parks, Barnesstad, KS 47363",161969.85,suspended,2020-08-27
4584,Jane,Mclaughlin,jane.mclaughlin@hotmail.com,955-589-1206,1965-09-24,"USCGC Garcia, FPO AP 58317",121420.17,suspended,2023-12-06
4585,Brian,Haas,brian.haas@gmail.com,863-697-8019,1955-07-16,"20163 Griffin Rapids, East Richardmouth, HI 90183",125035.69,active,2023-04-01
4587,Randy,Russo,randy.russo@gmail.com,685-209-8483,1999-10-01,"1531 Shelley Greens, North Amber, LA 42506",43339.06,active,2026-02-12
4588,Jeffrey,Johnson,jeffrey.johnson@gmail.com,810-535-2883,1984-07-24,"7547 Harper Mountain, East Michaelmouth, CA 84689",204024.87,inactive,2020-05-24
4590,Cassidy,Fernandez,cassidy.fernandez@yahoo.com,506-730-5298,1940-02-01,"33065 Hanna River, Wiseland, IA 47138",156131.9,suspended,2025-06-12
4591,Matthew,Mccarthy,matthew.mccarthy@gmail.com,465-572-7886,1981-06-05,"79617 Tapia Burgs, North Lisaside, AZ 72728",152422.76,active,2022-08-17
4592,Maxwell,Swanson,maxwell.swanson@yahoo.com,672-687-8689,1953-05-10,"94889 Jeffrey Square Apt. 198, Piercestad, ME 04918",200639.97,suspended,2022-04-01
4594,Victor,White,victor.white@yahoo.com,730-401-4867,1942-10-24,"362 Carrie Fall Apt. 505, New Peter, VI 25478",129105.66,suspended,2025-05-18
4595,Clarence,Gonzalez,clarence.gonzalez@hotmail.com,798-562-7566,1970-07-05,"09418 Phillips Meadows Apt. 042, Matthewfort, SC 77200",41654.49,suspended,2023-12-26
4596,Taylor,West,taylor.west@gmail.com,994-651-9911,1972-08-27,"118 William Way, Lake Brittany, VI 71634",66564.43,active,2022-05-27
4597,Barry,Hill,barry.hill@hotmail.com,706-412-8516,1975-04-19,"PSC 7290, Box 3216, APO AA 16537",39854.92,suspended,2022-08-10
4598,Stacey,Stewart,stacey.stewart@yahoo.com,965-493-1762,1961-08-13,"37610 Frey Turnpike Suite 787, Mccoyfort, IA 20389",54823.86,active,2021-04-28
4601,Ryan,Frazier,ryan.frazier@gmail.com,273-668-7817,1982-01-23,"USNV Lopez, FPO AE 21663",190968.03,suspended,2025-06-11
4602,Andrea,Griffin,andrea.griffin@gmail.com,841-887-2675,1981-12-10,"27322 Kevin Plaza, Alberttown, AL 36336",101159.7,inactive,2024-09-23
4603,Michael,Evans,michael.evans@yahoo.com,315-815-7500,1962-10-26,"79281 Hernandez Fall, Kerriborough, KS 61798",237857.69,suspended,2024-02-21
4604,Shane,Vega,shane.vega@yahoo.com,637-289-5318,1970-11-18,"3762 Matthew Land Suite 848, Lake Kristine, NM 46291",75000.0,inactive,2024-05-11
4605,Barbara,Diaz,barbara.diaz@hotmail.com,586-751-7348,1973-11-10,"941 Sharon Alley Suite 106, East Matthew, PA 85421",149680.46,inactive,2023-03-04
4606,Daniel,Elliott,daniel.elliott@gmail.com,586-764-4790,2006-09-26,"464 Anthony Locks Suite 566, East Elizabethfort, NE 85315",18663.76,inactive,2024-04-03
4609,Natalie,Bell,natalie.bell@hotmail.com,316-877-3747,1938-10-07,"744 Matthew Bridge Apt. 229, Carlosside, WA 49375",125127.04,active,2020-01-09
4610,Eileen,Hart,eileen.hart@yahoo.com,812-428-5590,1974-04-22,"USS Jones, FPO AP 41857",32299.89,inactive,2022-12-26
4611,Michael,Calderon,michael.calderon@hotmail.com,960-902-3378,2004-03-21,"9087 Jacobs Crest, Stevenside, WV 04417",146540.09,active,2022-06-15
4612,Brian,Cross,brian.cross@hotmail.com,374-331-9414,1959-12-17,"Unit 9080 Box 2678, DPO AE 21589",52826.96,inactive,2021-08-13
4613,Jonathan,Smith,jonathan.smith@hotmail.com,420-529-8326,1997-07-25,"2749 Spence Hill, Morrisburgh, NY 08848",137097.13,inactive,2020-11-12
4614,Nathan,Jones,nathan.jones@yahoo.com,991-610-1875,1946-03-17,"937 Brittany Island Apt. 043, North Richardport, DC 54797",206252.07,inactive,2020-02-21
4615,Meredith,Goodman,meredith.goodman@yahoo.com,738-827-9530,1978-09-02,"298 Myers Path Suite 857, Estesstad, AK 86775",163669.49,suspended,2021-08-28
4616,Sylvia,Clarke,sylvia.clarke@yahoo.com,580-476-8750,1965-11-23,"3929 Amanda Trail Apt. 940, Juanview, MT 95661",156590.63,active,2023-06-28
4619,Kyle,Cox,kyle.cox@yahoo.com,747-878-2671,1959-02-03,"422 Mark Island, West Kirktown, MN 66016",238868.0,active,2019-09-25
4622,David,Bennett,david.bennett@gmail.com,382-962-7789,1977-01-29,"9760 Williams Mission, New Michelleborough, WI 02324",40944.98,suspended,2021-08-26
4623,Laura,Smith,laura.smith@hotmail.com,620-423-8995,1981-04-28,"525 Williams Branch Apt. 518, West Julie, NM 50875",220876.02,suspended,2019-11-09
4624,Stephanie,Campbell,stephanie.campbell@yahoo.com,787-416-9610,2002-04-28,"269 Christopher Run Apt. 646, Longborough, HI 57578",207353.92,suspended,2025-09-08
4625,Russell,Estrada,russell.estrada@hotmail.com,799-254-7421,1955-10-07,"787 Daniels Views, West Mitchell, SC 40206",135749.08,active,2020-03-03
4626,William,Flores,william.flores@yahoo.com,316-981-4394,1946-02-06,"3575 Schwartz Trace, Markport, AK 45863",160746.43,active,2026-02-25
4628,John,Holmes,john.holmes@gmail.com,232-390-8656,1946-04-16,"5440 Todd Hill, Port Glennbury, FL 01281",196149.61,suspended,2024-10-03
4629,Susan,Stevenson,susan.stevenson@hotmail.com,323-447-2259,1991-04-01,"79042 Fitzpatrick Walk, Davisbury, MS 85615",122385.83,suspended,2021-12-15
4630,Stuart,Forbes,stuart.forbes@yahoo.com,792-237-1743,1979-02-21,"85295 Jared Spur Apt. 201, Lake Rhonda, WA 63762",86924.85,suspended,2023-09-06
4631,Jill,Sanders,jill.sanders@yahoo.com,943-613-9648,2003-08-24,"2117 Russo Plaza Apt. 028, Port Brianshire, IL 79747",151505.6,suspended,2023-12-18
4632,Andrew,Sanchez,andrew.sanchez@yahoo.com,728-995-6454,1982-02-25,"7021 Cunningham Unions, Port Tannerborough, KY 00640",129781.92,inactive,2022-07-08
4633,Craig,Murray,craig.murray@hotmail.com,440-896-9981,1946-05-11,"10985 Brian Meadows, Port Williamborough, NY 83721",186387.98,active,2021-12-17
4634,Dylan,Oliver,dylan.oliver@gmail.com,542-643-8707,1994-12-15,"411 Thomas Groves, New James, AS 11336",152033.97,active,2021-04-12
4635,Steven,Reynolds,steven.reynolds@gmail.com,995-550-2734,1995-08-23,"15969 Sims Hollow, Lake Sarahside, AR 72126",115223.87,inactive,2023-01-26
4636,Angela,Pruitt,angela.pruitt@yahoo.com,917-957-4018,2002-06-09,"62531 Adams Rue Apt. 373, North Jennifer, MN 94008",89633.02,active,2019-12-14
4637,Samantha,Ford,samantha.ford@yahoo.com,705-631-3940,1952-03-26,"860 Thomas Port, Port Matthewberg, MD 29213",218822.01,active,2023-11-01
4638,Sherry,Alvarez,sherry.alvarez@gmail.com,923-392-7648,1945-08-10,"USCGC Ford, FPO AA 23135",198063.78,active,2024-08-21
4639,Corey,Carey,corey.carey@hotmail.com,604-438-5278,1946-03-27,"887 Amber Motorway Apt. 650, Port Connieland, WA 22930",97477.67,active,2020-08-08
4641,James,Hernandez,james.hernandez@yahoo.com,817-448-1142,1989-03-03,"23931 Harper Shore Apt. 051, Bobbyfort, WY 74814",216635.9,inactive,2026-02-03
4642,Timothy,Martinez,timothy.martinez@hotmail.com,733-877-6532,1955-01-23,"USS Quinn, FPO AP 15136",190087.76,suspended,2022-03-13
4643,Angela,Wagner,angela.wagner@gmail.com,638-912-6011,2004-07-22,"00388 Craig Forges Apt. 036, New Randallborough, IN 65146",98444.47,suspended,2020-02-06
4644,Joshua,Bernard,joshua.bernard@gmail.com,692-287-9876,1960-05-24,"Unit 6907 Box 2807, DPO AP 33154",221055.95,active,2021-06-21
4645,Heather,Monroe,heather.monroe@yahoo.com,819-380-2763,1958-03-29,"910 Jason Ports, South Bianca, MP 84045",120320.3,suspended,2019-10-30
4646,Kaitlyn,Craig,kaitlyn.craig@gmail.com,536-866-2522,1939-01-15,"07919 Willis Forge Suite 920, South Monica, TN 07625",110915.22,suspended,2024-07-28
4647,Kristy,Castaneda,kristy.castaneda@hotmail.com,411-420-8708,2002-12-02,"055 Daniel Harbors Apt. 011, Lake Nataliefort, AK 45745",60648.3,inactive,2025-12-08
4648,Nicole,Taylor,nicole.taylor@gmail.com,689-909-3229,1968-01-26,"53542 Ronald Skyway Apt. 755, Catherineberg, SC 72552",44867.3,suspended,2026-05-12
4649,Harry,Mcguire,harry.mcguire@yahoo.com,322-363-3987,1988-05-21,"8596 William Hill, Morrisside, MA 33834",85849.84,suspended,2023-05-22
4651,Kenneth,Gray,kenneth.gray@hotmail.com,936-608-2554,1943-12-08,"0716 Susan Drive, South Danielview, MS 61376",59031.7,active,2024-02-09
4656,Chloe,Sullivan,chloe.sullivan@hotmail.com,783-312-3086,1945-10-03,"349 Miller Wells Suite 648, Garretthaven, HI 07883",112526.86,active,2025-08-30
4657,Thomas,Hopkins,thomas.hopkins@yahoo.com,480-208-5669,1978-07-09,"75704 Hill Springs, Lake Melissa, CO 42187",40877.13,inactive,2022-01-04
4659,Edwin,Elliott,edwin.elliott@yahoo.com,518-851-3199,2005-03-15,"753 Timothy Points Suite 164, Smallmouth, WA 49816",84618.19,inactive,2023-02-04
4660,Andrew,Richmond,andrew.richmond@gmail.com,257-720-3934,2000-04-27,"1579 Wilson Green Apt. 823, Devinside, GA 08333",52000.0,active,2019-09-09
4661,Christine,Rose,christine.rose@yahoo.com,227-858-4270,1948-10-26,"Unit 2353 Box 4221, DPO AE 84913",88663.94,inactive,2025-11-21
4662,Eric,Hawkins,eric.hawkins@hotmail.com,385-967-3874,1953-05-21,"25989 Williams Ports Apt. 947, Amyhaven, PA 32578",25821.65,active,2023-09-08
4663,Kevin,Allen,kevin.allen@hotmail.com,591-928-7252,1986-12-30,"409 Diaz Mill, Vargasville, NM 10248",114077.65,suspended,2021-04-18
4664,Michael,Campbell,michael.campbell@hotmail.com,377-993-3750,1970-09-16,"53623 Lambert Mills Suite 826, South Justin, UT 02957",144506.12,active,2019-12-15
4665,Patrick,Pittman,patrick.pittman@yahoo.com,592-295-5096,1987-11-28,"5215 Hobbs Heights Suite 665, Robertborough, PA 67335",38616.07,active,2020-08-28
4666,Rebekah,Cunningham,rebekah.cunningham@yahoo.com,812-860-9534,1952-08-12,"70046 Butler Stravenue, Erinberg, UT 54309",203541.97,active,2020-08-09
4667,Jessica,Decker,jessica.decker@gmail.com,888-304-4393,1981-04-13,"30520 Adams Burg Apt. 917, South Ryanbury, MD 39401",83280.46,inactive,2025-04-05
4668,Wendy,Lynch,wendy.lynch@hotmail.com,724-962-4077,1970-08-07,"114 Natasha Corners, Lawrenceside, CT 53062",77975.28,active,2024-09-09
4671,Matthew,Rogers,matthew.rogers@gmail.com,710-621-9200,1961-06-07,"91684 Carroll Extension Suite 349, Denisemouth, GU 80966",180427.35,suspended,2022-05-29
4672,Stephanie,Williams,stephanie.williams@hotmail.com,494-379-5657,1969-09-13,"4990 Jacobs Junction Apt. 141, North Adamside, NH 84959",73297.84,inactive,2022-08-16
4673,Gary,Duncan,gary.duncan@gmail.com,835-336-6402,1992-11-07,"1373 Molly Views Suite 695, Lake Alyssafort, VT 01060",94262.64,inactive,2022-05-19
4674,James,Adams,james.adams@hotmail.com,548-222-6691,1984-07-24,"54970 Bell Hill, Barnesport, AR 08018",54205.81,suspended,2024-05-23
4675,Stacy,Patel,stacy.patel@yahoo.com,836-582-5456,1951-11-08,"0731 Williams Groves, Schmidtberg, PR 44860",213168.62,inactive,2020-10-25
4677,Nicholas,Porter,nicholas.porter@gmail.com,209-542-9274,1970-11-03,"44916 Timothy Field Apt. 275, Matthewsborough, FM 19230",151408.62,inactive,2023-07-04
4679,Carla,Garner,carla.garner@yahoo.com,204-238-6574,1961-10-09,"2233 Smith Trafficway Suite 347, New Erica, OR 90635",78821.06,suspended,2024-06-04
4680,Ebony,Moore,ebony.moore@gmail.com,417-481-5666,1963-01-23,"959 Miller Unions, Simshaven, NC 47479",182184.96,suspended,2021-07-29
4682,Ronald,Lewis,ronald.lewis@gmail.com,751-825-5230,1968-04-29,"94308 Wright Summit Suite 664, Valenciaton, MA 41080",119450.7,inactive,2020-01-29
4684,William,Schmidt,william.schmidt@gmail.com,287-467-8214,1956-04-12,"440 Elliott Fields, Rebeccaland, NM 11019",219617.07,active,2026-02-08
4685,Steven,Cline,steven.cline@hotmail.com,701-792-2083,2006-05-02,"31723 Sharp Ford, Port Deborah, WV 71862",40783.64,inactive,2024-04-09
4687,James,Santiago,james.santiago@gmail.com,945-717-7920,2001-10-28,"Unit 0226 Box 9562, DPO AP 01129",227497.58,suspended,2020-08-05
4689,Samantha,Jones,samantha.jones@hotmail.com,409-490-4399,1947-05-31,"753 Tara Road, Martintown, KS 66074",233263.8,inactive,2024-08-27
4690,Jasmine,Sullivan,jasmine.sullivan@hotmail.com,789-729-6368,1953-11-27,"41292 Williams Mall, East Caleb, FM 34004",22139.53,inactive,2021-10-21
4691,Jacqueline,Horton,jacqueline.horton@yahoo.com,861-543-7700,1979-08-11,"Unit 6863 Box 1468, DPO AA 01303",108693.32,suspended,2026-06-30
4692,Joshua,Brennan,joshua.brennan@gmail.com,843-971-7626,1956-12-18,"66955 Chelsea Trafficway Apt. 811, West Marie, KS 86614",28114.57,suspended,2024-02-10
4693,Alexandra,Hopkins,alexandra.hopkins@gmail.com,382-774-8121,1941-06-18,"0773 Becky Freeway, East Henry, FL 16341",34006.42,suspended,2023-09-20
4694,Cynthia,Coffey,cynthia.coffey@gmail.com,371-539-8302,1960-07-06,"34841 Mckinney Coves Apt. 225, Barajasmouth, NV 79139",45610.5,active,2020-02-03
4695,Christopher,Kelly,christopher.kelly@yahoo.com,572-321-1490,1997-01-10,"732 Jay Bridge Suite 149, Johnsonborough, NV 69886",137639.64,suspended,2022-12-23
4696,Jennifer,Waters,jennifer.waters@yahoo.com,962-376-7166,1964-09-09,"763 Kaitlyn Crest Apt. 192, East Gregory, IN 77194",212148.85,inactive,2021-11-19
4697,Kevin,Vasquez,kevin.vasquez@hotmail.com,844-621-5085,1962-07-26,"50671 Guerra Shoals, Clarkside, UT 43293",132841.0,inactive,2025-11-18
4699,Alex,Ward,alex.ward@gmail.com,400-530-9391,1948-06-24,"630 Perry Spur Suite 972, Port Sarah, NJ 03684",95876.26,active,2022-05-12
4700,Betty,Davis,betty.davis@yahoo.com,473-241-9125,1944-02-04,"8316 Keith Loaf Apt. 913, North Paige, NM 61101",206734.16,active,2025-09-25
4702,Brandi,Spencer,brandi.spencer@hotmail.com,201-977-5816,1950-07-07,"51089 Kim Corners Suite 288, Ginaland, ND 74486",160679.49,suspended,2024-05-06
4703,Michael,Murphy,michael.murphy@hotmail.com,925-701-8531,1975-08-08,"3452 Margaret Pine Suite 214, Boothland, PW 94187",95761.75,active,2025-01-11
4704,Christopher,Compton,christopher.compton@yahoo.com,897-860-5937,1940-08-08,"942 Robin Summit Apt. 413, West Evan, UT 22030",90715.63,active,2021-05-11
4705,William,Gross,william.gross@hotmail.com,965-632-4532,2004-01-24,"1956 Love Knolls Suite 035, Reyesfort, ID 75985",74327.93,suspended,2024-07-03
4706,Jessica,Bennett,jessica.bennett@yahoo.com,843-809-5229,1983-06-18,"570 Cole Ranch Suite 912, North Jamesstad, FM 67640",107458.53,suspended,2024-04-24
4708,Jeff,Taylor,jeff.taylor@gmail.com,579-650-7908,1991-02-04,"30271 Davis Well Apt. 269, North Amyborough, WY 55596",37708.55,suspended,2024-03-10
4709,John,Brooks,john.brooks@gmail.com,659-425-3032,1942-01-21,"08600 Craig Creek Apt. 416, Veronicamouth, RI 54038",214671.76,inactive,2026-02-23
4710,Michelle,Medina,michelle.medina@yahoo.com,672-672-8012,1983-07-31,"31748 Vega Mountains, Danielberg, AS 02216",56419.17,inactive,2022-09-04
4714,Tiffany,Perez,tiffany.perez@hotmail.com,341-801-6802,1963-08-15,"285 John Via, East Pattyton, NM 98285",206354.05,inactive,2022-12-07
4715,Brandon,Myers,brandon.myers@gmail.com,459-228-4932,1941-06-02,"58621 Durham Camp Apt. 878, East Joanshire, MH 10909",123716.0,inactive,2021-07-12
4716,Clifford,Rodriguez,clifford.rodriguez@gmail.com,686-488-1409,1971-01-09,"798 Brown Rue, South Jim, WV 48598",76860.73,active,2020-06-06
4717,Carrie,Brandt,carrie.brandt@hotmail.com,400-210-4735,2006-09-03,"085 Joseph Island, Rebeccatown, PW 25199",35874.79,suspended,2021-04-19
4718,Connie,Reynolds,connie.reynolds@gmail.com,404-505-2446,1968-10-04,"335 Gibson Road Suite 122, Madisonfort, MT 84686",34878.96,inactive,2022-10-01
4719,Brenda,Black,brenda.black@hotmail.com,867-995-4407,1939-12-05,"410 Trevino Brook, Daviston, CO 98437",31185.68,suspended,2024-05-09
4722,Lance,Hines,lance.hines@hotmail.com,962-497-5315,1995-03-28,"440 Horne Wells Suite 213, Jordanville, WA 49216",94235.97,suspended,2023-12-20
4724,Xavier,Wood,xavier.wood@gmail.com,621-640-1522,1947-12-22,"01058 Daniel Union, Lindabury, ME 99662",158148.12,suspended,2025-03-22
4725,Laura,Griffith,laura.griffith@gmail.com,237-466-8641,1940-04-09,"56135 Summers Lane Apt. 907, Port William, MA 57580",24416.5,suspended,2026-07-13
4726,Lee,Barnes,lee.barnes@hotmail.com,418-643-6383,1942-08-03,"94904 Charles Neck, Port Kevin, DE 80898",198915.07,suspended,2025-10-19
4727,Susan,Dillon,susan.dillon@yahoo.com,631-279-2288,1941-02-05,"873 Angela Mills, Michaelside, UT 46897",151201.56,suspended,2022-08-17
4728,Robert,Friedman,robert.friedman@yahoo.com,805-953-7538,1963-09-02,"783 Charles Street Suite 733, Hernandezmouth, MH 57115",203047.67,active,2020-04-25
4729,Gabriela,Gonzalez,gabriela.gonzalez@gmail.com,491-906-1118,2000-11-28,"5165 Carson Ridge, West Chadside, WV 95072",129528.9,suspended,2020-07-16
4730,Dustin,Hall,dustin.hall@hotmail.com,611-636-2253,1968-07-08,"21421 Taylor Ridges Apt. 372, West David, FL 26268",87254.89,inactive,2023-07-31
4733,Alexander,Howard,alexander.howard@hotmail.com,621-609-7281,1942-12-05,"94493 Stephanie Squares Apt. 332, West Jamieburgh, NC 24481",139558.34,active,2020-02-20
4734,Kimberly,Lewis,kimberly.lewis@gmail.com,468-835-3118,1945-02-28,"616 Randall Heights, Virginiaton, OR 67936",176067.28,inactive,2019-10-18
4735,Brad,Boyd,brad.boyd@gmail.com,814-800-7142,1972-06-09,"84704 Ian Union, South Jose, RI 26313",21724.24,suspended,2022-11-01
4736,Albert,Atkinson,albert.atkinson@gmail.com,482-935-3688,1953-03-06,"295 Perez Run, North Michael, VA 61114",173707.17,suspended,2025-12-03
4737,Dawn,Young,dawn.young@gmail.com,947-384-4046,1987-12-03,"USNV Hayes, FPO AE 86401",128196.27,inactive,2026-08-23
4738,Teresa,Smith,teresa.smith@gmail.com,484-692-4964,2007-02-20,"63599 Kristen Mill Apt. 231, Tateton, FM 69598",156337.46,inactive,2023-02-22
4739,Corey,Flores,corey.flores@yahoo.com,389-726-1946,1993-01-07,"2296 Anderson Estate, Port Danielshire, NC 95359",96710.84,active,2024-12-08
4741,Wendy,White,wendy.white@gmail.com,418-765-2479,1968-03-24,"Unit 1381 Box 8487, DPO AP 50282",74239.36,suspended,2023-12-14
4742,Victor,Harrison,victor.harrison@gmail.com,547-371-5278,1942-04-01,"933 Alex Mission, Chaneystad, PR 63605",119055.99,inactive,2021-01-26
4743,Jason,Cruz,jason.cruz@yahoo.com,392-535-5300,1997-03-12,"591 Gamble Cliff, Amyberg, WY 04002",80609.77,active,2026-08-27
4744,Christine,Smith,christine.smith@gmail.com,939-431-9266,1941-09-28,"7580 Sarah Forks Apt. 779, Osborneborough, CA 92713",124748.89,active,2024-10-25
4747,Jon,Watkins,jon.watkins@hotmail.com,890-392-1141,2001-11-05,"96862 Colin Freeway, Diazchester, LA 66110",49380.64,suspended,2021-01-05
4748,Amber,Curry,amber.curry@gmail.com,473-628-6214,1975-02-25,"238 Hernandez Trail Apt. 826, Emilyshire, AK 08452",136661.6,active,2024-06-27
4749,Charles,Harmon,charles.harmon@gmail.com,836-739-9814,1977-05-12,"PSC 0121, Box 9244, APO AA 98609",98958.94,active,2024-04-29
4752,Isabella,Jones,isabella.jones@gmail.com,767-584-6411,2001-11-17,"2289 Miles Court, Port Keith, DC 48969",98143.32,suspended,2024-10-07
4756,Whitney,Banks,whitney.banks@yahoo.com,464-594-4097,1960-11-20,"782 Jenkins Plains, South Gloriaville, TN 55330",75523.69,suspended,2025-12-14
4758,Matthew,Gordon,matthew.gordon@yahoo.com,962-447-1852,1957-03-06,"96747 Peterson Forge, South Dylanmouth, RI 63470",204572.46,suspended,2021-06-27
4759,Brad,Garner,brad.garner@hotmail.com,264-727-6151,1999-07-31,"1540 Latoya Drive Apt. 624, Cookchester, MT 53708",52351.76,active,2024-09-26
4760,Ann,Krueger,ann.krueger@gmail.com,289-502-7579,1982-03-19,"1455 Watson Cliffs Apt. 755, Zacharyshire, TN 69649",37562.88,active,2025-08-31
4761,Edward,Cordova,edward.cordova@yahoo.com,767-718-5011,2001-03-04,"646 Janice Knoll Suite 723, New Markview, SD 39114",61462.54,active,2022-12-15
4763,Julia,Velazquez,julia.velazquez@hotmail.com,660-651-9729,1982-01-24,"491 Carpenter Crest, Samuelfurt, WA 92338",37525.1,suspended,2026-07-26
4764,Mary,Snow,mary.snow@hotmail.com,831-958-7672,1999-09-28,"3351 Thomas Lodge, Taylorfort, GU 73887",98044.89,suspended,2026-02-24
4766,Stephanie,Hogan,stephanie.hogan@yahoo.com,967-512-6333,1969-12-04,"2444 Valerie Burg, East Taylorberg, ME 60579",237325.64,inactive,2024-01-08
4767,Evan,Hernandez,evan.hernandez@yahoo.com,284-638-9068,1997-12-16,"9605 Anna Valleys Apt. 006, Carrollburgh, TX 66380",49381.71,suspended,2020-06-02
4768,Justin,Gonzalez,justin.gonzalez@yahoo.com,549-356-1902,1955-01-19,"USNV Reyes, FPO AE 19503",110568.68,suspended,2023-09-09
4769,Peter,Harding,peter.harding@hotmail.com,951-305-1375,2001-05-02,"9701 Stephanie Avenue Apt. 479, Beverlyton, MI 11925",111095.92,active,2019-10-02
4770,Vicki,Meyer,vicki.meyer@hotmail.com,856-589-2528,1946-05-13,"PSC 8258, Box 1202, APO AA 21962",21833.8,suspended,2022-05-24
4771,Mark,Christensen,mark.christensen@gmail.com,851-335-3622,1943-07-02,"68950 Bell Mills Apt. 132, Christopherstad, DC 74459",165442.14,active,2020-10-11
4772,Steven,Garrett,steven.garrett@hotmail.com,731-533-9234,1942-04-20,"1902 Theresa Vista Suite 828, Morenoton, OH 93120",110663.52,suspended,2025-04-19
4773,Stacey,Wilcox,stacey.wilcox@yahoo.com,903-285-9179,1997-05-25,"2052 Jessica Mountain Suite 086, Port Christine, NM 60409",96996.4,suspended,2024-12-23
4774,Jennifer,Lawrence,jennifer.lawrence@hotmail.com,865-590-7249,1972-08-14,"12409 Patrick Skyway, Lake Johnfurt, MT 70003",229921.97,active,2024-10-08
4776,Kelsey,Jensen,kelsey.jensen@yahoo.com,467-473-1682,2000-12-12,"1087 Jennings Pike Suite 078, Donovanside, AS 11668",48891.81,suspended,2026-08-22
4777,Garrett,Johnson,garrett.johnson@yahoo.com,704-332-3173,1951-11-16,"8248 Thomas Isle, South Brettland, VI 84843",140381.54,inactive,2022-09-27
4778,Connie,Williams,connie.williams@hotmail.com,775-874-6168,2004-04-14,"95730 Christine Highway Suite 524, West Amber, MH 86550",28351.07,suspended,2024-06-04
4779,Christopher,Clay,christopher.clay@yahoo.com,473-772-6564,1949-05-24,"5334 Russell Drive Suite 013, Carolside, NE 34936",154681.98,suspended,2021-06-27
4780,Robert,Prince,robert.prince@yahoo.com,395-769-8587,1997-02-19,"852 Amy Expressway, Willieport, SC 25345",226519.19,active,2023-11-01
4781,Douglas,Gutierrez,douglas.gutierrez@gmail.com,290-502-6483,1953-12-18,"USNS Edwards, FPO AP 43884",59351.12,suspended,2022-10-05
4783,Chad,Bonilla,chad.bonilla@gmail.com,609-216-7227,1952-01-07,"16282 Jill Landing, Campbellshire, SD 01177",27749.76,suspended,2020-11-23
4784,Denise,Mclaughlin,denise.mclaughlin@hotmail.com,386-468-1209,2006-02-14,"Unit 7097 Box 0492, DPO AE 12860",110909.01,inactive,2024-09-26
4785,Alexis,Savage,alexis.savage@yahoo.com,469-661-7539,1981-09-28,"99975 Michael Glen, Powersmouth, ND 71369",171754.99,suspended,2021-05-01
4786,Jason,Howell,jason.howell@hotmail.com,935-793-1381,1978-02-04,"7251 Heidi Crest Apt. 086, Isabelmouth, AL 76789",75093.0,active,2026-03-20
4788,Stephanie,Mcbride,stephanie.mcbride@hotmail.com,409-236-2536,1946-12-27,"36012 Wong Pine Apt. 709, South Ronaldburgh, PW 90147",217928.77,inactive,2023-10-09
4789,Maria,Smith,maria.smith@hotmail.com,641-337-4613,1952-06-11,"8879 Peterson Ports Apt. 006, Port Carla, CA 56051",132290.78,inactive,2022-09-16
4790,Carol,Jordan,carol.jordan@gmail.com,722-653-7240,1961-01-26,"87825 Amy Springs, Antonioton, CO 61968",95166.03,suspended,2020-12-23
4791,Brandon,West,brandon.west@yahoo.com,443-275-4375,1953-09-01,"816 Nicholas Fields, South Christopher, HI 33728",104436.33,active,2019-09-10
4792,Jose,Walker,jose.walker@yahoo.com,341-805-1377,1971-04-24,"Unit 9568 Box 8968, DPO AE 63577",214408.03,active,2025-03-31
4793,Michelle,Huber,michelle.huber@yahoo.com,769-591-1149,1943-06-25,"46259 Richards Port Suite 862, West Marymouth, AK 50089",222707.29,inactive,2024-07-06
4795,Kimberly,Lester,kimberly.lester@gmail.com,801-420-1392,1941-01-29,"928 John Cove Apt. 197, East Johnchester, SC 46401",130984.62,active,2020-03-16
4796,Jennifer,Hensley,jennifer.hensley@gmail.com,390-840-1551,1979-02-26,"9646 Soto Overpass Apt. 947, West Sarahbury, TN 87129",208218.01,suspended,2025-04-28
4797,Tina,Bishop,tina.bishop@gmail.com,947-451-3760,1956-01-17,"72405 Barbara Mount Suite 231, East Stacey, WI 26930",229063.93,suspended,2023-01-24
4798,Nicholas,Campbell,nicholas.campbell@gmail.com,841-580-8138,1982-09-10,"4867 Deborah Course Suite 395, Fryetown, IL 27862",75634.64,suspended,2023-03-25
4799,Jonathan,Church,jonathan.church@yahoo.com,570-438-6040,1943-02-09,"90709 Jefferson Club Suite 275, Darleneburgh, MO 31224",115790.95,suspended,2026-02-23
4800,Michael,Brown,michael.brown@yahoo.com,567-295-7698,1987-03-22,"36324 Rhonda Road, Jacquelinemouth, NH 11844",123279.53,suspended,2020-01-31
4801,Nathan,Coleman,nathan.coleman@yahoo.com,930-550-3531,2003-08-24,"9825 Jose Common, Rodriguezland, IL 24464",45993.0,suspended,2020-05-09
4803,Angela,Holmes,angela.holmes@yahoo.com,966-988-7780,1972-06-13,"351 Miller Stream Apt. 461, New Derekborough, IL 78356",203306.32,inactive,2020-10-02
4806,Andrea,George,andrea.george@gmail.com,739-423-3527,1940-07-01,"08273 Montoya Flats, Morganfort, SC 49519",72494.19,active,2025-06-10
4807,Richard,Reyes,richard.reyes@yahoo.com,722-726-6617,2004-12-13,"227 Smith Row Suite 465, Coleville, UT 55244",112814.85,suspended,2021-10-13
4808,Kim,Lambert,kim.lambert@hotmail.com,696-619-9113,1981-12-16,"491 Haney Knolls Suite 914, Danielhaven, MP 50217",129528.76,suspended,2021-12-11
4810,Alan,Decker,alan.decker@yahoo.com,788-533-8781,1942-11-03,"21843 Jason Avenue Suite 487, Melindastad, ID 35505",92308.5,active,2023-07-15
4814,Luis,Baker,luis.baker@hotmail.com,922-851-5769,1947-03-02,"Unit 3034 Box 6867, DPO AE 03727",233502.61,inactive,2025-12-17
4816,Tara,Weaver,tara.weaver@yahoo.com,831-833-9077,1950-03-18,"3360 Rebecca Walk, Morrisonside, NY 65761",112216.97,inactive,2025-05-12
4817,Timothy,Maddox,timothy.maddox@yahoo.com,834-839-1886,1988-08-06,"59446 Terri Extensions Suite 357, Kimberlychester, FL 06800",192742.94,active,2023-09-04
4819,Jasmine,Perkins,jasmine.perkins@yahoo.com,651-742-7992,1953-11-05,"USCGC Valencia, FPO AP 65981",70743.39,suspended,2022-02-28
4820,Jenna,Martinez,jenna.martinez@yahoo.com,779-411-6750,2007-12-25,"75925 Nielsen Mount, Wongfurt, MS 73999",181480.35,suspended,2026-02-14
4821,Brandon,Johnson,brandon.johnson@gmail.com,961-570-3604,2003-03-22,"37265 Tiffany Islands, Annfort, RI 76323",37061.25,suspended,2025-06-12
4822,Donald,Brooks,donald.brooks@gmail.com,864-238-3135,1979-05-02,"11990 Mitchell Viaduct, Webermouth, NH 97601",56306.53,inactive,2020-03-24
4823,Belinda,Scott,belinda.scott@yahoo.com,736-487-9871,1995-09-22,"9205 Jason Points Apt. 736, North Cathy, CT 90883",193797.43,active,2025-04-07
4824,Ruben,Chang,ruben.chang@hotmail.com,371-691-7251,1981-04-21,"08669 West Gateway Apt. 283, South Susan, ND 13954",109066.58,active,2019-12-14
4825,Jennifer,Warren,jennifer.warren@yahoo.com,984-460-8141,1957-10-05,"690 Anthony Burg Suite 512, Drakeville, PW 97132",163389.32,active,2020-11-07
4826,Robert,Best,robert.best@gmail.com,234-481-1132,2001-04-07,"0181 Andrew Mills, Port Michael, VI 22755",194186.72,active,2021-01-02
4827,Megan,Palmer,megan.palmer@yahoo.com,812-874-7589,1981-10-12,"1053 Kyle Ridges, Sheppardmouth, ND 85778",211243.67,active,2020-06-22
4828,Michele,Navarro,michele.navarro@gmail.com,583-739-7539,1941-08-11,"9780 Kelley Mountain Suite 259, Colebury, ID 40607",106854.42,suspended,2023-12-20
4829,Theresa,Valencia,theresa.valencia@gmail.com,554-534-5279,1965-02-04,"7102 Jamie Place, Greenville, ND 81162",78509.57,active,2025-07-06
4830,Gail,Chavez,gail.chavez@yahoo.com,799-357-7438,1977-09-27,"868 Ferguson Plain, Websterside, GA 35888",27080.45,active,2023-12-08
4832,Victoria,Bowman,victoria.bowman@hotmail.com,967-411-7473,1952-04-02,"USS Page, FPO AP 15946",223389.7,inactive,2022-12-14
4834,Melissa,Miles,melissa.miles@hotmail.com,956-841-3515,1972-01-09,"48343 Megan Road Suite 741, Mayerville, DC 31382",196270.34,inactive,2021-09-12
4835,Brittney,Dunn,brittney.dunn@gmail.com,374-287-6855,1942-07-01,"USCGC Salazar, FPO AP 70205",233306.69,suspended,2026-03-16
4836,Timothy,Williamson,timothy.williamson@yahoo.com,400-424-1349,1950-06-21,"72436 Herman Crossroad Apt. 563, Garciahaven, TX 74413",167534.23,inactive,2024-03-30
4837,Samantha,Ramos,samantha.ramos@gmail.com,369-451-6869,1978-03-05,"30852 Jimenez Ports Suite 353, Lake Tamaramouth, NV 17525",220949.26,inactive,2023-02-04
4839,David,Marquez,david.marquez@gmail.com,495-966-7478,1962-10-05,"9297 Scott Causeway Apt. 247, North Maryland, AR 29936",18561.15,suspended,2023-09-09
4841,Isaac,Randolph,isaac.randolph@gmail.com,302-821-9271,1946-03-02,"6637 Christopher Camp, Fisherville, FL 83470",32357.65,inactive,2020-04-18
4843,Clifford,Elliott,clifford.elliott@yahoo.com,547-410-2643,1954-07-04,"82968 Christine Inlet, Carlashire, KY 62037",113336.58,inactive,2024-10-30
4844,Edgar,Preston,edgar.preston@hotmail.com,561-471-1052,1953-01-29,"52588 Holland Pass, North Rebecca, TN 38344",132851.53,active,2020-08-11
4846,Victoria,Shea,victoria.shea@yahoo.com,230-650-2922,1974-09-03,"634 Robert Junctions, Nathanstad, MH 62141",22160.74,inactive,2023-02-07
4847,Aaron,Lynn,aaron.lynn@hotmail.com,469-864-4444,1981-07-06,"539 Green Tunnel Suite 736, Davidberg, ND 53386",159779.64,inactive,2019-10-24
4848,Juan,Smith,juan.smith@hotmail.com,749-682-9071,1988-09-20,"12900 Jessica Summit, North Seanchester, SD 32453",40610.39,inactive,2021-11-02
4850,Gregory,Kelly,gregory.kelly@hotmail.com,255-698-7634,1939-10-28,"029 Krista Isle, New Denise, IA 68508",228147.19,suspended,2019-10-25
4851,Amanda,Daniels,amanda.daniels@yahoo.com,315-554-4448,1987-01-28,"679 Dawson Stream Apt. 235, Smithton, AL 03025",97907.13,inactive,2023-05-03
4853,Melissa,Yang,melissa.yang@yahoo.com,481-261-3949,1950-12-20,"165 Anna Rapid, South Marystad, CT 46439",188162.95,suspended,2023-11-08
4854,Dennis,Forbes,dennis.forbes@gmail.com,879-273-5299,1985-02-11,"740 Dustin Ranch, Bowmanmouth, MT 35372",172120.03,inactive,2023-12-27
4856,Melanie,Sullivan,melanie.sullivan@hotmail.com,306-428-6613,1972-09-10,"0653 Spears Cove, Port Holly, DE 18443",78020.7,suspended,2023-10-30
4857,Javier,Murray,javier.murray@hotmail.com,516-297-7447,1951-10-30,"8022 Jennifer Junction, Bakerport, WV 35610",136540.73,suspended,2021-03-18
4858,David,Martinez,david.martinez@yahoo.com,419-834-6145,1975-02-18,"428 John Keys, North Michaelburgh, NJ 98014",51666.0,active,2021-06-09
4859,Alan,Scott,alan.scott@hotmail.com,581-557-1289,1960-07-28,"85923 Campbell Unions Apt. 321, North Christinaview, NJ 04831",203145.75,suspended,2022-07-27
4860,Carlos,Atkinson,carlos.atkinson@yahoo.com,552-697-5938,1941-06-03,"631 Rebecca Skyway, Lake Melissaton, NH 83435",202895.89,inactive,2020-02-26
4861,Ryan,Young,ryan.young@hotmail.com,869-618-7593,1963-09-12,"1230 Ryan Inlet Apt. 021, North Marissa, MO 31323",27837.11,suspended,2025-08-02
4862,George,Kim,george.kim@gmail.com,674-413-3676,1939-04-23,"328 Phillips Loop Suite 126, Wrightmouth, OR 54487",190426.21,inactive,2023-09-27
4865,Nicole,Johnson,nicole.johnson@yahoo.com,460-947-9072,1951-11-08,"86233 Jones Way Apt. 179, Amandatown, UT 36364",166615.89,inactive,2025-08-09
4867,Brittany,Vance,brittany.vance@gmail.com,730-929-4551,1978-03-10,"46747 Denise Ford Suite 561, West Isaiahview, SC 85503",128847.65,inactive,2026-03-20
4868,Mandy,Martinez,mandy.martinez@yahoo.com,237-325-8560,1975-03-31,"7497 Moreno Rapids, Kimberlyside, IN 74485",23638.42,suspended,2022-03-03
4869,Paul,French,paul.french@hotmail.com,219-279-8538,1973-11-10,"211 Kenneth Landing, South Danielside, NV 76375",95241.48,suspended,2025-07-21
4870,Brenda,Wright,brenda.wright@hotmail.com,976-307-8181,2005-11-22,"60882 Harrison Ramp Apt. 229, Patelborough, WI 03209",184434.44,inactive,2026-03-29
4871,Connie,Hull,connie.hull@hotmail.com,861-476-1547,1967-06-05,"Unit 1792 Box 2939, DPO AP 78582",126531.63,inactive,2020-04-04
4872,Michelle,Mccormick,michelle.mccormick@gmail.com,382-741-6121,1945-10-30,"3277 Wells Knolls Suite 037, New Charlesfurt, FL 40834",87667.16,active,2019-12-26
4873,Paula,Kennedy,paula.kennedy@yahoo.com,320-349-6853,1972-12-31,"3497 Velazquez Glen, Markton, CT 83222",146382.79,active,2024-12-06
4875,Charles,Jones,charles.jones@gmail.com,295-771-6347,1986-04-08,"USCGC Hammond, FPO AA 18782",239968.29,inactive,2022-09-22
4876,Brian,Zhang,brian.zhang@gmail.com,222-499-3097,1948-03-30,"4697 Ryan Greens Apt. 448, New Jonathan, WA 59766",28095.55,active,2022-09-09
4877,Michael,Simpson,michael.simpson@gmail.com,280-880-9711,1967-12-04,"26944 Bailey Trail Suite 173, Andersonport, DC 88917",65596.52,active,2025-03-31
4879,Kristin,Rose,kristin.rose@yahoo.com,329-256-5930,1984-04-13,"PSC 2594, Box 3735, APO AP 84004",220192.18,inactive,2024-07-22
4880,Dave,Hensley,dave.hensley@gmail.com,850-517-4714,1993-11-23,"499 Henry Road, Burtonfort, IN 71751",113951.34,suspended,2021-02-27
4881,Steven,Baker,steven.baker@hotmail.com,327-909-1533,1988-07-04,"922 Mary Lodge Apt. 375, South Regina, KY 27179",116041.74,active,2023-03-02
4882,George,Myers,george.myers@hotmail.com,732-222-4211,1946-05-22,"76882 Brown Streets Apt. 941, Port Frank, MD 97796",174197.8,suspended,2023-09-05
4884,Christine,Howard,christine.howard@hotmail.com,743-494-8344,1969-06-29,"3921 Donald Ports Suite 187, Lake Nancy, MP 04539",201008.38,suspended,2022-08-04
4885,Brian,Smith,brian.smith@hotmail.com,728-567-8265,1993-01-27,"229 Betty Hollow, Parkerfort, MI 03332",70677.18,inactive,2022-11-03
4886,Sydney,Diaz,sydney.diaz@yahoo.com,470-924-2119,1966-06-14,"224 Rodriguez Common, South Troychester, VT 40655",49410.88,suspended,2020-01-20
4887,Matthew,Foster,matthew.foster@yahoo.com,599-639-2698,1940-03-10,"1177 Sellers Ports Suite 939, North Anthonyside, WI 84011",37638.26,active,2020-10-25
4888,Jacqueline,Holt,jacqueline.holt@hotmail.com,400-370-2237,1948-05-21,"395 Stephen Streets Suite 741, North Jennifer, WI 47427",76575.61,suspended,2025-03-29
4889,Aaron,Green,aaron.green@yahoo.com,362-586-2353,1993-10-07,"3837 Brandy Unions, South Davidborough, MT 91487",222966.58,suspended,2023-01-25
4890,Logan,Hogan,logan.hogan@hotmail.com,781-350-6458,1964-10-20,"1835 Green Mews, Joshuaville, AL 62435",197822.66,inactive,2020-07-21
4891,Melissa,Morrison,melissa.morrison@hotmail.com,662-470-5470,1973-04-27,"9551 Shawn Isle, Dianastad, NH 01499",101814.41,inactive,2023-02-10
4892,Garrett,Gregory,garrett.gregory@hotmail.com,814-657-4351,1945-11-21,"47622 Gwendolyn Extensions, East Patriciaton, VI 93717",80196.42,active,2024-04-10
4893,Katherine,Hunt,katherine.hunt@yahoo.com,738-966-3463,1998-11-18,"USCGC Bailey, FPO AE 55282",165792.66,suspended,2020-11-03
4894,Tammy,Edwards,tammy.edwards@hotmail.com,418-591-8375,1977-12-16,"888 Castro Shoal Apt. 818, Reyesberg, FM 58040",59642.81,active,2025-09-22
4895,Daniel,Everett,daniel.everett@yahoo.com,347-259-4376,1947-01-18,"6358 Amy Bridge, Danashire, CA 57580",140680.95,suspended,2022-11-22
4896,Jamie,Lucas,jamie.lucas@gmail.com,302-906-4545,1950-12-19,"811 Jackson Station, New Andrew, MH 12987",116692.13,active,2020-08-17
4897,Christopher,Wagner,christopher.wagner@hotmail.com,508-999-2633,1970-03-22,"865 James Camp, Reidfurt, MO 85874",137226.84,inactive,2020-12-05
4900,Janet,Anderson,janet.anderson@hotmail.com,389-653-3768,1999-12-14,"PSC 9867, Box 9422, APO AE 47874",138257.99,inactive,2025-06-08
4901,Gina,Cooper,gina.cooper@hotmail.com,201-720-8891,2007-09-02,"PSC 7751, Box 3093, APO AP 64062",213015.84,inactive,2024-06-27
4902,Sue,Hernandez,sue.hernandez@hotmail.com,748-360-8962,1982-07-31,"140 Elizabeth Mews, New Davidfurt, WA 95749",238087.38,suspended,2021-06-05
4903,Kim,Huber,kim.huber@yahoo.com,894-392-9441,1949-01-12,"6654 Lisa Orchard, East Kaylamouth, AK 44379",70666.91,inactive,2021-04-06
4904,Terry,Rodriguez,terry.rodriguez@gmail.com,958-818-7114,1974-11-08,"235 Gillespie Expressway Suite 783, Lake Carlos, WA 50256",18573.57,inactive,2025-01-23
4905,Allison,Campbell,allison.campbell@yahoo.com,905-267-7816,1950-01-01,"13320 Burns Unions, South Daniel, UT 76103",59190.27,active,2021-04-08
4906,Maria,Williams,maria.williams@hotmail.com,647-481-3154,1963-12-06,"27771 Brian Meadow Suite 608, Port Theresa, TN 70971",134228.68,suspended,2025-01-11
4907,Don,Wilcox,don.wilcox@hotmail.com,250-872-5911,1973-04-12,"2657 French Ville, Geraldbury, SC 98677",40861.12,inactive,2020-05-23
4908,Maria,Burns,maria.burns@yahoo.com,245-431-3651,1957-03-04,"29308 Hurley Unions, Karenland, CO 53293",103941.23,inactive,2024-03-10
4909,Anthony,Black,anthony.black@hotmail.com,610-462-8035,1949-12-28,"64942 Tammy Divide, Randallland, NY 90935",121733.54,active,2022-12-31
4911,Sarah,Jones,sarah.jones@yahoo.com,823-898-1334,1941-03-01,"1715 Turner Trace Apt. 961, South Jacquelineborough, CA 41609",103892.62,inactive,2024-02-05
4915,Jennifer,Cobb,jennifer.cobb@gmail.com,302-392-7506,1958-07-30,"6525 Stevenson Brook, Juliestad, ID 39108",238550.36,active,2020-03-31
4917,Rachel,Lane,rachel.lane@gmail.com,268-812-5079,1978-11-25,"83790 Rollins Springs, West Triciahaven, MT 48276",159550.82,inactive,2023-12-01
4918,Ronnie,Harris,ronnie.harris@yahoo.com,999-549-3815,1943-04-30,"880 Vicki Shores Apt. 539, West Natalieborough, HI 14930",107139.46,active,2025-02-16
4919,Nicole,Marquez,nicole.marquez@hotmail.com,315-633-1410,1996-01-30,"0402 Crane Station, Port Timothyland, OR 39464",140189.45,suspended,2024-09-23
4920,Ashley,Dodson,ashley.dodson@yahoo.com,678-902-7861,1967-10-31,"153 Wayne Loop, North Tiffanyton, MN 23273",49427.33,suspended,2022-07-27
4921,Andrea,Lopez,andrea.lopez@hotmail.com,991-576-9933,1987-11-21,"587 Perry Way Suite 436, East Rebecca, HI 42639",69235.47,suspended,2024-06-13
4922,Janice,Walker,janice.walker@hotmail.com,738-877-2298,1981-12-15,"7817 Jasmine Crossroad Suite 571, West Christianfort, IL 39252",18946.1,inactive,2024-07-12
4923,Kaitlyn,Barker,kaitlyn.barker@yahoo.com,534-286-8864,1968-06-12,"65979 Perez Trail Apt. 017, Lake Rebeccaland, FM 34109",87152.64,inactive,2023-12-31
4924,Jacob,Brown,jacob.brown@hotmail.com,422-990-6655,1974-11-02,"726 Julie Wall, Lake Kevin, WY 26259",45110.14,active,2020-03-31
4925,Sharon,Huynh,sharon.huynh@gmail.com,511-248-2448,1942-10-23,"36739 Pham Mews, Franklinmouth, OH 59446",51420.29,suspended,2025-10-08
4929,Kimberly,Monroe,kimberly.monroe@hotmail.com,396-233-6659,1965-02-05,"595 Nicholson Pike, Youngside, NJ 08764",109198.82,inactive,2026-05-20
4930,William,White,william.white@yahoo.com,510-275-3122,2003-08-01,"Unit 0608 Box 1099, DPO AP 41292",74310.12,suspended,2020-04-03
4931,Loretta,Lin,loretta.lin@gmail.com,537-295-7425,1974-06-05,"PSC 7619, Box 8802, APO AA 20813",74248.15,active,2026-08-18
4932,Sabrina,Adams,sabrina.adams@yahoo.com,804-528-4421,1940-06-11,"43504 Nichole Tunnel Suite 853, Khanborough, CO 72465",71073.05,inactive,2020-06-15
4934,Nathaniel,Fields,nathaniel.fields@yahoo.com,254-725-3030,1967-08-26,"063 Martin Junctions, Atkinsonfort, NV 21782",20084.57,inactive,2021-06-21
4935,Nicholas,Cooper,nicholas.cooper@yahoo.com,532-871-8455,1988-07-23,"782 Hunt Via, New Devinport, MD 48005",168143.56,suspended,2023-03-16
4937,Timothy,Alvarado,timothy.alvarado@yahoo.com,381-470-7884,1988-04-09,"8582 Sydney Radial, West Raymond, MA 47424",184148.54,suspended,2024-02-25
4938,Brittany,Fisher,brittany.fisher@yahoo.com,541-973-9189,1943-08-17,"0973 Crystal Court Apt. 281, North Danielton, AS 11846",216942.41,inactive,2021-08-15
4940,Melissa,Riggs,melissa.riggs@hotmail.com,510-917-8189,2004-10-26,"7207 Trevino Orchard, Port Diana, DC 62624",179030.32,active,2020-02-08
4941,Ryan,Green,ryan.green@hotmail.com,294-552-7340,1998-03-11,"28375 Beth Place Apt. 870, Allisonstad, PA 26585",22336.49,inactive,2020-08-11
4942,Alison,Jimenez,alison.jimenez@yahoo.com,695-252-8454,1982-09-21,"96971 Rice Mission Suite 541, New Kellyfort, MO 22392",149946.03,suspended,2024-11-11
4943,Brittany,Rios,brittany.rios@hotmail.com,633-945-6379,1976-05-29,"916 Timothy Common Apt. 276, Port Alexis, AS 07093",109809.55,active,2020-03-07
4944,Daniel,Chan,daniel.chan@hotmail.com,252-695-8744,1999-04-05,"04523 Brianna Flats Suite 375, Robertsfort, MP 49674",105069.44,inactive,2025-06-23
4946,Erik,Smith,erik.smith@hotmail.com,778-666-3485,1995-04-02,"7443 Lyons River, West James, MD 67689",54945.11,suspended,2020-12-10
4947,Kari,Phillips,kari.phillips@yahoo.com,503-719-6535,1956-12-18,"813 Weeks Dam, Richardview, NV 05850",77576.62,suspended,2024-04-29
4948,Jacob,Lowe,jacob.lowe@yahoo.com,793-210-9314,2006-06-23,"83697 Vargas Vista Apt. 992, Port Tracey, OH 79407",75236.29,suspended,2024-05-27
4950,Corey,Beard,corey.beard@yahoo.com,946-811-3981,1974-09-12,"37753 White Knoll Apt. 253, Fergusonside, PW 55966",222721.5,suspended,2020-01-24
4953,Brian,Gonzalez,brian.gonzalez@yahoo.com,468-959-9221,1969-04-22,"5128 David Pines Suite 076, Simpsonshire, AZ 38792",186024.88,active,2019-12-31
4954,Ashley,Smith,ashley.smith@hotmail.com,616-347-7164,1957-08-08,"3361 Smith Manors, North Vanessa, HI 47865",67466.29,inactive,2020-05-06
4955,Andrea,Young,andrea.young@yahoo.com,963-977-8275,1955-10-31,"240 Hahn Wells Apt. 834, Oconnellland, CT 64633",33486.52,active,2024-08-15
4956,Justin,Hanson,justin.hanson@yahoo.com,596-305-6547,2003-09-30,"7989 Mccoy Hollow Suite 331, West Joshua, TX 49652",45351.0,suspended,2021-10-09
4957,Oscar,Arnold,oscar.arnold@gmail.com,376-391-1532,1955-02-17,"762 Justin Inlet, New Amberville, VA 07639",108324.39,active,2021-12-23
4958,Kimberly,Hernandez,kimberly.hernandez@gmail.com,406-367-4798,1993-08-18,"73350 Kayla Meadows Suite 238, South Allison, KS 55022",60755.51,active,2023-06-17
4959,Carla,Ayala,carla.ayala@yahoo.com,420-831-4764,2004-01-15,"838 Parker Plaza Suite 887, New Calvin, FL 74801",73995.32,inactive,2025-01-28
4960,Joseph,Richardson,joseph.richardson@yahoo.com,925-228-7190,2006-09-02,"249 Susan Inlet, Knighttown, GA 48533",143651.73,inactive,2022-03-08
4961,Carolyn,James,carolyn.james@hotmail.com,925-980-5819,1945-03-15,"0174 Samantha Squares Apt. 130, New Timothy, FM 67218",153857.8,suspended,2024-02-21
4963,Gloria,Francis,gloria.francis@gmail.com,767-488-2886,1938-11-07,"525 Heather Hollow Apt. 863, Port Nicole, PW 22401",48311.92,suspended,2025-02-08
4966,Joseph,Orozco,joseph.orozco@gmail.com,319-792-9524,1986-09-05,"7119 Anderson Turnpike, Baileyborough, AK 51932",191893.21,inactive,2025-06-27
4967,Lisa,Lin,lisa.lin@gmail.com,558-518-3345,1993-09-26,"4755 Black Dam Suite 427, Oneillville, FM 74223",135528.42,active,2022-08-15
4968,Kathleen,Curtis,kathleen.curtis@gmail.com,785-339-5182,1979-08-18,"0018 Gardner Knolls Suite 480, West Richard, WA 56123",233478.3,inactive,2023-11-27
4969,Darrell,Reed,darrell.reed@yahoo.com,691-770-7951,1978-10-26,"734 Francis Falls Suite 386, Lake Alyssamouth, WI 32799",140243.98,active,2026-05-07
4970,David,Mckee,david.mckee@gmail.com,606-228-3956,1968-08-16,"206 Angela Meadow, East Johnmouth, WY 13552",27333.6,suspended,2020-07-30
4971,Elizabeth,Hines,elizabeth.hines@gmail.com,372-325-5081,1955-10-03,"240 Kristina Hills Apt. 240, Benjaminview, OK 11824",215072.46,inactive,2025-03-23
4972,Cory,Gibbs,cory.gibbs@gmail.com,836-934-6341,2005-08-17,"813 Huber Mountain, West Sydney, SC 09502",142360.55,inactive,2025-08-21
4973,Rachel,Scott,rachel.scott@gmail.com,994-790-3158,1989-12-16,"4885 Melissa Coves Apt. 211, Lake James, AZ 59532",137867.92,inactive,2020-01-17
4975,Jessica,Richards,jessica.richards@gmail.com,916-278-5122,1964-02-07,"664 Ashley Motorway, Crystalberg, KY 41239",195919.41,inactive,2024-05-28
4976,Christopher,Khan,christopher.khan@yahoo.com,618-377-2853,1957-10-16,"Unit 3967 Box 7536, DPO AE 16120",123203.46,suspended,2022-08-15
4979,Jacob,West,jacob.west@yahoo.com,616-928-5759,2006-12-15,"7606 Meyer Street, Andrewsberg, WI 68232",57693.03,inactive,2023-01-18
4980,Patrick,Marquez,patrick.marquez@hotmail.com,901-281-3458,1980-09-07,"900 Baker Circles, Weissmouth, UT 01466",226457.27,active,2022-11-20
4982,Ethan,Rose,ethan.rose@hotmail.com,575-478-2094,1976-04-27,"003 Dale Walk, Richardsonmouth, NY 06744",106433.44,suspended,2023-05-07
4983,Steven,Hughes,steven.hughes@yahoo.com,340-874-2116,1963-12-29,"31297 Ashley Drives, Holderhaven, TN 81285",30332.91,inactive,2019-09-26
4984,Debra,Chapman,debra.chapman@hotmail.com,334-677-6235,1972-04-16,"13955 Hall Centers Suite 416, West Shirley, MN 93557",162351.94,active,2022-01-10
4985,Angela,French,angela.french@hotmail.com,375-615-8328,1999-12-07,"8697 Kerr Drive, Wangchester, AK 48205",74135.44,active,2022-09-11
4986,Daniel,Jones,daniel.jones@hotmail.com,938-607-1907,2004-02-20,"8399 Anderson Parkway, North Anthonyshire, NE 25860",124844.48,inactive,2024-02-08
4987,Christopher,Williams,christopher.williams@gmail.com,393-406-1219,1982-06-20,"31665 Theresa Forge Suite 010, New Bobby, MO 12974",145176.01,inactive,2020-08-05
4988,Hannah,Rogers,hannah.rogers@hotmail.com,345-443-4541,1963-02-24,"92441 John Place, East Gerald, LA 61009",106333.01,suspended,2021-02-23
4990,Amy,Ballard,amy.ballard@gmail.com,357-434-3204,1968-09-25,"839 Sharp Parks, Dustinfort, TX 13617",107096.58,active,2020-01-07
4992,Brendan,Garza,brendan.garza@yahoo.com,573-245-2750,2008-01-26,"390 Garcia Rue, Rebeccaton, MS 30915",143540.17,inactive,2025-08-11
4994,April,Barnes,april.barnes@yahoo.com,333-247-2952,2002-02-02,"94523 Anderson Cove, East Sheriland, VT 51424",206341.64,active,2020-04-10
4995,Sarah,Adams,sarah.adams@hotmail.com,329-443-4716,1959-05-19,"263 Deanna Rue, Whitefort, SC 98119",174517.1,suspended,2022-09-22
4996,Robert,Harris,robert.harris@yahoo.com,475-789-4239,1968-04-29,"Unit 6263 Box 5352, DPO AP 87557",185377.09,suspended,2026-08-22
4998,Natalie,Flores,natalie.flores@yahoo.com,327-279-8034,1975-04-29,"6424 Ian Garden, Amandaside, AS 62674",204994.56,suspended,2023-01-24
4999,Robert,Smith,robert.smith@gmail.com,285-489-3701,1950-09-30,"482 Arias Track Suite 908, Delgadoborough, CO 97805",234138.21,inactive,2021-09-15
