customer_id,first_name,last_name,email,phone,date_of_birth,address,income,account_status,created_date
1,D***,J***,d***@gmail.com,***-***-2421,1957-**-**,[MASKED ADDRESS],50000-74999,active,2025-**-**
2,J***,S***,j***@gmail.com,***-***-9935,1976-**-**,[MASKED ADDRESS],25000-49999,inactive,2025-**-**
3,J***,H***,j***@yahoo.com,***-***-4582,2006-**-**,[MASKED ADDRESS],50000-74999,active,2026-**-**
4,M***,S***,m***@hotmail.com,***-***-9928,1987-**-**,[MASKED ADDRESS],100000-124999,inactive,2026-**-**
5,J***,J***,j***@yahoo.com,***-***-3615,1960-**-**,[MASKED ADDRESS],150000-174999,inactive,2020-**-**
7,A***,B***,a***@hotmail.com,***-***-6214,1988-**-**,[MASKED ADDRESS],175000-199999,suspended,2025-**-**
9,T***,H***,t***@hotmail.com,***-***-8337,1991-**-**,[MASKED ADDRESS],150000-174999,active,2019-**-**
10,C***,P***,c***@yahoo.com,***-***-2307,2001-**-**,[MASKED ADDRESS],200000-224999,active,2024-**-**
11,M***,J***,m***@gmail.com,***-***-6977,1999-**-**,[MASKED ADDRESS],50000-74999,active,2022-**-**
12,S***,C***,s***@gmail.com,***-***-2169,1976-**-**,[MASKED ADDRESS],150000-174999,active,2024-**-**
13,S***,G***,s***@hotmail.com,***-***-2253,1957-**-**,[MASKED ADDRESS],100000-124999,inactive,2020-**-**
14,T***,R***,t***@hotmail.com,***-***-6313,1976-**-**,[MASKED ADDRESS],200000-224999,active,2020-**-**
15,R***,D***,r***@hotmail.com,***-***-7572,1978-**-**,[MASKED ADDRESS],75000-99999,active,2024-**-**
16,D***,B***,d***@gmail.com,***-***-4483,2003-**-**,[MASKED ADDRESS],150000-174999,inactive,2020-**-**
17,J***,C***,j***@hotmail.com,***-***-3287,2007-**-**,[MASKED ADDRESS],50000-74999,suspended,2021-**-**
19,B***,H***,b***@yahoo.com,***-***-8706,1946-**-**,[MASKED ADDRESS],125000-149999,active,2022-**-**
20,N***,J***,n***@yahoo.com,***-***-3621,1989-**-**,[MASKED ADDRESS],175000-199999,inactive,2025-**-**
24,J***,F***,j***@yahoo.com,***-***-9367,1980-**-**,[MASKED ADDRESS],225000-249999,active,2024-**-**
25,J***,A***,j***@gmail.com,***-***-7690,1998-**-**,[MASKED ADDRESS],200000-224999,suspended,2020-**-**
26,J***,B***,j***@yahoo.com,***-***-7126,1987-**-**,[MASKED ADDRESS],175000-199999,suspended,2019-**-**
28,J***,B***,j***@hotmail.com,***-***-1949,1966-**-**,[MASKED ADDRESS],50000-74999,suspended,2022-**-**
29,J***,M***,j***@yahoo.com,***-***-8962,2001-**-**,[MASKED ADDRESS],175000-199999,suspended,2025-**-**
33,D***,Y***,d***@yahoo.com,***-***-8397,1982-**-**,[MASKED ADDRESS],25000-49999,active,2022-**-**
34,A***,B***,a***@yahoo.com,***-***-4770,1961-**-**,[MASKED ADDRESS],125000-149999,active,2025-**-**
35,J***,R***,j***@gmail.com,***-***-1964,1977-**-**,[MASKED ADDRESS],50000-74999,active,2025-**-**
37,A***,H***,a***@hotmail.com,***-***-8744,2006-**-**,[MASKED ADDRESS],50000-74999,inactive,2024-**-**
38,D***,J***,d***@hotmail.com,***-***-2588,1972-**-**,[MASKED ADDRESS],150000-174999,inactive,2022-**-**
39,K***,C***,k***@hotmail.com,***-***-1000,1968-**-**,[MASKED ADDRESS],150000-174999,suspended,2021-**-**
41,B***,H***,b***@yahoo.com,***-***-9786,2003-**-**,[MASKED ADDRESS],100000-124999,inactive,2023-**-**
43,D***,M***,d***@yahoo.com,***-***-1828,1966-**-**,[MASKED ADDRESS],150000-174999,suspended,2021-**-**
44,C***,J***,c***@gmail.com,***-***-4872,1969-**-**,[MASKED ADDRESS],50000-74999,inactive,2026-**-**
45,S***,W***,s***@yahoo.com,***-***-1960,1996-**-**,[MASKED ADDRESS],50000-74999,active,2021-**-**
46,M***,B***,m***@hotmail.com,***-***-5673,1954-**-**,[MASKED ADDRESS],100000-124999,suspended,2022-**-**
49,K***,B***,k***@yahoo.com,***-***-8811,1981-**-**,[MASKED ADDRESS],125000-149999,suspended,2026-**-**
50,H***,B***,h***@gmail.com,***-***-7743,1940-**-**,[MASKED ADDRESS],200000-224999,active,2024-**-**
51,J***,S***,j***@yahoo.com,***-***-4853,1994-**-**,[MASKED ADDRESS],100000-124999,suspended,2020-**-**
54,J***,T***,j***@hotmail.com,***-***-7484,1947-**-**,[MASKED ADDRESS],25000-49999,suspended,2023-**-**
55,J***,W***,j***@hotmail.com,***-***-7281,2006-**-**,[MASKED ADDRESS],0-24999,suspended,2023-**-**
57,D***,B***,d***@yahoo.com,***-***-5002,1981-**-**,[MASKED ADDRESS],100000-124999,active,2025-**-**
58,C***,L***,c***@gmail.com,***-***-5956,1983-**-**,[MASKED ADDRESS],150000-174999,suspended,2021-**-**
60,J***,G***,j***@hotmail.com,***-***-2753,1989-**-**,[MASKED ADDRESS],175000-199999,active,2025-**-**
61,C***,R***,c***@yahoo.com,***-***-4450,1988-**-**,[MASKED ADDRESS],175000-199999,active,2023-**-**
63,C***,D***,c***@gmail.com,***-***-5533,1944-**-**,[MASKED ADDRESS],25000-49999,inactive,2025-**-**
64,E***,O***,e***@yahoo.com,***-***-3647,1997-**-**,[MASKED ADDRESS],175000-199999,suspended,2025-**-**
65,M***,K***,m***@gmail.com,***-***-2832,1966-**-**,[MASKED ADDRESS],25000-49999,suspended,2021-**-**
67,E***,W***,e***@hotmail.com,***-***-6050,1965-**-**,[MASKED ADDRESS],75000-99999,active,2021-**-**
70,M***,R***,m***@gmail.com,***-***-7142,1953-**-**,[MASKED ADDRESS],50000-74999,inactive,2024-**-**
71,G***,H***,g***@gmail.com,***-***-5065,1991-**-**,[MASKED ADDRESS],75000-99999,suspended,2022-**-**
72,B***,B***,b***@yahoo.com,***-***-2110,1942-**-**,[MASKED ADDRESS],50000-74999,inactive,2025-**-**
73,M***,A***,m***@gmail.com,***-***-4652,1948-**-**,[MASKED ADDRESS],0-24999,active,2022-**-**
74,R***,M***,r***@hotmail.com,***-***-4812,1980-**-**,[MASKED ADDRESS],225000-249999,inactive,2022-**-**
75,S***,C***,s***@hotmail.com,***-***-3956,1984-**-**,[MASKED ADDRESS],150000-174999,suspended,2022-**-**
76,M***,M***,m***@gmail.com,***-***-5279,1951-**-**,[MASKED ADDRESS],50000-74999,inactive,2022-**-**
77,J***,W***,j***@hotmail.com,***-***-9132,1957-**-**,[MASKED ADDRESS],75000-99999,inactive,2026-**-**
78,W***,B***,w***@gmail.com,***-***-2894,1949-**-**,[MASKED ADDRESS],100000-124999,suspended,2021-**-**
79,R***,H***,r***@gmail.com,***-***-8144,1968-**-**,[MASKED ADDRESS],0-24999,suspended,2024-**-**
80,D***,M***,d***@hotmail.com,***-***-6169,1996-**-**,[MASKED ADDRESS],225000-249999,inactive,2024-**-**
81,L***,B***,l***@yahoo.com,***-***-3041,1945-**-**,[MASKED ADDRESS],175000-199999,inactive,2019-**-**
82,E***,M***,e***@hotmail.com,***-***-7691,1963-**-**,[MASKED ADDRESS],75000-99999,suspended,2020-**-**
83,J***,C***,j***@hotmail.com,***-***-4143,1940-**-**,[MASKED ADDRESS],100000-124999,inactive,2023-**-**
84,N***,S***,n***@yahoo.com,***-***-5930,1959-**-**,[MASKED ADDRESS],100000-124999,active,2024-**-**
85,J***,L***,j***@yahoo.com,***-***-8043,1968-**-**,[MASKED ADDRESS],175000-199999,suspended,2023-**-**
86,M***,P***,m***@hotmail.com,***-***-8244,1969-**-**,[MASKED ADDRESS],150000-174999,active,2023-**-**
87,K***,J***,k***@hotmail.com,***-***-4964,1942-**-**,[MASKED ADDRESS],75000-99999,suspended,2021-**-**
88,A***,L***,a***@hotmail.com,***-***-4848,1974-**-**,[MASKED ADDRESS],150000-174999,active,2019-**-**
89,T***,D***,t***@hotmail.com,***-***-1757,1985-**-**,[MASKED ADDRESS],50000-74999,inactive,2024-**-**
90,D***,H***,d***@yahoo.com,***-***-8461,1942-**-**,[MASKED ADDRESS],100000-124999,suspended,2019-**-**
91,S***,F***,s***@hotmail.com,***-***-7291,1962-**-**,[MASKED ADDRESS],125000-149999,active,2020-**-**
93,A***,S***,a***@hotmail.com,***-***-9486,1949-**-**,[MASKED ADDRESS],100000-124999,suspended,2021-**-**
94,S***,W***,s***@hotmail.com,***-***-3862,1994-**-**,[MASKED ADDRESS],175000-199999,suspended,2023-**-**
95,D***,A***,d***@yahoo.com,***-***-6198,1946-**-**,[MASKED ADDRESS],225000-249999,inactive,2020-**-**
96,S***,K***,s***@gmail.com,***-***-7991,1972-**-**,[MASKED ADDRESS],200000-224999,inactive,2019-**-**
97,M***,W***,m***@hotmail.com,***-***-8777,1972-**-**,[MASKED ADDRESS],100000-124999,active,2021-**-**
98,A***,J***,a***@hotmail.com,***-***-9540,1973-**-**,[MASKED ADDRESS],125000-149999,active,2023-**-**
100,M***,N***,m***@hotmail.com,***-***-3267,2007-**-**,[MASKED ADDRESS],50000-74999,inactive,2023-**-**
102,L***,T***,l***@yahoo.com,***-***-2020,2002-**-**,[MASKED ADDRESS],50000-74999,inactive,2020-**-**
104,J***,M***,j***@hotmail.com,***-***-6763,1952-**-**,[MASKED ADDRESS],75000-99999,inactive,2022-**-**
105,K***,S***,k***@gmail.com,***-***-9947,1976-**-**,[MASKED ADDRESS],175000-199999,active,2021-**-**
107,A***,R***,a***@yahoo.com,***-***-1897,2007-**-**,[MASKED ADDRESS],175000-199999,inactive,2022-**-**
108,M***,P***,m***@hotmail.com,***-***-1441,1996-**-**,[MASKED ADDRESS],200000-224999,suspended,2025-**-**
110,T***,G***,t***@yahoo.com,***-***-2445,2007-**-**,[MASKED ADDRESS],100000-124999,active,2021-**-**
111,A***,M***,a***@yahoo.com,***-***-7211,1998-**-**,[MASKED ADDRESS],75000-99999,inactive,2021-**-**
112,A***,C***,a***@gmail.com,***-***-1317,1959-**-**,[MASKED ADDRESS],175000-199999,active,2023-**-**
113,J***,W***,j***@hotmail.com,***-***-2124,1947-**-**,[MASKED ADDRESS],175000-199999,suspended,2022-**-**
114,M***,W***,m***@yahoo.com,***-***-1528,2008-**-**,[MASKED ADDRESS],50000-74999,active,2026-**-**
115,K***,J***,k***@hotmail.com,***-***-3068,1984-**-**,[MASKED ADDRESS],100000-124999,active,2019-**-**
116,A***,W***,a***@gmail.com,***-***-5198,1992-**-**,[MASKED ADDRESS],175000-199999,active,2020-**-**
117,R***,S***,r***@hotmail.com,***-***-2876,2006-**-**,[MASKED ADDRESS],175000-199999,active,2019-**-**
118,R***,B***,r***@yahoo.com,***-***-1420,1975-**-**,[MASKED ADDRESS],200000-224999,suspended,2023-**-**
119,A***,M***,a***@yahoo.com,***-***-4249,1999-**-**,[MASKED ADDRESS],25000-49999,suspended,2022-**-**
120,D***,P***,d***@yahoo.com,***-***-5941,1963-**-**,[MASKED ADDRESS],200000-224999,suspended,2023-**-**
121,N***,W***,n***@hotmail.com,***-***-6688,1973-**-**,[MASKED ADDRESS],125000-149999,suspended,2025-**-**
122,D***,H***,d***@yahoo.com,***-***-8390,1949-**-**,[MASKED ADDRESS],0-24999,inactive,2022-**-**
123,D***,P***,d***@hotmail.com,***-***-6934,2002-**-**,[MASKED ADDRESS],150000-174999,inactive,2021-**-**
124,D***,D***,d***@gmail.com,***-***-9548,1948-**-**,[MASKED ADDRESS],225000-249999,inactive,2024-**-**
125,D***,W***,d***@yahoo.com,***-***-8921,1943-**-**,[MASKED ADDRESS],100000-124999,suspended,2019-**-**
126,H***,J***,h***@gmail.com,***-***-5022,1938-**-**,[MASKED ADDRESS],200000-224999,active,2020-**-**
127,M***,M***,m***@yahoo.com,***-***-8613,2005-**-**,[MASKED ADDRESS],125000-149999,suspended,2023-**-**
131,T***,B***,t***@yahoo.com,***-***-9004,1968-**-**,[MASKED ADDRESS],125000-149999,active,2023-**-**
132,N***,A***,n***@yahoo.com,***-***-9041,1968-**-**,[MASKED ADDRESS],100000-124999,active,2021-**-**
133,M***,R***,m***@yahoo.com,***-***-7625,1993-**-**,[MASKED ADDRESS],150000-174999,inactive,2025-**-**
134,C***,A***,c***@hotmail.com,***-***-9698,1994-**-**,[MASKED ADDRESS],75000-99999,suspended,2020-**-**
135,R***,R***,r***@hotmail.com,***-***-8434,1955-**-**,[MASKED ADDRESS],75000-99999,inactive,2020-**-**
136,G***,W***,g***@yahoo.com,***-***-4155,1964-**-**,[MASKED ADDRESS],75000-99999,suspended,2024-**-**
137,M***,M***,m***@yahoo.com,***-***-2479,1974-**-**,[MASKED ADDRESS],50000-74999,suspended,2020-**-**
138,E***,C***,e***@gmail.com,***-***-9197,2005-**-**,[MASKED ADDRESS],150000-174999,active,2021-**-**
139,L***,B***,l***@hotmail.com,***-***-6912,1944-**-**,[MASKED ADDRESS],50000-74999,active,2024-**-**
140,J***,E***,j***@gmail.com,***-***-8458,1981-**-**,[MASKED ADDRESS],225000-249999,suspended,2020-**-**
141,S***,T***,s***@yahoo.com,***-***-9042,1949-**-**,[MASKED ADDRESS],25000-49999,active,2023-**-**
142,T***,M***,t***@gmail.com,***-***-8843,1939-**-**,[MASKED ADDRESS],100000-124999,active,2020-**-**
143,C***,G***,c***@yahoo.com,***-***-2869,1991-**-**,[MASKED ADDRESS],200000-224999,inactive,2026-**-**
145,T***,S***,t***@yahoo.com,***-***-2940,1944-**-**,[MASKED ADDRESS],125000-149999,inactive,2023-**-**
146,B***,A***,b***@yahoo.com,***-***-4697,1967-**-**,[MASKED ADDRESS],175000-199999,inactive,2019-**-**
147,L***,S***,l***@gmail.com,***-***-8025,2006-**-**,[MASKED ADDRESS],75000-99999,suspended,2021-**-**
148,A***,R***,a***@hotmail.com,***-***-2625,1952-**-**,[MASKED ADDRESS],225000-249999,active,2026-**-**
149,G***,S***,g***@hotmail.com,***-***-2330,1959-**-**,[MASKED ADDRESS],50000-74999,active,2024-**-**
151,D***,A***,d***@hotmail.com,***-***-1534,1988-**-**,[MASKED ADDRESS],50000-74999,suspended,2020-**-**
153,P***,S***,p***@yahoo.com,***-***-7965,1963-**-**,[MASKED ADDRESS],25000-49999,active,2020-**-**
154,R***,M***,r***@hotmail.com,***-***-2169,1983-**-**,[MASKED ADDRESS],25000-49999,inactive,2025-**-**
155,C***,B***,c***@hotmail.com,***-***-5728,1984-**-**,[MASKED ADDRESS],100000-124999,inactive,2020-**-**
156,M***,P***,m***@yahoo.com,***-***-1043,1974-**-**,[MASKED ADDRESS],125000-149999,inactive,2023-**-**
158,J***,M***,j***@gmail.com,***-***-1423,1960-**-**,[MASKED ADDRESS],25000-49999,suspended,2023-**-**
159,A***,S***,a***@hotmail.com,***-***-5300,1951-**-**,[MASKED ADDRESS],125000-149999,active,2020-**-**
160,K***,B***,k***@yahoo.com,***-***-8245,1990-**-**,[MASKED ADDRESS],200000-224999,active,2021-**-**
161,C***,D***,c***@yahoo.com,***-***-9056,1947-**-**,[MASKED ADDRESS],225000-249999,inactive,2020-**-**
162,S***,T***,s***@gmail.com,***-***-6260,1992-**-**,[MASKED ADDRESS],150000-174999,active,2022-**-**
163,C***,A***,c***@hotmail.com,***-***-9117,1959-**-**,[MASKED ADDRESS],75000-99999,inactive,2022-**-**
164,M***,H***,m***@gmail.com,***-***-2442,1976-**-**,[MASKED ADDRESS],75000-99999,inactive,2020-**-**
166,T***,R***,t***@yahoo.com,***-***-1888,1967-**-**,[MASKED ADDRESS],50000-74999,inactive,2020-**-**
167,J***,T***,j***@hotmail.com,***-***-3727,1951-**-**,[MASKED ADDRESS],175000-199999,active,2019-**-**
168,C***,J***,c***@yahoo.com,***-***-5719,1995-**-**,[MASKED ADDRESS],100000-124999,suspended,2023-**-**
169,M***,C***,m***@gmail.com,***-***-4920,1997-**-**,[MASKED ADDRESS],175000-199999,inactive,2021-**-**
170,J***,R***,j***@gmail.com,***-***-7684,1975-**-**,[MASKED ADDRESS],25000-49999,active,2020-**-**
172,D***,D***,d***@hotmail.com,***-***-5479,2005-**-**,[MASKED ADDRESS],100000-124999,inactive,2023-**-**
173,G***,M***,g***@hotmail.com,***-***-3369,1943-**-**,[MASKED ADDRESS],100000-124999,suspended,2021-**-**
174,T***,G***,t***@gmail.com,***-***-2344,1976-**-**,[MASKED ADDRESS],75000-99999,inactive,2020-**-**
175,C***,M***,c***@yahoo.com,***-***-1042,2007-**-**,[MASKED ADDRESS],75000-99999,inactive,2022-**-**
176,B***,A***,b***@gmail.com,***-***-9022,1997-**-**,[MASKED ADDRESS],200000-224999,inactive,2020-**-**
180,D***,H***,d***@yahoo.com,***-***-7325,2007-**-**,[MASKED ADDRESS],225000-249999,suspended,2021-**-**
182,T***,L***,t***@yahoo.com,***-***-8849,1940-**-**,[MASKED ADDRESS],125000-149999,inactive,2022-**-**
183,D***,M***,d***@yahoo.com,***-***-7717,1969-**-**,[MASKED ADDRESS],200000-224999,active,2026-**-**
184,D***,Y***,d***@gmail.com,***-***-6546,2000-**-**,[MASKED ADDRESS],150000-174999,inactive,2025-**-**
185,J***,B***,j***@yahoo.com,***-***-9742,1969-**-**,[MASKED ADDRESS],100000-124999,inactive,2025-**-**
186,A***,B***,a***@hotmail.com,***-***-2477,1983-**-**,[MASKED ADDRESS],50000-74999,suspended,2021-**-**
187,M***,S***,m***@hotmail.com,***-***-2480,1944-**-**,[MASKED ADDRESS],100000-124999,active,2023-**-**
189,A***,E***,a***@gmail.com,***-***-6873,1978-**-**,[MASKED ADDRESS],100000-124999,active,2023-**-**
192,M***,B***,m***@yahoo.com,***-***-5161,2001-**-**,[MASKED ADDRESS],100000-124999,suspended,2025-**-**
194,A***,S***,a***@gmail.com,***-***-7951,1989-**-**,[MASKED ADDRESS],150000-174999,inactive,2022-**-**
195,M***,L***,m***@yahoo.com,***-***-8916,2004-**-**,[MASKED ADDRESS],25000-49999,inactive,2023-**-**
196,C***,W***,c***@gmail.com,***-***-5847,1941-**-**,[MASKED ADDRESS],225000-249999,inactive,2020-**-**
197,R***,G***,r***@hotmail.com,***-***-5497,1974-**-**,[MASKED ADDRESS],0-24999,suspended,2026-**-**
200,E***,J***,e***@yahoo.com,***-***-3240,1963-**-**,[MASKED ADDRESS],150000-174999,suspended,2023-**-**
201,L***,W***,l***@yahoo.com,***-***-1546,1966-**-**,[MASKED ADDRESS],125000-149999,suspended,2026-**-**
204,M***,B***,m***@yahoo.com,***-***-5835,1942-**-**,[MASKED ADDRESS],175000-199999,inactive,2024-**-**
205,D***,J***,d***@gmail.com,***-***-3306,1984-**-**,[MASKED ADDRESS],175000-199999,active,2025-**-**
206,M***,V***,m***@yahoo.com,***-***-2479,1997-**-**,[MASKED ADDRESS],175000-199999,active,2022-**-**
207,T***,U***,t***@yahoo.com,***-***-8451,1990-**-**,[MASKED ADDRESS],75000-99999,suspended,2023-**-**
208,S***,L***,s***@yahoo.com,***-***-4204,1973-**-**,[MASKED ADDRESS],25000-49999,active,2023-**-**
209,N***,G***,n***@hotmail.com,***-***-6374,1964-**-**,[MASKED ADDRESS],200000-224999,active,2021-**-**
210,H***,G***,h***@hotmail.com,***-***-6214,1958-**-**,[MASKED ADDRESS],150000-174999,active,2025-**-**
212,H***,P***,h***@gmail.com,***-***-3222,1991-**-**,[MASKED ADDRESS],100000-124999,inactive,2025-**-**
214,D***,S***,d***@yahoo.com,***-***-7686,1955-**-**,[MASKED ADDRESS],225000-249999,inactive,2025-**-**
216,N***,J***,n***@gmail.com,***-***-7018,1994-**-**,[MASKED ADDRESS],125000-149999,suspended,2022-**-**
217,C***,C***,c***@gmail.com,***-***-5520,1982-**-**,[MASKED ADDRESS],75000-99999,active,2022-**-**
218,L***,B***,l***@yahoo.com,***-***-4475,1966-**-**,[MASKED ADDRESS],150000-174999,suspended,2021-**-**
219,K***,M***,k***@yahoo.com,***-***-4441,1992-**-**,[MASKED ADDRESS],225000-249999,suspended,2026-**-**
220,O***,S***,o***@hotmail.com,***-***-4394,1999-**-**,[MASKED ADDRESS],125000-149999,active,2024-**-**
221,K***,B***,k***@yahoo.com,***-***-1046,1962-**-**,[MASKED ADDRESS],75000-99999,active,2022-**-**
222,E***,B***,e***@hotmail.com,***-***-3858,1941-**-**,[MASKED ADDRESS],25000-49999,active,2025-**-**
223,C***,M***,c***@yahoo.com,***-***-4898,1960-**-**,[MASKED ADDRESS],125000-149999,active,2025-**-**
224,M***,T***,m***@yahoo.com,***-***-9814,1989-**-**,[MASKED ADDRESS],175000-199999,suspended,2024-**-**
225,C***,H***,c***@hotmail.com,***-***-8802,1978-**-**,[MASKED ADDRESS],100000-124999,inactive,2025-**-**
227,J***,F***,j***@yahoo.com,***-***-9543,1942-**-**,[MASKED ADDRESS],75000-99999,suspended,2026-**-**
228,M***,B***,m***@gmail.com,***-***-7580,1976-**-**,[MASKED ADDRESS],100000-124999,active,2026-**-**
229,S***,H***,s***@yahoo.com,***-***-6371,1974-**-**,[MASKED ADDRESS],200000-224999,inactive,2021-**-**
232,G***,G***,g***@hotmail.com,***-***-9282,1980-**-**,[MASKED ADDRESS],150000-174999,active,2020-**-**
233,J***,H***,j***@yahoo.com,***-***-4522,1973-**-**,[MASKED ADDRESS],100000-124999,active,2025-**-**
234,D***,B***,d***@gmail.com,***-***-7532,1963-**-**,[MASKED ADDRESS],100000-124999,active,2022-**-**
237,W***,H***,w***@hotmail.com,***-***-1982,1994-**-**,[MASKED ADDRESS],125000-149999,suspended,2022-**-**
238,P***,J***,p***@hotmail.com,***-***-3002,1981-**-**,[MASKED ADDRESS],100000-124999,suspended,2020-**-**
239,J***,S***,j***@yahoo.com,***-***-5712,1948-**-**,[MASKED ADDRESS],150000-174999,inactive,2021-**-**
242,S***,B***,s***@yahoo.com,***-***-1430,1938-**-**,[MASKED ADDRESS],150000-174999,suspended,2020-**-**
243,J***,M***,j***@gmail.com,***-***-5477,1999-**-**,[MASKED ADDRESS],150000-174999,inactive,2023-**-**
244,N***,S***,n***@hotmail.com,***-***-3972,2001-**-**,[MASKED ADDRESS],200000-224999,suspended,2022-**-**
245,H***,S***,h***@gmail.com,***-***-1502,1986-**-**,[MASKED ADDRESS],25000-49999,suspended,2022-**-**
247,D***,H***,d***@gmail.com,***-***-2391,1948-**-**,[MASKED ADDRESS],200000-224999,active,2023-**-**
248,C***,G***,c***@yahoo.com,***-***-1815,1956-**-**,[MASKED ADDRESS],150000-174999,inactive,2024-**-**
249,P***,M***,p***@gmail.com,***-***-8957,1982-**-**,[MASKED ADDRESS],150000-174999,inactive,2021-**-**
251,A***,F***,a***@hotmail.com,***-***-8972,1945-**-**,[MASKED ADDRESS],125000-149999,inactive,2025-**-**
252,S***,D***,s***@hotmail.com,***-***-1897,1947-**-**,[MASKED ADDRESS],0-24999,inactive,2026-**-**
253,A***,O***,a***@yahoo.com,***-***-5186,1997-**-**,[MASKED ADDRESS],75000-99999,active,2024-**-**
254,J***,K***,j***@gmail.com,***-***-8055,1968-**-**,[MASKED ADDRESS],50000-74999,inactive,2026-**-**
255,K***,W***,k***@yahoo.com,***-***-9196,1981-**-**,[MASKED ADDRESS],125000-149999,suspended,2020-**-**
256,M***,C***,m***@yahoo.com,***-***-1693,1994-**-**,[MASKED ADDRESS],100000-124999,inactive,2022-**-**
258,P***,B***,p***@gmail.com,***-***-7636,1953-**-**,[MASKED ADDRESS],0-24999,inactive,2021-**-**
259,V***,P***,v***@hotmail.com,***-***-6928,1961-**-**,[MASKED ADDRESS],25000-49999,active,2024-**-**
260,T***,K***,t***@hotmail.com,***-***-7560,1958-**-**,[MASKED ADDRESS],125000-149999,inactive,2023-**-**
261,L***,W***,l***@hotmail.com,***-***-4630,1969-**-**,[MASKED ADDRESS],75000-99999,active,2023-**-**
262,E***,C***,e***@yahoo.com,***-***-2868,1966-**-**,[MASKED ADDRESS],125000-149999,active,2025-**-**
264,J***,W***,j***@yahoo.com,***-***-3504,1942-**-**,[MASKED ADDRESS],175000-199999,active,2023-**-**
265,K***,P***,k***@hotmail.com,***-***-9095,1945-**-**,[MASKED ADDRESS],100000-124999,suspended,2025-**-**
266,M***,G***,m***@hotmail.com,***-***-2590,1982-**-**,[MASKED ADDRESS],200000-224999,suspended,2020-**-**
268,J***,S***,j***@hotmail.com,***-***-9724,1958-**-**,[MASKED ADDRESS],75000-99999,active,2023-**-**
269,P***,D***,p***@yahoo.com,***-***-1672,2003-**-**,[MASKED ADDRESS],25000-49999,inactive,2023-**-**
270,B***,D***,b***@yahoo.com,***-***-9307,1965-**-**,[MASKED ADDRESS],100000-124999,suspended,2025-**-**
271,R***,W***,r***@yahoo.com,***-***-8368,1991-**-**,[MASKED ADDRESS],200000-224999,suspended,2020-**-**
272,M***,W***,m***@yahoo.com,***-***-8792,1939-**-**,[MASKED ADDRESS],125000-149999,active,2024-**-**
273,M***,W***,m***@hotmail.com,***-***-2381,1938-**-**,[MASKED ADDRESS],125000-149999,active,2021-**-**
274,B***,A***,b***@gmail.com,***-***-8172,1940-**-**,[MASKED ADDRESS],225000-249999,inactive,2026-**-**
275,A***,D***,a***@gmail.com,***-***-6962,1983-**-**,[MASKED ADDRESS],100000-124999,inactive,2020-**-**
277,S***,A***,s***@yahoo.com,***-***-9730,1953-**-**,[MASKED ADDRESS],125000-149999,inactive,2022-**-**
278,R***,E***,r***@yahoo.com,***-***-3463,1980-**-**,[MASKED ADDRESS],75000-99999,suspended,2023-**-**
279,D***,C***,d***@gmail.com,***-***-4097,1948-**-**,[MASKED ADDRESS],25000-49999,suspended,2025-**-**
280,J***,F***,j***@yahoo.com,***-***-7171,1981-**-**,[MASKED ADDRESS],150000-174999,inactive,2025-**-**
281,N***,C***,n***@gmail.com,***-***-9624,1972-**-**,[MASKED ADDRESS],25000-49999,suspended,2025-**-**
283,Z***,M***,z***@yahoo.com,***-***-8967,1941-**-**,[MASKED ADDRESS],50000-74999,active,2024-**-**
284,R***,H***,r***@hotmail.com,***-***-2657,1950-**-**,[MASKED ADDRESS],125000-149999,suspended,2024-**-**
285,S***,C***,s***@yahoo.com,***-***-3835,1974-**-**,[MASKED ADDRESS],200000-224999,suspended,2020-**-**
286,B***,P***,b***@yahoo.com,***-***-3527,1989-**-**,[MASKED ADDRESS],50000-74999,suspended,2025-**-**
288,M***,E***,m***@gmail.com,***-***-5668,2003-**-**,[MASKED ADDRESS],175000-199999,inactive,2024-**-**
290,A***,K***,a***@gmail.com,***-***-8218,1975-**-**,[MASKED ADDRESS],100000-124999,inactive,2024-**-**
291,A***,J***,a***@gmail.com,***-***-7859,1982-**-**,[MASKED ADDRESS],225000-249999,active,2022-**-**
292,J***,J***,j***@hotmail.com,***-***-1854,1958-**-**,[MASKED ADDRESS],150000-174999,inactive,2019-**-**
293,L***,B***,l***@hotmail.com,***-***-7061,1971-**-**,[MASKED ADDRESS],200000-224999,inactive,2020-**-**
294,C***,K***,c***@yahoo.com,***-***-5469,1978-**-**,[MASKED ADDRESS],100000-124999,suspended,2025-**-**
295,K***,R***,k***@gmail.com,***-***-4637,1993-**-**,[MASKED ADDRESS],175000-199999,inactive,2025-**-**
297,K***,R***,k***@yahoo.com,***-***-4678,1939-**-**,[MASKED ADDRESS],0-24999,active,2022-**-**
299,D***,B***,d***@gmail.com,***-***-8685,1967-**-**,[MASKED ADDRESS],100000-124999,active,2025-**-**
301,M***,M***,m***@yahoo.com,***-***-2821,1949-**-**,[MASKED ADDRESS],175000-199999,active,2019-**-**
302,J***,S***,j***@yahoo.com,***-***-4906,1948-**-**,[MASKED ADDRESS],100000-124999,active,2023-**-**
303,G***,B***,g***@gmail.com,***-***-9189,1942-**-**,[MASKED ADDRESS],150000-174999,active,2021-**-**
304,J***,R***,j***@hotmail.com,***-***-3352,1958-**-**,[MASKED ADDRESS],75000-99999,active,2020-**-**
306,A***,B***,a***@yahoo.com,***-***-2108,1963-**-**,[MASKED ADDRESS],225000-249999,suspended,2025-**-**
307,P***,D***,p***@hotmail.com,***-***-4967,2003-**-**,[MASKED ADDRESS],100000-124999,inactive,2020-**-**
308,A***,J***,a***@yahoo.com,***-***-2664,1971-**-**,[MASKED ADDRESS],50000-74999,active,2026-**-**
311,J***,W***,j***@gmail.com,***-***-3868,1975-**-**,[MASKED ADDRESS],200000-224999,suspended,2020-**-**
312,B***,B***,b***@gmail.com,***-***-6151,1995-**-**,[MASKED ADDRESS],175000-199999,active,2021-**-**
313,L***,M***,l***@gmail.com,***-***-4302,2005-**-**,[MASKED ADDRESS],25000-49999,active,2021-**-**
314,B***,M***,b***@gmail.com,***-***-9444,1985-**-**,[MASKED ADDRESS],100000-124999,suspended,2026-**-**
317,W***,S***,w***@gmail.com,***-***-4060,1995-**-**,[MASKED ADDRESS],125000-149999,inactive,2021-**-**
318,J***,W***,j***@yahoo.com,***-***-2353,1939-**-**,[MASKED ADDRESS],175000-199999,active,2022-**-**
319,K***,F***,k***@gmail.com,***-***-9937,1976-**-**,[MASKED ADDRESS],75000-99999,active,2021-**-**
321,M***,M***,m***@yahoo.com,***-***-8272,1988-**-**,[MASKED ADDRESS],75000-99999,active,2021-**-**
322,C***,C***,c***@gmail.com,***-***-5498,1995-**-**,[MASKED ADDRESS],150000-174999,active,2022-**-**
324,A***,G***,a***@gmail.com,***-***-8179,2003-**-**,[MASKED ADDRESS],25000-49999,active,2024-**-**
325,R***,H***,r***@gmail.com,***-***-7579,1981-**-**,[MASKED ADDRESS],75000-99999,suspended,2024-**-**
327,M***,T***,m***@gmail.com,***-***-3255,1991-**-**,[MASKED ADDRESS],125000-149999,inactive,2021-**-**
329,D***,C***,d***@yahoo.com,***-***-7340,1982-**-**,[MASKED ADDRESS],200000-224999,active,2024-**-**
331,R***,W***,r***@gmail.com,***-***-4279,2003-**-**,[MASKED ADDRESS],25000-49999,active,2023-**-**
332,T***,Y***,t***@yahoo.com,***-***-8292,1995-**-**,[MASKED ADDRESS],225000-249999,suspended,2021-**-**
334,K***,M***,k***@hotmail.com,***-***-3852,1987-**-**,[MASKED ADDRESS],175000-199999,suspended,2023-**-**
335,S***,W***,s***@hotmail.com,***-***-3275,1963-**-**,[MASKED ADDRESS],50000-74999,inactive,2024-**-**
336,J***,M***,j***@yahoo.com,***-***-7044,1953-**-**,[MASKED ADDRESS],100000-124999,suspended,2026-**-**
337,A***,M***,a***@hotmail.com,***-***-2077,1988-**-**,[MASKED ADDRESS],75000-99999,suspended,2025-**-**
338,E***,H***,e***@gmail.com,***-***-7708,2005-**-**,[MASKED ADDRESS],200000-224999,active,2021-**-**
339,R***,C***,r***@yahoo.com,***-***-2215,1983-**-**,[MASKED ADDRESS],100000-124999,suspended,2025-**-**
340,S***,J***,s***@gmail.com,***-***-3981,1957-**-**,[MASKED ADDRESS],175000-199999,active,2020-**-**
341,L***,C***,l***@hotmail.com,***-***-3034,1964-**-**,[MASKED ADDRESS],125000-149999,inactive,2021-**-**
343,C***,B***,c***@hotmail.com,***-***-4216,1983-**-**,[MASKED ADDRESS],150000-174999,suspended,2023-**-**
344,M***,P***,m***@hotmail.com,***-***-5961,1969-**-**,[MASKED ADDRESS],150000-174999,active,2023-**-**
346,M***,T***,m***@yahoo.com,***-***-2373,1977-**-**,[MASKED ADDRESS],200000-224999,active,2019-**-**
347,V***,J***,v***@hotmail.com,***-***-5336,1990-**-**,[MASKED ADDRESS],150000-174999,suspended,2025-**-**
348,R***,B***,r***@yahoo.com,***-***-1496,1962-**-**,[MASKED ADDRESS],125000-149999,suspended,2022-**-**
349,H***,C***,h***@yahoo.com,***-***-5949,1975-**-**,[MASKED ADDRESS],125000-149999,suspended,2020-**-**
350,L***,H***,l***@hotmail.com,***-***-2195,1986-**-**,[MASKED ADDRESS],150000-174999,active,2022-**-**
351,A***,C***,a***@yahoo.com,***-***-8609,1949-**-**,[MASKED ADDRESS],50000-74999,suspended,2021-**-**
352,K***,T***,k***@gmail.com,***-***-6231,1940-**-**,[MASKED ADDRESS],175000-199999,inactive,2025-**-**
353,J***,B***,j***@hotmail.com,***-***-7070,1944-**-**,[MASKED ADDRESS],125000-149999,active,2022-**-**
354,C***,W***,c***@hotmail.com,***-***-3007,1942-**-**,[MASKED ADDRESS],75000-99999,active,2023-**-**
357,R***,M***,r***@gmail.com,***-***-3610,1985-**-**,[MASKED ADDRESS],125000-149999,suspended,2023-**-**
358,K***,W***,k***@hotmail.com,***-***-9148,1991-**-**,[MASKED ADDRESS],0-24999,inactive,2021-**-**
359,V***,D***,v***@yahoo.com,***-***-4524,1948-**-**,[MASKED ADDRESS],125000-149999,active,2021-**-**
360,C***,D***,c***@hotmail.com,***-***-6938,1943-**-**,[MASKED ADDRESS],75000-99999,active,2026-**-**
361,B***,T***,b***@yahoo.com,***-***-5333,1984-**-**,[MASKED ADDRESS],175000-199999,inactive,2025-**-**
362,T***,D***,t***@yahoo.com,***-***-1838,1973-**-**,[MASKED ADDRESS],125000-149999,active,2022-**-**
363,R***,B***,r***@gmail.com,***-***-2204,1966-**-**,[MASKED ADDRESS],100000-124999,suspended,2022-**-**
364,R***,A***,r***@hotmail.com,***-***-2946,1987-**-**,[MASKED ADDRESS],25000-49999,suspended,2020-**-**
365,J***,R***,j***@gmail.com,***-***-6990,2006-**-**,[MASKED ADDRESS],175000-199999,active,2022-**-**
366,J***,K***,j***@yahoo.com,***-***-9193,1975-**-**,[MASKED ADDRESS],25000-49999,active,2019-**-**
367,S***,H***,s***@gmail.com,***-***-6254,1950-**-**,[MASKED ADDRESS],125000-149999,active,2025-**-**
371,A***,M***,a***@hotmail.com,***-***-2795,1946-**-**,[MASKED ADDRESS],225000-249999,suspended,2022-**-**
372,R***,R***,r***@hotmail.com,***-***-1436,1941-**-**,[MASKED ADDRESS],150000-174999,inactive,2023-**-**
373,A***,R***,a***@hotmail.com,***-***-1841,1980-**-**,[MASKED ADDRESS],125000-149999,active,2020-**-**
374,M***,P***,m***@yahoo.com,***-***-7229,2002-**-**,[MASKED ADDRESS],50000-74999,suspended,2020-**-**
376,J***,K***,j***@hotmail.com,***-***-7765,1960-**-**,[MASKED ADDRESS],150000-174999,inactive,2023-**-**
377,J***,R***,j***@hotmail.com,***-***-8369,1992-**-**,[MASKED ADDRESS],200000-224999,suspended,2021-**-**
378,S***,W***,s***@gmail.com,***-***-9498,1953-**-**,[MASKED ADDRESS],50000-74999,inactive,2025-**-**
380,R***,C***,r***@yahoo.com,***-***-6804,1952-**-**,[MASKED ADDRESS],150000-174999,suspended,2020-**-**
382,B***,G***,b***@yahoo.com,***-***-5876,1971-**-**,[MASKED ADDRESS],175000-199999,suspended,2020-**-**
383,N***,D***,n***@hotmail.com,***-***-7672,1977-**-**,[MASKED ADDRESS],75000-99999,inactive,2024-**-**
385,I***,H***,i***@yahoo.com,***-***-6654,1949-**-**,[MASKED ADDRESS],225000-249999,active,2020-**-**
386,K***,C***,k***@hotmail.com,***-***-2294,1977-**-**,[MASKED ADDRESS],75000-99999,inactive,2023-**-**
387,B***,B***,b***@gmail.com,***-***-5965,1997-**-**,[MASKED ADDRESS],50000-74999,suspended,2023-**-**
388,M***,B***,m***@hotmail.com,***-***-6239,1942-**-**,[MASKED ADDRESS],25000-49999,suspended,2023-**-**
389,R***,M***,r***@gmail.com,***-***-1831,1963-**-**,[MASKED ADDRESS],150000-174999,suspended,2020-**-**
390,C***,P***,c***@hotmail.com,***-***-1860,2006-**-**,[MASKED ADDRESS],25000-49999,inactive,2024-**-**
391,M***,M***,m***@gmail.com,***-***-8080,1958-**-**,[MASKED ADDRESS],0-24999,suspended,2021-**-**
392,A***,Y***,a***@gmail.com,***-***-8793,1970-**-**,[MASKED ADDRESS],100000-124999,active,2024-**-**
393,C***,H***,c***@hotmail.com,***-***-1969,1956-**-**,[MASKED ADDRESS],200000-224999,active,2023-**-**
394,S***,L***,s***@gmail.com,***-***-1611,1994-**-**,[MASKED ADDRESS],200000-224999,active,2020-**-**
395,J***,T***,j***@yahoo.com,***-***-7504,1970-**-**,[MASKED ADDRESS],175000-199999,active,2021-**-**
396,A***,M***,a***@yahoo.com,***-***-6333,1988-**-**,[MASKED ADDRESS],125000-149999,active,2023-**-**
397,D***,D***,d***@yahoo.com,***-***-4010,1983-**-**,[MASKED ADDRESS],125000-149999,active,2022-**-**
398,J***,M***,j***@hotmail.com,***-***-4159,1967-**-**,[MASKED ADDRESS],175000-199999,inactive,2021-**-**
399,J***,H***,j***@yahoo.com,***-***-3316,2008-**-**,[MASKED ADDRESS],175000-199999,active,2024-**-**
401,C***,P***,c***@gmail.com,***-***-5372,2002-**-**,[MASKED ADDRESS],25000-49999,suspended,2022-**-**
402,W***,M***,w***@yahoo.com,***-***-8822,1964-**-**,[MASKED ADDRESS],75000-99999,active,2025-**-**
403,J***,H***,j***@yahoo.com,***-***-4858,1942-**-**,[MASKED ADDRESS],100000-124999,inactive,2026-**-**
404,J***,E***,j***@yahoo.com,***-***-1187,1962-**-**,[MASKED ADDRESS],75000-99999,inactive,2022-**-**
406,J***,S***,j***@hotmail.com,***-***-6095,1989-**-**,[MASKED ADDRESS],150000-174999,suspended,2022-**-**
409,M***,S***,m***@yahoo.com,***-***-2687,1982-**-**,[MASKED ADDRESS],175000-199999,suspended,2021-**-**
411,D***,L***,d***@yahoo.com,***-***-2011,1941-**-**,[MASKED ADDRESS],200000-224999,suspended,2025-**-**
412,K***,A***,k***@hotmail.com,***-***-3455,1988-**-**,[MASKED ADDRESS],50000-74999,suspended,2024-**-**
413,R***,M***,r***@hotmail.com,***-***-4365,1940-**-**,[MASKED ADDRESS],175000-199999,inactive,2021-**-**
414,D***,M***,d***@gmail.com,***-***-1911,1950-**-**,[MASKED ADDRESS],100000-124999,suspended,2025-**-**
416,S***,W***,s***@yahoo.com,***-***-7487,1988-**-**,[MASKED ADDRESS],50000-74999,active,2023-**-**
417,S***,R***,s***@yahoo.com,***-***-1742,1972-**-**,[MASKED ADDRESS],100000-124999,suspended,2024-**-**
420,J***,W***,j***@hotmail.com,***-***-8348,1994-**-**,[MASKED ADDRESS],200000-224999,inactive,2021-**-**
421,J***,B***,j***@gmail.com,***-***-9835,1960-**-**,[MASKED ADDRESS],25000-49999,inactive,2022-**-**
422,M***,H***,m***@yahoo.com,***-***-7439,1996-**-**,[MASKED ADDRESS],125000-149999,suspended,2025-**-**
423,L***,G***,l***@gmail.com,***-***-2528,1995-**-**,[MASKED ADDRESS],225000-249999,inactive,2024-**-**
424,A***,F***,a***@gmail.com,***-***-7214,1977-**-**,[MASKED ADDRESS],200000-224999,active,2020-**-**
425,D***,H***,d***@yahoo.com,***-***-5516,1941-**-**,[MASKED ADDRESS],50000-74999,suspended,2021-**-**
427,J***,P***,j***@yahoo.com,***-***-2653,1941-**-**,[MASKED ADDRESS],125000-149999,inactive,2023-**-**
428,B***,L***,b***@hotmail.com,***-***-1797,1941-**-**,[MASKED ADDRESS],50000-74999,active,2019-**-**
429,S***,P***,s***@gmail.com,***-***-9625,1981-**-**,[MASKED ADDRESS],50000-74999,active,2022-**-**
431,K***,C***,k***@hotmail.com,***-***-6253,1974-**-**,[MASKED ADDRESS],50000-74999,active,2020-**-**
432,T***,H***,t***@hotmail.com,***-***-5096,1970-**-**,[MASKED ADDRESS],75000-99999,suspended,2020-**-**
433,J***,N***,j***@yahoo.com,***-***-7627,2005-**-**,[MASKED ADDRESS],125000-149999,active,2020-**-**
434,B***,J***,b***@gmail.com,***-***-7244,1951-**-**,[MASKED ADDRESS],175000-199999,inactive,2022-**-**
435,M***,C***,m***@yahoo.com,***-***-9248,1970-**-**,[MASKED ADDRESS],100000-124999,suspended,2022-**-**
436,L***,J***,l***@gmail.com,***-***-5927,1982-**-**,[MASKED ADDRESS],200000-224999,active,2021-**-**
437,J***,M***,j***@hotmail.com,***-***-7761,1971-**-**,[MASKED ADDRESS],225000-249999,suspended,2021-**-**
438,J***,S***,j***@yahoo.com,***-***-4978,1956-**-**,[MASKED ADDRESS],50000-74999,inactive,2020-**-**
439,D***,M***,d***@yahoo.com,***-***-2514,1969-**-**,[MASKED ADDRESS],125000-149999,active,2025-**-**
441,J***,M***,j***@hotmail.com,***-***-4555,1959-**-**,[MASKED ADDRESS],100000-124999,inactive,2020-**-**
442,K***,S***,k***@gmail.com,***-***-2371,1984-**-**,[MASKED ADDRESS],225000-249999,active,2023-**-**
443,R***,M***,r***@yahoo.com,***-***-4350,1967-**-**,[MASKED ADDRESS],100000-124999,active,2021-**-**
446,A***,J***,a***@yahoo.com,***-***-8692,1986-**-**,[MASKED ADDRESS],175000-199999,inactive,2021-**-**
447,V***,A***,v***@hotmail.com,***-***-7781,1967-**-**,[MASKED ADDRESS],25000-49999,active,2024-**-**
449,J***,E***,j***@gmail.com,***-***-7249,2002-**-**,[MASKED ADDRESS],125000-149999,suspended,2022-**-**
450,D***,W***,d***@hotmail.com,***-***-9005,1991-**-**,[MASKED ADDRESS],225000-249999,suspended,2022-**-**
451,J***,T***,j***@yahoo.com,***-***-6770,1985-**-**,[MASKED ADDRESS],50000-74999,suspended,2021-**-**
452,J***,J***,j***@gmail.com,***-***-9882,1985-**-**,[MASKED ADDRESS],225000-249999,active,2020-**-**
453,A***,B***,a***@gmail.com,***-***-1794,1992-**-**,[MASKED ADDRESS],175000-199999,inactive,2020-**-**
454,G***,J***,g***@gmail.com,***-***-2113,1967-**-**,[MASKED ADDRESS],150000-174999,active,2025-**-**
455,A***,L***,a***@hotmail.com,***-***-7114,1953-**-**,[MASKED ADDRESS],25000-49999,suspended,2024-**-**
456,D***,T***,d***@hotmail.com,***-***-8993,1991-**-**,[MASKED ADDRESS],0-24999,suspended,2019-**-**
457,K***,R***,k***@hotmail.com,***-***-1274,1991-**-**,[MASKED ADDRESS],125000-149999,inactive,2020-**-**
458,N***,T***,n***@gmail.com,***-***-9228,1960-**-**,[MASKED ADDRESS],175000-199999,suspended,2020-**-**
460,J***,C***,j***@yahoo.com,***-***-5135,1980-**-**,[MASKED ADDRESS],175000-199999,inactive,2024-**-**
461,L***,L***,l***@yahoo.com,***-***-7652,1939-**-**,[MASKED ADDRESS],100000-124999,active,2022-**-**
462,T***,C***,t***@gmail.com,***-***-2320,1988-**-**,[MASKED ADDRESS],150000-174999,suspended,2024-**-**
463,C***,D***,c***@gmail.com,***-***-4171,2008-**-**,[MASKED ADDRESS],100000-124999,inactive,2026-**-**
465,J***,C***,j***@gmail.com,***-***-9653,1987-**-**,[MASKED ADDRESS],200000-224999,active,2022-**-**
470,J***,L***,j***@yahoo.com,***-***-6435,1995-**-**,[MASKED ADDRESS],100000-124999,suspended,2022-**-**
471,S***,D***,s***@hotmail.com,***-***-2284,1971-**-**,[MASKED ADDRESS],125000-149999,inactive,2025-**-**
472,W***,A***,w***@yahoo.com,***-***-6762,1970-**-**,[MASKED ADDRESS],200000-224999,inactive,2026-**-**
473,J***,M***,j***@gmail.com,***-***-3173,1984-**-**,[MASKED ADDRESS],225000-249999,inactive,2019-**-**
475,J***,H***,j***@hotmail.com,***-***-4043,1984-**-**,[MASKED ADDRESS],150000-174999,suspended,2020-**-**
476,J***,P***,j***@gmail.com,***-***-1805,1990-**-**,[MASKED ADDRESS],175000-199999,suspended,2022-**-**
478,J***,B***,j***@hotmail.com,***-***-6188,1997-**-**,[MASKED ADDRESS],75000-99999,active,2024-**-**
479,S***,W***,s***@gmail.com,***-***-6896,1989-**-**,[MASKED ADDRESS],175000-199999,active,2026-**-**
480,P***,A***,p***@hotmail.com,***-***-8061,1991-**-**,[MASKED ADDRESS],100000-124999,suspended,2025-**-**
482,T***,S***,t***@gmail.com,***-***-6315,1966-**-**,[MASKED ADDRESS],200000-224999,active,2025-**-**
483,E***,H***,e***@hotmail.com,***-***-3388,1939-**-**,[MASKED ADDRESS],175000-199999,suspended,2023-**-**
484,D***,N***,d***@hotmail.com,***-***-3778,1988-**-**,[MASKED ADDRESS],150000-174999,active,2023-**-**
485,H***,S***,h***@yahoo.com,***-***-5397,1969-**-**,[MASKED ADDRESS],125000-149999,active,2025-**-**
487,J***,L***,j***@gmail.com,***-***-8590,1958-**-**,[MASKED ADDRESS],125000-149999,active,2022-**-**
488,J***,H***,j***@yahoo.com,***-***-5991,1976-**-**,[MASKED ADDRESS],0-24999,inactive,2021-**-**
489,A***,H***,a***@gmail.com,***-***-6399,1973-**-**,[MASKED ADDRESS],100000-124999,inactive,2022-**-**
490,C***,B***,c***@gmail.com,***-***-6253,1992-**-**,[MASKED ADDRESS],150000-174999,suspended,2020-**-**
491,C***,B***,c***@yahoo.com,***-***-3910,1978-**-**,[MASKED ADDRESS],225000-249999,inactive,2024-**-**
492,D***,T***,d***@yahoo.com,***-***-9044,1977-**-**,[MASKED ADDRESS],225000-249999,active,2023-**-**
494,W***,C***,w***@hotmail.com,***-***-3947,1971-**-**,[MASKED ADDRESS],150000-174999,suspended,2024-**-**
495,B***,W***,b***@hotmail.com,***-***-4434,1949-**-**,[MASKED ADDRESS],100000-124999,inactive,2026-**-**
496,G***,B***,g***@hotmail.com,***-***-9180,1961-**-**,[MASKED ADDRESS],25000-49999,inactive,2025-**-**
497,M***,J***,m***@hotmail.com,***-***-9082,1970-**-**,[MASKED ADDRESS],175000-199999,inactive,2023-**-**
498,A***,J***,a***@hotmail.com,***-***-8851,1951-**-**,[MASKED ADDRESS],125000-149999,suspended,2025-**-**
499,A***,A***,a***@hotmail.com,***-***-9907,2007-**-**,[MASKED ADDRESS],25000-49999,inactive,2020-**-**
500,E***,G***,e***@hotmail.com,***-***-2392,1971-**-**,[MASKED ADDRESS],25000-49999,active,2020-**-**
501,S***,C***,s***@gmail.com,***-***-4135,1965-**-**,[MASKED ADDRESS],125000-149999,suspended,2022-**-**
503,K***,L***,k***@gmail.com,***-***-9499,2008-**-**,[MASKED ADDRESS],125000-149999,suspended,2023-**-**
505,J***,J***,j***@gmail.com,***-***-3371,1950-**-**,[MASKED ADDRESS],75000-99999,active,2020-**-**
506,M***,F***,m***@hotmail.com,***-***-7815,1963-**-**,[MASKED ADDRESS],200000-224999,active,2021-**-**
507,S***,M***,s***@yahoo.com,***-***-6707,1959-**-**,[MASKED ADDRESS],75000-99999,inactive,2025-**-**
509,G***,H***,g***@yahoo.com,***-***-5919,2006-**-**,[MASKED ADDRESS],25000-49999,suspended,2021-**-**
510,J***,W***,j***@gmail.com,***-***-2791,1949-**-**,[MASKED ADDRESS],150000-174999,active,2025-**-**
511,J***,F***,j***@hotmail.com,***-***-3623,1958-**-**,[MASKED ADDRESS],75000-99999,inactive,2023-**-**
512,K***,G***,k***@gmail.com,***-***-4022,1982-**-**,[MASKED ADDRESS],50000-74999,suspended,2021-**-**
513,M***,W***,m***@yahoo.com,***-***-4232,1976-**-**,[MASKED ADDRESS],100000-124999,inactive,2021-**-**
514,T***,B***,t***@gmail.com,***-***-4519,1983-**-**,[MASKED ADDRESS],50000-74999,suspended,2022-**-**
516,L***,F***,l***@gmail.com,***-***-5298,1943-**-**,[MASKED ADDRESS],150000-174999,inactive,2024-**-**
518,C***,T***,c***@hotmail.com,***-***-8501,1975-**-**,[MASKED ADDRESS],150000-174999,suspended,2025-**-**
519,P***,G***,p***@yahoo.com,***-***-2388,1993-**-**,[MASKED ADDRESS],150000-174999,inactive,2023-**-**
523,M***,J***,m***@gmail.com,***-***-9022,1963-**-**,[MASKED ADDRESS],75000-99999,active,2024-**-**
525,W***,F***,w***@gmail.com,***-***-7290,1967-**-**,[MASKED ADDRESS],225000-249999,suspended,2021-**-**
526,L***,M***,l***@hotmail.com,***-***-9056,1959-**-**,[MASKED ADDRESS],100000-124999,inactive,2021-**-**
527,A***,B***,a***@gmail.com,***-***-1505,1951-**-**,[MASKED ADDRESS],175000-199999,active,2021-**-**
528,S***,P***,s***@yahoo.com,***-***-4683,1960-**-**,[MASKED ADDRESS],125000-149999,active,2023-**-**
530,M***,C***,m***@hotmail.com,***-***-9898,1968-**-**,[MASKED ADDRESS],200000-224999,inactive,2020-**-**
532,W***,W***,w***@gmail.com,***-***-5055,1959-**-**,[MASKED ADDRESS],75000-99999,active,2025-**-**
534,C***,P***,c***@gmail.com,***-***-6744,1980-**-**,[MASKED ADDRESS],200000-224999,suspended,2024-**-**
535,T***,L***,t***@gmail.com,***-***-3281,1952-**-**,[MASKED ADDRESS],175000-199999,active,2021-**-**
537,H***,M***,h***@yahoo.com,***-***-5794,1987-**-**,[MASKED ADDRESS],75000-99999,inactive,2024-**-**
539,D***,L***,d***@hotmail.com,***-***-3078,1940-**-**,[MASKED ADDRESS],50000-74999,active,2026-**-**
540,B***,S***,b***@gmail.com,***-***-6277,1995-**-**,[MASKED ADDRESS],200000-224999,suspended,2023-**-**
542,S***,P***,s***@yahoo.com,***-***-1732,1939-**-**,[MASKED ADDRESS],100000-124999,suspended,2021-**-**
543,K***,R***,k***@hotmail.com,***-***-8449,1956-**-**,[MASKED ADDRESS],225000-249999,inactive,2023-**-**
544,A***,M***,a***@yahoo.com,***-***-2526,1981-**-**,[MASKED ADDRESS],175000-199999,inactive,2020-**-**
545,E***,M***,e***@gmail.com,***-***-7516,1944-**-**,[MASKED ADDRESS],50000-74999,inactive,2022-**-**
547,C***,S***,c***@gmail.com,***-***-8951,1963-**-**,[MASKED ADDRESS],175000-199999,suspended,2020-**-**
550,R***,G***,r***@yahoo.com,***-***-9454,1980-**-**,[MASKED ADDRESS],200000-224999,inactive,2025-**-**
551,B***,C***,b***@hotmail.com,***-***-5102,1996-**-**,[MASKED ADDRESS],25000-49999,suspended,2025-**-**
552,L***,J***,l***@gmail.com,***-***-1719,1950-**-**,[MASKED ADDRESS],175000-199999,active,2024-**-**
553,J***,L***,j***@hotmail.com,***-***-2559,1953-**-**,[MASKED ADDRESS],0-24999,inactive,2021-**-**
554,D***,J***,d***@yahoo.com,***-***-4705,1960-**-**,[MASKED ADDRESS],125000-149999,inactive,2025-**-**
555,A***,H***,a***@yahoo.com,***-***-6629,1996-**-**,[MASKED ADDRESS],175000-199999,inactive,2026-**-**
556,B***,S***,b***@yahoo.com,***-***-4751,1945-**-**,[MASKED ADDRESS],100000-124999,suspended,2025-**-**
557,L***,G***,l***@gmail.com,***-***-7022,1987-**-**,[MASKED ADDRESS],200000-224999,active,2025-**-**
558,T***,D***,t***@hotmail.com,***-***-3181,1992-**-**,[MASKED ADDRESS],150000-174999,suspended,2022-**-**
561,D***,P***,d***@gmail.com,***-***-8248,1962-**-**,[MASKED ADDRESS],200000-224999,active,2022-**-**
562,C***,S***,c***@gmail.com,***-***-3017,1945-**-**,[MASKED ADDRESS],125000-149999,inactive,2025-**-**
564,E***,J***,e***@yahoo.com,***-***-7856,1961-**-**,[MASKED ADDRESS],175000-199999,suspended,2025-**-**
565,T***,A***,t***@gmail.com,***-***-4366,1972-**-**,[MASKED ADDRESS],125000-149999,suspended,2026-**-**
566,J***,F***,j***@yahoo.com,***-***-5842,1955-**-**,[MASKED ADDRESS],150000-174999,active,2024-**-**
567,J***,M***,j***@hotmail.com,***-***-4949,1963-**-**,[MASKED ADDRESS],125000-149999,suspended,2021-**-**
568,B***,M***,b***@hotmail.com,***-***-6916,1962-**-**,[MASKED ADDRESS],225000-249999,active,2025-**-**
569,K***,M***,k***@gmail.com,***-***-6986,1938-**-**,[MASKED ADDRESS],125000-149999,active,2022-**-**
570,E***,M***,e***@hotmail.com,***-***-1273,1956-**-**,[MASKED ADDRESS],125000-149999,active,2021-**-**
572,C***,R***,c***@hotmail.com,***-***-9209,1986-**-**,[MASKED ADDRESS],175000-199999,inactive,2020-**-**
574,S***,B***,s***@hotmail.com,***-***-2294,1941-**-**,[MASKED ADDRESS],125000-149999,active,2023-**-**
575,T***,T***,t***@hotmail.com,***-***-7401,2001-**-**,[MASKED ADDRESS],125000-149999,active,2024-**-**
577,J***,P***,j***@yahoo.com,***-***-8118,1971-**-**,[MASKED ADDRESS],25000-49999,suspended,2026-**-**
578,J***,W***,j***@hotmail.com,***-***-3877,1965-**-**,[MASKED ADDRESS],25000-49999,suspended,2019-**-**
579,A***,S***,a***@gmail.com,***-***-3684,1998-**-**,[MASKED ADDRESS],125000-149999,inactive,2025-**-**
580,A***,Q***,a***@hotmail.com,***-***-5247,1954-**-**,[MASKED ADDRESS],50000-74999,active,2020-**-**
581,C***,P***,c***@yahoo.com,***-***-1480,2003-**-**,[MASKED ADDRESS],75000-99999,inactive,2023-**-**
582,A***,M***,a***@gmail.com,***-***-5317,1944-**-**,[MASKED ADDRESS],175000-199999,suspended,2023-**-**
583,V***,K***,v***@gmail.com,***-***-9368,2001-**-**,[MASKED ADDRESS],75000-99999,inactive,2025-**-**
584,S***,K***,s***@gmail.com,***-***-3577,1987-**-**,[MASKED ADDRESS],50000-74999,active,2020-**-**
585,A***,F***,a***@gmail.com,***-***-2889,1951-**-**,[MASKED ADDRESS],50000-74999,suspended,2020-**-**
586,B***,J***,b***@hotmail.com,***-***-5006,1973-**-**,[MASKED ADDRESS],25000-49999,inactive,2026-**-**
587,R***,T***,r***@hotmail.com,***-***-1579,1968-**-**,[MASKED ADDRESS],125000-149999,suspended,2022-**-**
588,A***,G***,a***@hotmail.com,***-***-5067,1991-**-**,[MASKED ADDRESS],100000-124999,suspended,2021-**-**
589,P***,B***,p***@yahoo.com,***-***-7108,1946-**-**,[MASKED ADDRESS],25000-49999,suspended,2023-**-**
591,J***,C***,j***@gmail.com,***-***-6090,1964-**-**,[MASKED ADDRESS],75000-99999,suspended,2025-**-**
592,B***,B***,b***@gmail.com,***-***-4287,1964-**-**,[MASKED ADDRESS],75000-99999,inactive,2021-**-**
593,L***,G***,l***@yahoo.com,***-***-1381,1991-**-**,[MASKED ADDRESS],125000-149999,inactive,2019-**-**
594,V***,A***,v***@yahoo.com,***-***-5016,2002-**-**,[MASKED ADDRESS],50000-74999,inactive,2024-**-**
595,M***,W***,m***@gmail.com,***-***-6675,1938-**-**,[MASKED ADDRESS],150000-174999,suspended,2026-**-**
596,D***,M***,d***@hotmail.com,***-***-7164,1948-**-**,[MASKED ADDRESS],200000-224999,suspended,2026-**-**
597,A***,K***,a***@hotmail.com,***-***-9235,1997-**-**,[MASKED ADDRESS],225000-249999,inactive,2023-**-**
599,K***,R***,k***@yahoo.com,***-***-7102,1978-**-**,[MASKED ADDRESS],100000-124999,suspended,2020-**-**
600,J***,J***,j***@gmail.com,***-***-6414,2008-**-**,[MASKED ADDRESS],25000-49999,inactive,2025-**-**
601,A***,B***,a***@hotmail.com,***-***-2020,1989-**-**,[MASKED ADDRESS],100000-124999,active,2025-**-**
603,E***,J***,e***@yahoo.com,***-***-5253,1994-**-**,[MASKED ADDRESS],50000-74999,active,2023-**-**
605,K***,R***,k***@yahoo.com,***-***-7372,1996-**-**,[MASKED ADDRESS],25000-49999,inactive,2021-**-**
606,T***,T***,t***@hotmail.com,***-***-8068,1950-**-**,[MASKED ADDRESS],75000-99999,active,2024-**-**
607,S***,R***,s***@gmail.com,***-***-5984,1979-**-**,[MASKED ADDRESS],200000-224999,suspended,2025-**-**
608,L***,R***,l***@yahoo.com,***-***-9063,1949-**-**,[MASKED ADDRESS],50000-74999,suspended,2019-**-**
609,A***,L***,a***@gmail.com,***-***-8254,1972-**-**,[MASKED ADDRESS],25000-49999,inactive,2023-**-**
610,E***,S***,e***@hotmail.com,***-***-7625,1994-**-**,[MASKED ADDRESS],200000-224999,suspended,2023-**-**
613,A***,C***,a***@yahoo.com,***-***-2376,1950-**-**,[MASKED ADDRESS],125000-149999,inactive,2022-**-**
614,A***,P***,a***@yahoo.com,***-***-4239,1953-**-**,[MASKED ADDRESS],200000-224999,inactive,2025-**-**
616,K***,O***,k***@gmail.com,***-***-8096,1978-**-**,[MASKED ADDRESS],200000-224999,inactive,2026-**-**
617,K***,T***,k***@hotmail.com,***-***-7990,1984-**-**,[MASKED ADDRESS],50000-74999,active,2021-**-**
618,S***,G***,s***@yahoo.com,***-***-8307,1965-**-**,[MASKED ADDRESS],200000-224999,active,2024-**-**
619,J***,W***,j***@gmail.com,***-***-5026,2002-**-**,[MASKED ADDRESS],150000-174999,inactive,2019-**-**
620,T***,H***,t***@hotmail.com,***-***-1999,1971-**-**,[MASKED ADDRESS],25000-49999,inactive,2022-**-**
621,A***,D***,a***@hotmail.com,***-***-9614,1961-**-**,[MASKED ADDRESS],50000-74999,suspended,2025-**-**
623,K***,N***,k***@yahoo.com,***-***-6269,1976-**-**,[MASKED ADDRESS],100000-124999,active,2022-**-**
624,W***,T***,w***@gmail.com,***-***-4588,2008-**-**,[MASKED ADDRESS],0-24999,inactive,2026-**-**
625,S***,S***,s***@yahoo.com,***-***-6856,1940-**-**,[MASKED ADDRESS],175000-199999,active,2026-**-**
626,A***,H***,a***@hotmail.com,***-***-4951,1981-**-**,[MASKED ADDRESS],75000-99999,suspended,2024-**-**
627,J***,G***,j***@yahoo.com,***-***-7363,1944-**-**,[MASKED ADDRESS],75000-99999,active,2026-**-**
629,M***,I***,m***@yahoo.com,***-***-6761,1979-**-**,[MASKED ADDRESS],225000-249999,suspended,2022-**-**
630,D***,A***,d***@gmail.com,***-***-9064,1937-**-**,[MASKED ADDRESS],125000-149999,active,2025-**-**
631,J***,L***,j***@hotmail.com,***-***-1920,1992-**-**,[MASKED ADDRESS],50000-74999,active,2021-**-**
632,A***,G***,a***@gmail.com,***-***-1011,1962-**-**,[MASKED ADDRESS],75000-99999,suspended,2026-**-**
633,R***,M***,r***@gmail.com,***-***-3907,1973-**-**,[MASKED ADDRESS],200000-224999,inactive,2024-**-**
634,M***,P***,m***@hotmail.com,***-***-3320,2008-**-**,[MASKED ADDRESS],175000-199999,suspended,2026-**-**
635,C***,F***,c***@yahoo.com,***-***-7481,1946-**-**,[MASKED ADDRESS],125000-149999,inactive,2022-**-**
636,J***,D***,j***@hotmail.com,***-***-3580,1938-**-**,[MASKED ADDRESS],175000-199999,inactive,2023-**-**
637,J***,M***,j***@yahoo.com,***-***-3854,1937-**-**,[MASKED ADDRESS],150000-174999,suspended,2021-**-**
638,C***,S***,c***@gmail.com,***-***-7972,1949-**-**,[MASKED ADDRESS],100000-124999,suspended,2019-**-**
639,G***,P***,g***@yahoo.com,***-***-1029,1987-**-**,[MASKED ADDRESS],225000-249999,suspended,2023-**-**
640,M***,C***,m***@gmail.com,***-***-1530,1994-**-**,[MASKED ADDRESS],50000-74999,inactive,2022-**-**
644,S***,H***,s***@gmail.com,***-***-2110,1951-**-**,[MASKED ADDRESS],75000-99999,active,2024-**-**
646,J***,W***,j***@hotmail.com,***-***-6754,1953-**-**,[MASKED ADDRESS],125000-149999,active,2022-**-**
647,K***,D***,k***@gmail.com,***-***-3261,1964-**-**,[MASKED ADDRESS],50000-74999,active,2021-**-**
648,D***,H***,d***@gmail.com,***-***-6221,1986-**-**,[MASKED ADDRESS],75000-99999,active,2026-**-**
649,T***,S***,t***@hotmail.com,***-***-2600,1964-**-**,[MASKED ADDRESS],50000-74999,active,2025-**-**
651,J***,M***,j***@hotmail.com,***-***-3573,1944-**-**,[MASKED ADDRESS],25000-49999,inactive,2024-**-**
652,T***,M***,t***@hotmail.com,***-***-9849,2003-**-**,[MASKED ADDRESS],75000-99999,inactive,2024-**-**
653,H***,L***,h***@gmail.com,***-***-1813,1973-**-**,[MASKED ADDRESS],100000-124999,suspended,2023-**-**
655,E***,D***,e***@hotmail.com,***-***-8869,1973-**-**,[MASKED ADDRESS],50000-74999,active,2023-**-**
656,T***,M***,t***@hotmail.com,***-***-5781,1979-**-**,[MASKED ADDRESS],225000-249999,inactive,2024-**-**
657,G***,M***,g***@hotmail.com,***-***-5539,1992-**-**,[MASKED ADDRESS],125000-149999,suspended,2025-**-**
659,P***,D***,p***@yahoo.com,***-***-8303,2006-**-**,[MASKED ADDRESS],25000-49999,inactive,2022-**-**
660,G***,G***,g***@yahoo.com,***-***-5400,1986-**-**,[MASKED ADDRESS],125000-149999,active,2021-**-**
661,J***,M***,j***@hotmail.com,***-***-2304,1955-**-**,[MASKED ADDRESS],175000-199999,inactive,2025-**-**
663,V***,E***,v***@hotmail.com,***-***-8779,1968-**-**,[MASKED ADDRESS],125000-149999,active,2021-**-**
664,D***,S***,d***@yahoo.com,***-***-4511,1971-**-**,[MASKED ADDRESS],200000-224999,suspended,2021-**-**
665,A***,T***,a***@gmail.com,***-***-6394,1974-**-**,[MASKED ADDRESS],175000-199999,active,2026-**-**
666,J***,P***,j***@hotmail.com,***-***-8357,1998-**-**,[MASKED ADDRESS],50000-74999,active,2019-**-**
667,L***,B***,l***@yahoo.com,***-***-1699,1999-**-**,[MASKED ADDRESS],100000-124999,suspended,2024-**-**
668,R***,L***,r***@hotmail.com,***-***-3422,1997-**-**,[MASKED ADDRESS],200000-224999,inactive,2021-**-**
669,S***,B***,s***@gmail.com,***-***-2425,1975-**-**,[MASKED ADDRESS],100000-124999,inactive,2023-**-**
670,M***,P***,m***@gmail.com,***-***-5200,1988-**-**,[MASKED ADDRESS],100000-124999,active,2020-**-**
671,C***,K***,c***@hotmail.com,***-***-7874,1941-**-**,[MASKED ADDRESS],25000-49999,active,2019-**-**
673,C***,R***,c***@gmail.com,***-***-6633,1991-**-**,[MASKED ADDRESS],200000-224999,inactive,2025-**-**
674,J***,S***,j***@hotmail.com,***-***-8750,1960-**-**,[MASKED ADDRESS],25000-49999,inactive,2022-**-**
676,D***,C***,d***@hotmail.com,***-***-8785,1962-**-**,[MASKED ADDRESS],200000-224999,inactive,2024-**-**
677,J***,W***,j***@yahoo.com,***-***-6094,1939-**-**,[MASKED ADDRESS],75000-99999,inactive,2026-**-**
678,K***,P***,k***@hotmail.com,***-***-5923,2005-**-**,[MASKED ADDRESS],225000-249999,inactive,2025-**-**
680,J***,E***,j***@yahoo.com,***-***-7671,1998-**-**,[MASKED ADDRESS],175000-199999,suspended,2024-**-**
681,D***,S***,d***@gmail.com,***-***-3760,1994-**-**,[MASKED ADDRESS],25000-49999,suspended,2022-**-**
682,M***,J***,m***@gmail.com,***-***-6046,1943-**-**,[MASKED ADDRESS],200000-224999,active,2020-**-**
683,K***,W***,k***@yahoo.com,***-***-2999,1968-**-**,[MASKED ADDRESS],50000-74999,inactive,2024-**-**
685,K***,H***,k***@gmail.com,***-***-3029,1950-**-**,[MASKED ADDRESS],150000-174999,active,2021-**-**
686,K***,J***,k***@yahoo.com,***-***-8308,1999-**-**,[MASKED ADDRESS],50000-74999,inactive,2022-**-**
687,D***,S***,d***@yahoo.com,***-***-6640,1946-**-**,[MASKED ADDRESS],50000-74999,inactive,2020-**-**
688,R***,M***,r***@yahoo.com,***-***-7333,1962-**-**,[MASKED ADDRESS],25000-49999,suspended,2025-**-**
689,E***,N***,e***@gmail.com,***-***-4688,1991-**-**,[MASKED ADDRESS],150000-174999,inactive,2024-**-**
690,L***,B***,l***@gmail.com,***-***-1145,1963-**-**,[MASKED ADDRESS],100000-124999,active,2022-**-**
691,M***,M***,m***@yahoo.com,***-***-1782,1940-**-**,[MASKED ADDRESS],50000-74999,inactive,2024-**-**
692,S***,V***,s***@gmail.com,***-***-8217,1995-**-**,[MASKED ADDRESS],100000-124999,active,2023-**-**
693,C***,D***,c***@hotmail.com,***-***-9530,1966-**-**,[MASKED ADDRESS],200000-224999,inactive,2021-**-**
695,M***,A***,m***@gmail.com,***-***-5631,1966-**-**,[MASKED ADDRESS],75000-99999,active,2020-**-**
696,J***,C***,j***@gmail.com,***-***-5529,1967-**-**,[MASKED ADDRESS],150000-174999,inactive,2021-**-**
697,K***,G***,k***@gmail.com,***-***-5895,2007-**-**,[MASKED ADDRESS],50000-74999,suspended,2023-**-**
699,M***,P***,m***@hotmail.com,***-***-9148,1948-**-**,[MASKED ADDRESS],225000-249999,inactive,2025-**-**
700,J***,P***,j***@hotmail.com,***-***-1578,1959-**-**,[MASKED ADDRESS],125000-149999,suspended,2021-**-**
703,H***,B***,h***@gmail.com,***-***-2599,1991-**-**,[MASKED ADDRESS],100000-124999,suspended,2020-**-**
704,D***,G***,d***@hotmail.com,***-***-3999,1957-**-**,[MASKED ADDRESS],225000-249999,inactive,2023-**-**
706,R***,L***,r***@yahoo.com,***-***-5269,1990-**-**,[MASKED ADDRESS],125000-149999,inactive,2021-**-**
707,J***,A***,j***@hotmail.com,***-***-2166,1955-**-**,[MASKED ADDRESS],100000-124999,active,2025-**-**
709,K***,H***,k***@yahoo.com,***-***-6872,1998-**-**,[MASKED ADDRESS],75000-99999,suspended,2026-**-**
710,C***,H***,c***@yahoo.com,***-***-3954,1999-**-**,[MASKED ADDRESS],175000-199999,inactive,2021-**-**
711,T***,N***,t***@gmail.com,***-***-6134,1953-**-**,[MASKED ADDRESS],150000-174999,active,2022-**-**
712,D***,P***,d***@hotmail.com,***-***-3762,2006-**-**,[MASKED ADDRESS],125000-149999,active,2021-**-**
714,J***,B***,j***@hotmail.com,***-***-8821,1987-**-**,[MASKED ADDRESS],100000-124999,active,2021-**-**
715,B***,B***,b***@gmail.com,***-***-7112,1999-**-**,[MASKED ADDRESS],225000-249999,inactive,2020-**-**
716,A***,L***,a***@gmail.com,***-***-1067,2004-**-**,[MASKED ADDRESS],150000-174999,active,2020-**-**
718,V***,S***,v***@gmail.com,***-***-3736,1961-**-**,[MASKED ADDRESS],25000-49999,active,2021-**-**
719,A***,V***,a***@gmail.com,***-***-9524,2005-**-**,[MASKED ADDRESS],150000-174999,inactive,2023-**-**
721,C***,S***,c***@yahoo.com,***-***-3701,1947-**-**,[MASKED ADDRESS],225000-249999,inactive,2022-**-**
722,R***,G***,r***@gmail.com,***-***-3149,1943-**-**,[MASKED ADDRESS],50000-74999,active,2026-**-**
723,R***,D***,r***@hotmail.com,***-***-3017,1983-**-**,[MASKED ADDRESS],75000-99999,suspended,2020-**-**
725,R***,K***,r***@yahoo.com,***-***-7452,2002-**-**,[MASKED ADDRESS],150000-174999,active,2026-**-**
727,H***,J***,h***@gmail.com,***-***-3508,1945-**-**,[MASKED ADDRESS],50000-74999,suspended,2020-**-**
728,J***,F***,j***@gmail.com,***-***-2654,1956-**-**,[MASKED ADDRESS],150000-174999,inactive,2026-**-**
729,K***,D***,k***@hotmail.com,***-***-3247,1954-**-**,[MASKED ADDRESS],100000-124999,active,2019-**-**
730,M***,G***,m***@yahoo.com,***-***-2928,1983-**-**,[MASKED ADDRESS],75000-99999,active,2020-**-**
731,D***,B***,d***@hotmail.com,***-***-4272,1941-**-**,[MASKED ADDRESS],175000-199999,suspended,2021-**-**
735,M***,O***,m***@hotmail.com,***-***-9383,1947-**-**,[MASKED ADDRESS],25000-49999,suspended,2021-**-**
736,D***,R***,d***@yahoo.com,***-***-4787,1983-**-**,[MASKED ADDRESS],100000-124999,inactive,2025-**-**
737,S***,R***,s***@gmail.com,***-***-5191,2004-**-**,[MASKED ADDRESS],175000-199999,active,2023-**-**
738,L***,F***,l***@hotmail.com,***-***-6123,1981-**-**,[MASKED ADDRESS],100000-124999,active,2023-**-**
739,J***,H***,j***@gmail.com,***-***-1158,1952-**-**,[MASKED ADDRESS],200000-224999,suspended,2025-**-**
740,A***,H***,a***@hotmail.com,***-***-8171,2007-**-**,[MASKED ADDRESS],225000-249999,inactive,2024-**-**
742,E***,R***,e***@hotmail.com,***-***-8835,1945-**-**,[MASKED ADDRESS],175000-199999,active,2021-**-**
743,T***,B***,t***@gmail.com,***-***-1960,1941-**-**,[MASKED ADDRESS],225000-249999,active,2024-**-**
744,B***,P***,b***@yahoo.com,***-***-7619,1987-**-**,[MASKED ADDRESS],175000-199999,suspended,2025-**-**
745,G***,B***,g***@gmail.com,***-***-7221,1978-**-**,[MASKED ADDRESS],175000-199999,suspended,2021-**-**
747,J***,V***,j***@yahoo.com,***-***-7780,1998-**-**,[MASKED ADDRESS],25000-49999,suspended,2025-**-**
749,L***,M***,l***@hotmail.com,***-***-3445,1991-**-**,[MASKED ADDRESS],125000-149999,suspended,2020-**-**
750,K***,B***,k***@hotmail.com,***-***-5072,1976-**-**,[MASKED ADDRESS],100000-124999,suspended,2019-**-**
752,M***,N***,m***@gmail.com,***-***-3709,1957-**-**,[MASKED ADDRESS],25000-49999,inactive,2021-**-**
753,R***,S***,r***@gmail.com,***-***-5557,1959-**-**,[MASKED ADDRESS],25000-49999,active,2023-**-**
754,S***,B***,s***@yahoo.com,***-***-7607,1952-**-**,[MASKED ADDRESS],175000-199999,active,2020-**-**
755,T***,H***,t***@hotmail.com,***-***-8341,1939-**-**,[MASKED ADDRESS],25000-49999,inactive,2021-**-**
756,M***,S***,m***@gmail.com,***-***-9148,1971-**-**,[MASKED ADDRESS],175000-199999,active,2021-**-**
757,B***,D***,b***@hotmail.com,***-***-1587,1974-**-**,[MASKED ADDRESS],125000-149999,active,2025-**-**
758,B***,B***,b***@yahoo.com,***-***-5990,1945-**-**,[MASKED ADDRESS],200000-224999,suspended,2025-**-**
759,M***,S***,m***@hotmail.com,***-***-8474,1988-**-**,[MASKED ADDRESS],225000-249999,inactive,2024-**-**
760,S***,T***,s***@gmail.com,***-***-6439,1944-**-**,[MASKED ADDRESS],50000-74999,suspended,2026-**-**
761,M***,G***,m***@yahoo.com,***-***-6952,1990-**-**,[MASKED ADDRESS],175000-199999,active,2019-**-**
762,J***,B***,j***@gmail.com,***-***-4633,1986-**-**,[MASKED ADDRESS],0-24999,inactive,2025-**-**
763,K***,V***,k***@hotmail.com,***-***-7125,1985-**-**,[MASKED ADDRESS],150000-174999,active,2023-**-**
764,R***,H***,r***@hotmail.com,***-***-7704,1938-**-**,[MASKED ADDRESS],25000-49999,suspended,2024-**-**
765,S***,F***,s***@yahoo.com,***-***-7437,1985-**-**,[MASKED ADDRESS],50000-74999,active,2024-**-**
769,J***,K***,j***@hotmail.com,***-***-8912,1978-**-**,[MASKED ADDRESS],200000-224999,active,2020-**-**
771,T***,H***,t***@gmail.com,***-***-9259,1997-**-**,[MASKED ADDRESS],200000-224999,inactive,2019-**-**
774,A***,J***,a***@hotmail.com,***-***-9975,1955-**-**,[MASKED ADDRESS],200000-224999,suspended,2020-**-**
777,R***,L***,r***@hotmail.com,***-***-6281,1971-**-**,[MASKED ADDRESS],175000-199999,inactive,2024-**-**
778,B***,F***,b***@yahoo.com,***-***-7839,2001-**-**,[MASKED ADDRESS],150000-174999,suspended,2020-**-**
779,R***,S***,r***@hotmail.com,***-***-9564,1946-**-**,[MASKED ADDRESS],25000-49999,inactive,2023-**-**
780,B***,B***,b***@hotmail.com,***-***-1927,1967-**-**,[MASKED ADDRESS],50000-74999,active,2025-**-**
781,B***,S***,b***@hotmail.com,***-***-3399,1988-**-**,[MASKED ADDRESS],200000-224999,suspended,2023-**-**
782,J***,P***,j***@yahoo.com,***-***-9866,1977-**-**,[MASKED ADDRESS],25000-49999,inactive,2023-**-**
783,W***,S***,w***@gmail.com,***-***-4675,2003-**-**,[MASKED ADDRESS],175000-199999,suspended,2025-**-**
784,A***,H***,a***@gmail.com,***-***-9610,1948-**-**,[MASKED ADDRESS],150000-174999,active,2022-**-**
785,T***,L***,t***@hotmail.com,***-***-1026,1949-**-**,[MASKED ADDRESS],225000-249999,active,2022-**-**
786,R***,G***,r***@yahoo.com,***-***-4327,1940-**-**,[MASKED ADDRESS],150000-174999,active,2026-**-**
788,C***,C***,c***@yahoo.com,***-***-3527,1998-**-**,[MASKED ADDRESS],75000-99999,active,2019-**-**
789,B***,P***,b***@yahoo.com,***-***-9418,2003-**-**,[MASKED ADDRESS],25000-49999,active,2025-**-**
790,C***,S***,c***@hotmail.com,***-***-5329,1951-**-**,[MASKED ADDRESS],25000-49999,suspended,2021-**-**
791,D***,H***,d***@yahoo.com,***-***-8640,1993-**-**,[MASKED ADDRESS],175000-199999,active,2023-**-**
793,J***,J***,j***@yahoo.com,***-***-9037,1982-**-**,[MASKED ADDRESS],175000-199999,active,2019-**-**
795,E***,S***,e***@gmail.com,***-***-5882,1960-**-**,[MASKED ADDRESS],100000-124999,suspended,2020-**-**
796,S***,R***,s***@hotmail.com,***-***-4624,1937-**-**,[MASKED ADDRESS],200000-224999,suspended,2022-**-**
798,J***,R***,j***@yahoo.com,***-***-1144,1964-**-**,[MASKED ADDRESS],25000-49999,inactive,2020-**-**
800,C***,P***,c***@yahoo.com,***-***-7322,1997-**-**,[MASKED ADDRESS],50000-74999,suspended,2023-**-**
801,J***,M***,j***@yahoo.com,***-***-1302,1953-**-**,[MASKED ADDRESS],125000-149999,suspended,2023-**-**
802,J***,J***,j***@gmail.com,***-***-5856,1944-**-**,[MASKED ADDRESS],200000-224999,active,2021-**-**
803,G***,H***,g***@gmail.com,***-***-2572,1997-**-**,[MASKED ADDRESS],50000-74999,suspended,2023-**-**
805,V***,W***,v***@yahoo.com,***-***-2702,1945-**-**,[MASKED ADDRESS],50000-74999,suspended,2024-**-**
807,P***,W***,p***@yahoo.com,***-***-2200,1943-**-**,[MASKED ADDRESS],25000-49999,inactive,2022-**-**
808,A***,J***,a***@hotmail.com,***-***-4729,1966-**-**,[MASKED ADDRESS],200000-224999,inactive,2020-**-**
809,J***,S***,j***@gmail.com,***-***-6307,1982-**-**,[MASKED ADDRESS],100000-124999,active,2022-**-**
810,L***,W***,l***@hotmail.com,***-***-9762,1967-**-**,[MASKED ADDRESS],0-24999,suspended,2022-**-**
811,C***,K***,c***@yahoo.com,***-***-5404,1998-**-**,[MASKED ADDRESS],150000-174999,active,2019-**-**
812,T***,E***,t***@hotmail.com,***-***-6332,1941-**-**,[MASKED ADDRESS],175000-199999,inactive,2022-**-**
813,T***,H***,t***@yahoo.com,***-***-8170,1942-**-**,[MASKED ADDRESS],100000-124999,suspended,2019-**-**
814,D***,Y***,d***@yahoo.com,***-***-9740,2000-**-**,[MASKED ADDRESS],50000-74999,suspended,2026-**-**
815,M***,H***,m***@gmail.com,***-***-3360,1979-**-**,[MASKED ADDRESS],75000-99999,suspended,2022-**-**
816,D***,T***,d***@hotmail.com,***-***-3401,1963-**-**,[MASKED ADDRESS],25000-49999,active,2022-**-**
817,C***,W***,c***@gmail.com,***-***-9800,1937-**-**,[MASKED ADDRESS],125000-149999,active,2020-**-**
818,C***,B***,c***@yahoo.com,***-***-6633,1939-**-**,[MASKED ADDRESS],50000-74999,suspended,2023-**-**
820,D***,D***,d***@yahoo.com,***-***-1891,1965-**-**,[MASKED ADDRESS],200000-224999,suspended,2024-**-**
821,R***,E***,r***@hotmail.com,***-***-2198,2002-**-**,[MASKED ADDRESS],75000-99999,active,2021-**-**
823,S***,G***,s***@hotmail.com,***-***-4842,1992-**-**,[MASKED ADDRESS],25000-49999,active,2025-**-**
825,L***,H***,l***@hotmail.com,***-***-3496,1995-**-**,[MASKED ADDRESS],125000-149999,inactive,2023-**-**
827,G***,D***,g***@yahoo.com,***-***-3200,1938-**-**,[MASKED ADDRESS],150000-174999,inactive,2021-**-**
828,F***,D***,f***@yahoo.com,***-***-6877,2003-**-**,[MASKED ADDRESS],175000-199999,inactive,2021-**-**
830,R***,O***,r***@gmail.com,***-***-6646,2006-**-**,[MASKED ADDRESS],175000-199999,active,2020-**-**
831,A***,C***,a***@yahoo.com,***-***-3599,1993-**-**,[MASKED ADDRESS],175000-199999,active,2020-**-**
832,B***,L***,b***@gmail.com,***-***-9904,1978-**-**,[MASKED ADDRESS],200000-224999,suspended,2026-**-**
833,A***,M***,a***@yahoo.com,***-***-3435,1979-**-**,[MASKED ADDRESS],75000-99999,active,2021-**-**
834,M***,Z***,m***@yahoo.com,***-***-3193,2006-**-**,[MASKED ADDRESS],100000-124999,suspended,2020-**-**
835,L***,M***,l***@hotmail.com,***-***-9227,1978-**-**,[MASKED ADDRESS],0-24999,active,2025-**-**
836,L***,H***,l***@yahoo.com,***-***-9423,1944-**-**,[MASKED ADDRESS],25000-49999,active,2019-**-**
837,B***,H***,b***@gmail.com,***-***-3395,1994-**-**,[MASKED ADDRESS],175000-199999,active,2024-**-**
838,W***,M***,w***@hotmail.com,***-***-8989,1938-**-**,[MASKED ADDRESS],50000-74999,inactive,2022-**-**
839,R***,G***,r***@yahoo.com,***-***-4387,2002-**-**,[MASKED ADDRESS],125000-149999,inactive,2022-**-**
840,B***,O***,b***@hotmail.com,***-***-9004,1978-**-**,[MASKED ADDRESS],25000-49999,suspended,2022-**-**
841,A***,R***,a***@gmail.com,***-***-9542,1952-**-**,[MASKED ADDRESS],150000-174999,inactive,2023-**-**
844,D***,C***,d***@hotmail.com,***-***-8493,2007-**-**,[MASKED ADDRESS],175000-199999,inactive,2024-**-**
846,J***,O***,j***@yahoo.com,***-***-2263,1988-**-**,[MASKED ADDRESS],125000-149999,active,2021-**-**
847,T***,J***,t***@hotmail.com,***-***-2054,1977-**-**,[MASKED ADDRESS],75000-99999,suspended,2024-**-**
848,J***,D***,j***@hotmail.com,***-***-7793,1955-**-**,[MASKED ADDRESS],175000-199999,suspended,2025-**-**
850,A***,M***,a***@hotmail.com,***-***-9627,1990-**-**,[MASKED ADDRESS],50000-74999,active,2024-**-**
852,R***,L***,r***@hotmail.com,***-***-3725,1949-**-**,[MASKED ADDRESS],75000-99999,active,2020-**-**
854,R***,C***,r***@gmail.com,***-***-8359,1990-**-**,[MASKED ADDRESS],150000-174999,inactive,2023-**-**
855,A***,G***,a***@gmail.com,***-***-7730,1961-**-**,[MASKED ADDRESS],150000-174999,suspended,2021-**-**
856,K***,M***,k***@yahoo.com,***-***-9369,1986-**-**,[MASKED ADDRESS],75000-99999,suspended,2024-**-**
857,D***,B***,d***@hotmail.com,***-***-2127,1982-**-**,[MASKED ADDRESS],50000-74999,inactive,2022-**-**
858,E***,F***,e***@hotmail.com,***-***-4315,1958-**-**,[MASKED ADDRESS],125000-149999,suspended,2025-**-**
859,B***,H***,b***@hotmail.com,***-***-2577,1939-**-**,[MASKED ADDRESS],50000-74999,suspended,2021-**-**
860,V***,W***,v***@yahoo.com,***-***-9246,1941-**-**,[MASKED ADDRESS],175000-199999,active,2019-**-**
861,K***,B***,k***@hotmail.com,***-***-9835,1998-**-**,[MASKED ADDRESS],200000-224999,suspended,2021-**-**
862,G***,F***,g***@gmail.com,***-***-8021,1973-**-**,[MASKED ADDRESS],200000-224999,suspended,2021-**-**
863,E***,C***,e***@gmail.com,***-***-8899,1966-**-**,[MASKED ADDRESS],175000-199999,inactive,2020-**-**
864,S***,B***,s***@gmail.com,***-***-2971,1958-**-**,[MASKED ADDRESS],100000-124999,inactive,2022-**-**
865,L***,R***,l***@hotmail.com,***-***-2373,1974-**-**,[MASKED ADDRESS],75000-99999,suspended,2021-**-**
866,M***,B***,m***@gmail.com,***-***-9077,1986-**-**,[MASKED ADDRESS],175000-199999,active,2022-**-**
867,J***,T***,j***@gmail.com,***-***-4670,1944-**-**,[MASKED ADDRESS],0-24999,suspended,2020-**-**
868,Y***,W***,y***@gmail.com,***-***-7698,1966-**-**,[MASKED ADDRESS],75000-99999,active,2024-**-**
869,A***,L***,a***@gmail.com,***-***-5155,1995-**-**,[MASKED ADDRESS],75000-99999,suspended,2021-**-**
870,S***,K***,s***@yahoo.com,***-***-5514,1985-**-**,[MASKED ADDRESS],225000-249999,inactive,2021-**-**
871,M***,W***,m***@yahoo.com,***-***-6826,1991-**-**,[MASKED ADDRESS],50000-74999,suspended,2024-**-**
872,H***,M***,h***@hotmail.com,***-***-6024,1958-**-**,[MASKED ADDRESS],125000-149999,suspended,2020-**-**
873,R***,B***,r***@gmail.com,***-***-6868,2004-**-**,[MASKED ADDRESS],175000-199999,inactive,2022-**-**
874,S***,L***,s***@gmail.com,***-***-9328,2005-**-**,[MASKED ADDRESS],100000-124999,inactive,2024-**-**
876,J***,R***,j***@gmail.com,***-***-8727,1966-**-**,[MASKED ADDRESS],200000-224999,inactive,2026-**-**
877,L***,M***,l***@gmail.com,***-***-4633,1950-**-**,[MASKED ADDRESS],100000-124999,suspended,2025-**-**
879,K***,T***,k***@yahoo.com,***-***-1941,2006-**-**,[MASKED ADDRESS],225000-249999,active,2023-**-**
880,G***,L***,g***@hotmail.com,***-***-4304,1977-**-**,[MASKED ADDRESS],200000-224999,suspended,2021-**-**
881,P***,C***,p***@gmail.com,***-***-2828,2000-**-**,[MASKED ADDRESS],125000-149999,active,2023-**-**
882,A***,T***,a***@gmail.com,***-***-1590,1984-**-**,[MASKED ADDRESS],75000-99999,suspended,2019-**-**
883,L***,E***,l***@gmail.com,***-***-5520,1961-**-**,[MASKED ADDRESS],175000-199999,inactive,2026-**-**
885,C***,J***,c***@gmail.com,***-***-5661,1990-**-**,[MASKED ADDRESS],175000-199999,suspended,2025-**-**
886,J***,S***,j***@yahoo.com,***-***-5530,1972-**-**,[MASKED ADDRESS],50000-74999,active,2020-**-**
887,H***,G***,h***@yahoo.com,***-***-9673,1992-**-**,[MASKED ADDRESS],75000-99999,inactive,2021-**-**
888,A***,A***,a***@gmail.com,***-***-2185,2001-**-**,[MASKED ADDRESS],125000-149999,inactive,2021-**-**
889,D***,S***,d***@yahoo.com,***-***-9813,1978-**-**,[MASKED ADDRESS],175000-199999,suspended,2025-**-**
891,D***,H***,d***@hotmail.com,***-***-8548,2001-**-**,[MASKED ADDRESS],200000-224999,active,2022-**-**
892,N***,R***,n***@hotmail.com,***-***-2106,1999-**-**,[MASKED ADDRESS],100000-124999,active,2021-**-**
893,I***,P***,i***@gmail.com,***-***-6785,2004-**-**,[MASKED ADDRESS],125000-149999,active,2024-**-**
894,M***,W***,m***@yahoo.com,***-***-2523,1982-**-**,[MASKED ADDRESS],100000-124999,suspended,2023-**-**
895,A***,C***,a***@hotmail.com,***-***-1130,1950-**-**,[MASKED ADDRESS],100000-124999,inactive,2022-**-**
896,S***,H***,s***@hotmail.com,***-***-3994,1953-**-**,[MASKED ADDRESS],225000-249999,suspended,2024-**-**
897,R***,D***,r***@yahoo.com,***-***-4271,1969-**-**,[MASKED ADDRESS],50000-74999,active,2024-**-**
898,A***,G***,a***@gmail.com,***-***-6750,1957-**-**,[MASKED ADDRESS],200000-224999,suspended,2023-**-**
899,T***,P***,t***@gmail.com,***-***-2747,1964-**-**,[MASKED ADDRESS],25000-49999,active,2022-**-**
905,L***,M***,l***@yahoo.com,***-***-9490,1963-**-**,[MASKED ADDRESS],100000-124999,suspended,2024-**-**
906,L***,W***,l***@gmail.com,***-***-4452,1960-**-**,[MASKED ADDRESS],100000-124999,active,2026-**-**
909,W***,S***,w***@yahoo.com,***-***-7099,1969-**-**,[MASKED ADDRESS],75000-99999,inactive,2021-**-**
911,T***,J***,t***@gmail.com,***-***-5422,2003-**-**,[MASKED ADDRESS],175000-199999,suspended,2024-**-**
912,A***,M***,a***@gmail.com,***-***-3389,1940-**-**,[MASKED ADDRESS],175000-199999,suspended,2021-**-**
913,R***,M***,r***@yahoo.com,***-***-3893,1988-**-**,[MASKED ADDRESS],100000-124999,active,2025-**-**
914,J***,M***,j***@gmail.com,***-***-6172,1945-**-**,[MASKED ADDRESS],175000-199999,inactive,2020-**-**
916,S***,N***,s***@hotmail.com,***-***-5166,1981-**-**,[MASKED ADDRESS],100000-124999,suspended,2024-**-**
917,J***,F***,j***@gmail.com,***-***-6483,1984-**-**,[MASKED ADDRESS],75000-99999,inactive,2025-**-**
918,B***,B***,b***@hotmail.com,***-***-6638,1981-**-**,[MASKED ADDRESS],0-24999,active,2020-**-**
919,T***,C***,t***@hotmail.com,***-***-4259,1998-**-**,[MASKED ADDRESS],125000-149999,active,2022-**-**
920,C***,H***,c***@yahoo.com,***-***-5663,1950-**-**,[MASKED ADDRESS],75000-99999,suspended,2020-**-**
921,D***,B***,d***@hotmail.com,***-***-8322,2004-**-**,[MASKED ADDRESS],200000-224999,inactive,2020-**-**
922,N***,S***,n***@hotmail.com,***-***-3373,1973-**-**,[MASKED ADDRESS],200000-224999,suspended,2019-**-**
923,J***,T***,j***@hotmail.com,***-***-7631,2003-**-**,[MASKED ADDRESS],200000-224999,active,2022-**-**
924,W***,B***,w***@gmail.com,***-***-4739,1996-**-**,[MASKED ADDRESS],75000-99999,suspended,2025-**-**
926,S***,W***,s***@gmail.com,***-***-9535,2003-**-**,[MASKED ADDRESS],225000-249999,inactive,2022-**-**
927,A***,W***,a***@hotmail.com,***-***-3048,1983-**-**,[MASKED ADDRESS],175000-199999,suspended,2024-**-**
928,B***,N***,b***@hotmail.com,***-***-2311,1947-**-**,[MASKED ADDRESS],50000-74999,inactive,2023-**-**
929,D***,N***,d***@gmail.com,***-***-8752,1972-**-**,[MASKED ADDRESS],125000-149999,active,2025-**-**
930,J***,J***,j***@hotmail.com,***-***-2363,2004-**-**,[MASKED ADDRESS],25000-49999,suspended,2022-**-**
931,B***,H***,b***@yahoo.com,***-***-7387,2006-**-**,[MASKED ADDRESS],75000-99999,active,2024-**-**
932,A***,H***,a***@gmail.com,***-***-6362,1999-**-**,[MASKED ADDRESS],25000-49999,active,2023-**-**
933,E***,B***,e***@yahoo.com,***-***-6846,1964-**-**,[MASKED ADDRESS],200000-224999,inactive,2026-**-**
935,E***,J***,e***@yahoo.com,***-***-8480,1988-**-**,[MASKED ADDRESS],150000-174999,suspended,2020-**-**
936,K***,O***,k***@hotmail.com,***-***-9745,1950-**-**,[MASKED ADDRESS],75000-99999,inactive,2020-**-**
937,D***,S***,d***@hotmail.com,***-***-2467,1951-**-**,[MASKED ADDRESS],100000-124999,inactive,2021-**-**
938,C***,A***,c***@yahoo.com,***-***-5973,1947-**-**,[MASKED ADDRESS],0-24999,suspended,2022-**-**
940,K***,W***,k***@hotmail.com,***-***-5908,1981-**-**,[MASKED ADDRESS],0-24999,inactive,2021-**-**
941,A***,C***,a***@yahoo.com,***-***-1118,1966-**-**,[MASKED ADDRESS],125000-149999,active,2023-**-**
943,T***,R***,t***@hotmail.com,***-***-5308,1995-**-**,[MASKED ADDRESS],25000-49999,suspended,2022-**-**
945,T***,R***,t***@yahoo.com,***-***-4080,2001-**-**,[MASKED ADDRESS],200000-224999,active,2020-**-**
946,L***,G***,l***@yahoo.com,***-***-8460,1941-**-**,[MASKED ADDRESS],150000-174999,inactive,2025-**-**
947,J***,M***,j***@hotmail.com,***-***-6253,1985-**-**,[MASKED ADDRESS],0-24999,active,2019-**-**
949,E***,S***,e***@gmail.com,***-***-4814,1958-**-**,[MASKED ADDRESS],25000-49999,active,2021-**-**
950,S***,H***,s***@yahoo.com,***-***-7885,1961-**-**,[MASKED ADDRESS],75000-99999,inactive,2021-**-**
951,T***,F***,t***@hotmail.com,***-***-1519,1948-**-**,[MASKED ADDRESS],75000-99999,active,2022-**-**
952,K***,G***,k***@gmail.com,***-***-7429,1995-**-**,[MASKED ADDRESS],25000-49999,inactive,2026-**-**
954,T***,Y***,t***@hotmail.com,***-***-8257,2001-**-**,[MASKED ADDRESS],50000-74999,active,2023-**-**
955,J***,R***,j***@gmail.com,***-***-2539,1967-**-**,[MASKED ADDRESS],125000-149999,active,2024-**-**
956,L***,S***,l***@yahoo.com,***-***-6113,1944-**-**,[MASKED ADDRESS],225000-249999,active,2021-**-**
957,B***,W***,b***@yahoo.com,***-***-9534,1971-**-**,[MASKED ADDRESS],25000-49999,inactive,2026-**-**
958,N***,B***,n***@gmail.com,***-***-1853,1972-**-**,[MASKED ADDRESS],200000-224999,active,2023-**-**
959,K***,B***,k***@yahoo.com,***-***-8113,1938-**-**,[MASKED ADDRESS],75000-99999,active,2025-**-**
960,N***,L***,n***@gmail.com,***-***-9871,1998-**-**,[MASKED ADDRESS],175000-199999,active,2023-**-**
961,E***,W***,e***@yahoo.com,***-***-8786,1991-**-**,[MASKED ADDRESS],150000-174999,active,2026-**-**
963,S***,G***,s***@yahoo.com,***-***-1799,1966-**-**,[MASKED ADDRESS],25000-49999,suspended,2019-**-**
964,A***,M***,a***@hotmail.com,***-***-2759,1962-**-**,[MASKED ADDRESS],25000-49999,active,2024-**-**
965,E***,P***,e***@yahoo.com,***-***-5162,1959-**-**,[MASKED ADDRESS],175000-199999,inactive,2023-**-**
966,R***,S***,r***@hotmail.com,***-***-7189,1952-**-**,[MASKED ADDRESS],75000-99999,active,2024-**-**
967,B***,B***,b***@yahoo.com,***-***-8168,1980-**-**,[MASKED ADDRESS],125000-149999,suspended,2023-**-**
968,J***,H***,j***@gmail.com,***-***-4057,2008-**-**,[MASKED ADDRESS],125000-149999,inactive,2021-**-**
970,C***,M***,c***@hotmail.com,***-***-9873,1953-**-**,[MASKED ADDRESS],75000-99999,active,2021-**-**
973,T***,G***,t***@yahoo.com,***-***-9586,1984-**-**,[MASKED ADDRESS],150000-174999,suspended,2020-**-**
974,A***,H***,a***@gmail.com,***-***-6285,2000-**-**,[MASKED ADDRESS],100000-124999,inactive,2024-**-**
975,K***,L***,k***@hotmail.com,***-***-2092,1954-**-**,[MASKED ADDRESS],25000-49999,active,2025-**-**
976,K***,J***,k***@gmail.com,***-***-2753,1951-**-**,[MASKED ADDRESS],125000-149999,active,2024-**-**
977,C***,S***,c***@yahoo.com,***-***-7366,1983-**-**,[MASKED ADDRESS],150000-174999,suspended,2026-**-**
978,T***,M***,t***@hotmail.com,***-***-5193,1938-**-**,[MASKED ADDRESS],25000-49999,active,2019-**-**
979,R***,P***,r***@hotmail.com,***-***-1214,2001-**-**,[MASKED ADDRESS],200000-224999,active,2019-**-**
980,J***,J***,j***@yahoo.com,***-***-1994,1943-**-**,[MASKED ADDRESS],75000-99999,suspended,2021-**-**
981,T***,W***,t***@yahoo.com,***-***-1955,1972-**-**,[MASKED ADDRESS],200000-224999,inactive,2022-**-**
982,R***,T***,r***@gmail.com,***-***-1550,1956-**-**,[MASKED ADDRESS],200000-224999,active,2020-**-**
983,L***,C***,l***@hotmail.com,***-***-2658,1946-**-**,[MASKED ADDRESS],175000-199999,suspended,2024-**-**
984,V***,G***,v***@hotmail.com,***-***-9621,2002-**-**,[MASKED ADDRESS],150000-174999,suspended,2022-**-**
985,A***,J***,a***@hotmail.com,***-***-7802,1993-**-**,[MASKED ADDRESS],175000-199999,suspended,2024-**-**
987,J***,J***,j***@yahoo.com,***-***-7579,1942-**-**,[MASKED ADDRESS],125000-149999,suspended,2025-**-**
988,A***,G***,a***@gmail.com,***-***-8258,1977-**-**,[MASKED ADDRESS],225000-249999,inactive,2024-**-**
989,C***,W***,c***@gmail.com,***-***-7755,1989-**-**,[MASKED ADDRESS],175000-199999,inactive,2020-**-**
990,R***,B***,r***@hotmail.com,***-***-9939,1998-**-**,[MASKED ADDRESS],50000-74999,suspended,2023-**-**
991,T***,E***,t***@hotmail.com,***-***-8331,2002-**-**,[MASKED ADDRESS],225000-249999,active,2023-**-**
992,B***,F***,b***@yahoo.com,***-***-1267,1961-**-**,[MASKED ADDRESS],125000-149999,inactive,2026-**-**
993,L***,P***,l***@yahoo.com,***-***-4519,1969-**-**,[MASKED ADDRESS],200000-224999,active,2026-**-**
994,E***,W***,e***@hotmail.com,***-***-3534,2001-**-**,[MASKED ADDRESS],25000-49999,inactive,2023-**-**
996,T***,R***,t***@gmail.com,***-***-4220,1985-**-**,[MASKED ADDRESS],25000-49999,inactive,2023-**-**
997,R***,H***,r***@yahoo.com,***-***-2264,1987-**-**,[MASKED ADDRESS],175000-199999,inactive,2020-**-**
999,R***,S***,r***@gmail.com,***-***-7251,1996-**-**,[MASKED ADDRESS],25000-49999,active,2026-**-**
1000,K***,H***,k***@gmail.com,***-***-7824,2007-**-**,[MASKED ADDRESS],200000-224999,active,2022-**-**
1001,I***,R***,i***@gmail.com,***-***-1187,1975-**-**,[MASKED ADDRESS],150000-174999,suspended,2024-**-**
1002,D***,S***,d***@gmail.com,***-***-9591,1997-**-**,[MASKED ADDRESS],25000-49999,suspended,2022-**-**
1003,C***,S***,c***@yahoo.com,***-***-9231,2001-**-**,[MASKED ADDRESS],150000-174999,active,2020-**-**
1004,K***,D***,k***@hotmail.com,***-***-7436,1960-**-**,[MASKED ADDRESS],225000-249999,inactive,2026-**-**
1005,L***,D***,l***@yahoo.com,***-***-4638,1947-**-**,[MASKED ADDRESS],100000-124999,suspended,2020-**-**
1006,K***,S***,k***@hotmail.com,***-***-2352,1951-**-**,[MASKED ADDRESS],100000-124999,suspended,2025-**-**
1007,D***,J***,d***@hotmail.com,***-***-5301,2002-**-**,[MASKED ADDRESS],25000-49999,suspended,2026-**-**
1008,B***,E***,b***@hotmail.com,***-***-3136,1990-**-**,[MASKED ADDRESS],175000-199999,inactive,2021-**-**
1009,A***,S***,a***@gmail.com,***-***-7476,1980-**-**,[MASKED ADDRESS],150000-174999,active,2020-**-**
1010,B***,A***,b***@hotmail.com,***-***-9589,1981-**-**,[MASKED ADDRESS],50000-74999,active,2020-**-**
1011,J***,J***,j***@yahoo.com,***-***-6298,2006-**-**,[MASKED ADDRESS],150000-174999,suspended,2023-**-**
1012,D***,G***,d***@gmail.com,***-***-7776,1963-**-**,[MASKED ADDRESS],100000-124999,inactive,2025-**-**
1014,N***,F***,n***@gmail.com,***-***-3389,1998-**-**,[MASKED ADDRESS],100000-124999,active,2022-**-**
1015,S***,B***,s***@gmail.com,***-***-3555,1938-**-**,[MASKED ADDRESS],175000-199999,active,2024-**-**
1016,K***,L***,k***@gmail.com,***-***-4982,1959-**-**,[MASKED ADDRESS],225000-249999,active,2025-**-**
1017,P***,H***,p***@gmail.com,***-***-2179,1996-**-**,[MASKED ADDRESS],75000-99999,inactive,2023-**-**
1018,A***,V***,a***@hotmail.com,***-***-9814,2007-**-**,[MASKED ADDRESS],50000-74999,suspended,2026-**-**
1021,R***,B***,r***@gmail.com,***-***-4965,1946-**-**,[MASKED ADDRESS],25000-49999,active,2020-**-**
1022,P***,T***,p***@gmail.com,***-***-8617,1969-**-**,[MASKED ADDRESS],150000-174999,active,2019-**-**
1024,L***,G***,l***@gmail.com,***-***-5792,1947-**-**,[MASKED ADDRESS],200000-224999,suspended,2022-**-**
1026,N***,H***,n***@yahoo.com,***-***-9709,1953-**-**,[MASKED ADDRESS],25000-49999,active,2023-**-**
1028,L***,B***,l***@gmail.com,***-***-7445,2004-**-**,[MASKED ADDRESS],175000-199999,active,2023-**-**
1029,A***,M***,a***@gmail.com,***-***-6822,2002-**-**,[MASKED ADDRESS],150000-174999,active,2022-**-**
1030,E***,H***,e***@yahoo.com,***-***-5221,1986-**-**,[MASKED ADDRESS],200000-224999,active,2021-**-**
1031,J***,P***,j***@hotmail.com,***-***-3485,1967-**-**,[MASKED ADDRESS],75000-99999,inactive,2020-**-**
1032,L***,G***,l***@gmail.com,***-***-7262,1951-**-**,[MASKED ADDRESS],125000-149999,suspended,2025-**-**
1033,T***,N***,t***@gmail.com,***-***-4726,1991-**-**,[MASKED ADDRESS],100000-124999,suspended,2019-**-**
1037,C***,M***,c***@yahoo.com,***-***-3589,2007-**-**,[MASKED ADDRESS],75000-99999,suspended,2025-**-**
1038,L***,S***,l***@gmail.com,***-***-4016,1938-**-**,[MASKED ADDRESS],75000-99999,active,2020-**-**
1040,K***,S***,k***@hotmail.com,***-***-5485,1961-**-**,[MASKED ADDRESS],50000-74999,active,2021-**-**
1041,J***,W***,j***@hotmail.com,***-***-1429,1952-**-**,[MASKED ADDRESS],175000-199999,suspended,2025-**-**
1042,M***,J***,m***@yahoo.com,***-***-4783,1962-**-**,[MASKED ADDRESS],150000-174999,active,2019-**-**
1043,T***,E***,t***@yahoo.com,***-***-6667,1969-**-**,[MASKED ADDRESS],25000-49999,suspended,2026-**-**
1044,A***,S***,a***@gmail.com,***-***-7126,1960-**-**,[MASKED ADDRESS],50000-74999,inactive,2021-**-**
1045,D***,D***,d***@gmail.com,***-***-3683,1953-**-**,[MASKED ADDRESS],50000-74999,active,2021-**-**
1046,C***,H***,c***@hotmail.com,***-***-7829,1981-**-**,[MASKED ADDRESS],225000-249999,active,2022-**-**
1047,L***,T***,l***@hotmail.com,***-***-3527,1946-**-**,[MASKED ADDRESS],50000-74999,active,2024-**-**
1048,B***,N***,b***@gmail.com,***-***-8166,1966-**-**,[MASKED ADDRESS],200000-224999,active,2019-**-**
1049,L***,D***,l***@hotmail.com,***-***-1685,2000-**-**,[MASKED ADDRESS],150000-174999,inactive,2021-**-**
1050,J***,M***,j***@yahoo.com,***-***-7601,1966-**-**,[MASKED ADDRESS],125000-149999,suspended,2023-**-**
1051,C***,K***,c***@gmail.com,***-***-8399,1996-**-**,[MASKED ADDRESS],100000-124999,active,2026-**-**
1052,J***,M***,j***@yahoo.com,***-***-7481,1961-**-**,[MASKED ADDRESS],225000-249999,active,2023-**-**
1054,R***,D***,r***@gmail.com,***-***-5684,1939-**-**,[MASKED ADDRESS],100000-124999,inactive,2022-**-**
1055,C***,B***,c***@yahoo.com,***-***-9470,1972-**-**,[MASKED ADDRESS],200000-224999,inactive,2023-**-**
1057,N***,H***,n***@yahoo.com,***-***-7775,1953-**-**,[MASKED ADDRESS],75000-99999,active,2020-**-**
1058,D***,C***,d***@gmail.com,***-***-4308,1943-**-**,[MASKED ADDRESS],200000-224999,active,2024-**-**
1059,S***,S***,s***@hotmail.com,***-***-3686,1940-**-**,[MASKED ADDRESS],175000-199999,active,2023-**-**
1060,S***,J***,s***@yahoo.com,***-***-8362,1967-**-**,[MASKED ADDRESS],150000-174999,active,2025-**-**
1064,G***,F***,g***@gmail.com,***-***-6071,2000-**-**,[MASKED ADDRESS],175000-199999,inactive,2026-**-**
1065,D***,B***,d***@yahoo.com,***-***-2926,1964-**-**,[MASKED ADDRESS],200000-224999,active,2023-**-**
1066,M***,P***,m***@yahoo.com,***-***-5146,1980-**-**,[MASKED ADDRESS],0-24999,inactive,2026-**-**
1067,C***,C***,c***@hotmail.com,***-***-9084,2004-**-**,[MASKED ADDRESS],50000-74999,suspended,2021-**-**
1071,K***,W***,k***@hotmail.com,***-***-5889,1958-**-**,[MASKED ADDRESS],75000-99999,active,2026-**-**
1073,S***,W***,s***@yahoo.com,***-***-3906,1955-**-**,[MASKED ADDRESS],225000-249999,suspended,2019-**-**
1075,K***,G***,k***@yahoo.com,***-***-8001,1945-**-**,[MASKED ADDRESS],200000-224999,active,2022-**-**
1076,R***,S***,r***@gmail.com,***-***-2999,1986-**-**,[MASKED ADDRESS],150000-174999,inactive,2023-**-**
1077,J***,M***,j***@hotmail.com,***-***-9595,2001-**-**,[MASKED ADDRESS],50000-74999,active,2022-**-**
1079,W***,R***,w***@hotmail.com,***-***-7996,2000-**-**,[MASKED ADDRESS],150000-174999,inactive,2019-**-**
1080,A***,J***,a***@hotmail.com,***-***-6451,1948-**-**,[MASKED ADDRESS],200000-224999,suspended,2023-**-**
1081,M***,P***,m***@hotmail.com,***-***-9154,1989-**-**,[MASKED ADDRESS],125000-149999,active,2020-**-**
1082,S***,W***,s***@yahoo.com,***-***-5759,1966-**-**,[MASKED ADDRESS],225000-249999,active,2019-**-**
1083,M***,J***,m***@gmail.com,***-***-2932,1989-**-**,[MASKED ADDRESS],175000-199999,active,2025-**-**
1084,B***,D***,b***@gmail.com,***-***-1745,1960-**-**,[MASKED ADDRESS],75000-99999,suspended,2019-**-**
1085,A***,A***,a***@hotmail.com,***-***-4296,1971-**-**,[MASKED ADDRESS],150000-174999,inactive,2024-**-**
1088,M***,H***,m***@gmail.com,***-***-4178,1945-**-**,[MASKED ADDRESS],75000-99999,active,2019-**-**
1089,M***,P***,m***@yahoo.com,***-***-3224,1945-**-**,[MASKED ADDRESS],100000-124999,suspended,2021-**-**
1091,A***,M***,a***@gmail.com,***-***-6169,2000-**-**,[MASKED ADDRESS],125000-149999,active,2026-**-**
1093,D***,S***,d***@hotmail.com,***-***-1510,1954-**-**,[MASKED ADDRESS],75000-99999,inactive,2025-**-**
1094,M***,M***,m***@yahoo.com,***-***-7382,1975-**-**,[MASKED ADDRESS],75000-99999,active,2020-**-**
1096,E***,S***,e***@hotmail.com,***-***-9695,1949-**-**,[MASKED ADDRESS],200000-224999,inactive,2021-**-**
1097,B***,H***,b***@hotmail.com,***-***-3867,1975-**-**,[MASKED ADDRESS],25000-49999,active,2024-**-**
1099,D***,R***,d***@gmail.com,***-***-6572,1943-**-**,[MASKED ADDRESS],200000-224999,suspended,2021-**-**
1100,C***,B***,c***@yahoo.com,***-***-6363,1971-**-**,[MASKED ADDRESS],25000-49999,active,2020-**-**
1101,B***,H***,b***@yahoo.com,***-***-4361,1998-**-**,[MASKED ADDRESS],175000-199999,inactive,2020-**-**
1102,C***,S***,c***@yahoo.com,***-***-3515,1964-**-**,[MASKED ADDRESS],0-24999,active,2022-**-**
1103,J***,F***,j***@hotmail.com,***-***-8649,1966-**-**,[MASKED ADDRESS],200000-224999,active,2020-**-**
1104,M***,M***,m***@hotmail.com,***-***-6119,1962-**-**,[MASKED ADDRESS],0-24999,inactive,2020-**-**
1105,K***,F***,k***@yahoo.com,***-***-4154,1983-**-**,[MASKED ADDRESS],75000-99999,suspended,2024-**-**
1106,L***,H***,l***@gmail.com,***-***-2927,1972-**-**,[MASKED ADDRESS],75000-99999,active,2023-**-**
1107,C***,L***,c***@gmail.com,***-***-9422,1961-**-**,[MASKED ADDRESS],25000-49999,suspended,2023-**-**
1108,S***,R***,s***@yahoo.com,***-***-5440,1953-**-**,[MASKED ADDRESS],25000-49999,suspended,2022-**-**
1109,K***,M***,k***@hotmail.com,***-***-3806,1955-**-**,[MASKED ADDRESS],25000-49999,suspended,2023-**-**
1110,M***,S***,m***@hotmail.com,***-***-1831,1958-**-**,[MASKED ADDRESS],25000-49999,inactive,2022-**-**
1111,L***,B***,l***@yahoo.com,***-***-1881,1938-**-**,[MASKED ADDRESS],25000-49999,inactive,2026-**-**
1112,C***,R***,c***@hotmail.com,***-***-1697,1965-**-**,[MASKED ADDRESS],150000-174999,inactive,2024-**-**
1113,N***,S***,n***@yahoo.com,***-***-9740,2002-**-**,[MASKED ADDRESS],25000-49999,inactive,2022-**-**
1114,M***,B***,m***@yahoo.com,***-***-8672,1982-**-**,[MASKED ADDRESS],25000-49999,inactive,2020-**-**
1117,M***,W***,m***@hotmail.com,***-***-8987,1962-**-**,[MASKED ADDRESS],0-24999,inactive,2022-**-**
1118,K***,C***,k***@yahoo.com,***-***-8556,1940-**-**,[MASKED ADDRESS],200000-224999,inactive,2025-**-**
1119,T***,P***,t***@hotmail.com,***-***-3087,1963-**-**,[MASKED ADDRESS],125000-149999,inactive,2022-**-**
1120,W***,W***,w***@gmail.com,***-***-2162,1967-**-**,[MASKED ADDRESS],175000-199999,suspended,2025-**-**
1121,C***,R***,c***@yahoo.com,***-***-7773,1962-**-**,[MASKED ADDRESS],50000-74999,active,2021-**-**
1125,A***,M***,a***@gmail.com,***-***-8584,1980-**-**,[MASKED ADDRESS],75000-99999,active,2020-**-**
1126,L***,K***,l***@yahoo.com,***-***-7648,1990-**-**,[MASKED ADDRESS],25000-49999,active,2021-**-**
1127,S***,T***,s***@gmail.com,***-***-6364,1966-**-**,[MASKED ADDRESS],125000-149999,suspended,2019-**-**
1128,J***,A***,j***@yahoo.com,***-***-3276,1959-**-**,[MASKED ADDRESS],200000-224999,suspended,2025-**-**
1130,G***,J***,g***@hotmail.com,***-***-8326,2000-**-**,[MASKED ADDRESS],50000-74999,suspended,2022-**-**
1131,K***,G***,k***@gmail.com,***-***-9995,1984-**-**,[MASKED ADDRESS],200000-224999,inactive,2023-**-**
1133,D***,A***,d***@yahoo.com,***-***-2022,1975-**-**,[MASKED ADDRESS],75000-99999,suspended,2022-**-**
1134,A***,C***,a***@gmail.com,***-***-7328,1953-**-**,[MASKED ADDRESS],25000-49999,inactive,2026-**-**
1136,B***,J***,b***@hotmail.com,***-***-8130,1980-**-**,[MASKED ADDRESS],125000-149999,suspended,2022-**-**
1138,C***,B***,c***@gmail.com,***-***-3056,1984-**-**,[MASKED ADDRESS],25000-49999,active,2022-**-**
1140,T***,H***,t***@gmail.com,***-***-4564,2000-**-**,[MASKED ADDRESS],200000-224999,suspended,2025-**-**
1142,G***,W***,g***@hotmail.com,***-***-6821,1960-**-**,[MASKED ADDRESS],50000-74999,inactive,2020-**-**
1144,J***,G***,j***@hotmail.com,***-***-8304,1960-**-**,[MASKED ADDRESS],125000-149999,active,2021-**-**
1145,M***,E***,m***@gmail.com,***-***-7038,1996-**-**,[MASKED ADDRESS],25000-49999,inactive,2026-**-**
1146,A***,H***,a***@yahoo.com,***-***-9624,1972-**-**,[MASKED ADDRESS],225000-249999,inactive,2025-**-**
1148,S***,M***,s***@gmail.com,***-***-2279,1949-**-**,[MASKED ADDRESS],150000-174999,suspended,2023-**-**
1151,K***,M***,k***@gmail.com,***-***-2639,1999-**-**,[MASKED ADDRESS],75000-99999,active,2022-**-**
1152,D***,R***,d***@gmail.com,***-***-5267,1994-**-**,[MASKED ADDRESS],25000-49999,inactive,2019-**-**
1153,V***,H***,v***@hotmail.com,***-***-1845,1942-**-**,[MASKED ADDRESS],150000-174999,inactive,2020-**-**
1154,J***,C***,j***@gmail.com,***-***-2351,1972-**-**,[MASKED ADDRESS],25000-49999,active,2026-**-**
1155,J***,S***,j***@hotmail.com,***-***-5603,1970-**-**,[MASKED ADDRESS],75000-99999,inactive,2023-**-**
1156,K***,G***,k***@gmail.com,***-***-3860,1941-**-**,[MASKED ADDRESS],200000-224999,suspended,2026-**-**
1157,A***,W***,a***@gmail.com,***-***-7058,1997-**-**,[MASKED ADDRESS],175000-199999,inactive,2024-**-**
1159,B***,C***,b***@hotmail.com,***-***-3525,1964-**-**,[MASKED ADDRESS],200000-224999,inactive,2025-**-**
1160,S***,H***,s***@gmail.com,***-***-8211,1944-**-**,[MASKED ADDRESS],175000-199999,active,2022-**-**
1161,J***,N***,j***@gmail.com,***-***-6653,1981-**-**,[MASKED ADDRESS],25000-49999,inactive,2024-**-**
1162,M***,J***,m***@yahoo.com,***-***-8602,1971-**-**,[MASKED ADDRESS],100000-124999,inactive,2025-**-**
1167,M***,G***,m***@yahoo.com,***-***-6488,1960-**-**,[MASKED ADDRESS],75000-99999,active,2019-**-**
1168,J***,S***,j***@yahoo.com,***-***-7408,1984-**-**,[MASKED ADDRESS],100000-124999,suspended,2023-**-**
1169,R***,G***,r***@gmail.com,***-***-4193,1971-**-**,[MASKED ADDRESS],125000-149999,suspended,2023-**-**
1170,M***,J***,m***@hotmail.com,***-***-1173,1974-**-**,[MASKED ADDRESS],150000-174999,active,2024-**-**
1173,F***,C***,f***@hotmail.com,***-***-1931,1948-**-**,[MASKED ADDRESS],225000-249999,suspended,2026-**-**
1175,S***,D***,s***@gmail.com,***-***-7159,1943-**-**,[MASKED ADDRESS],150000-174999,suspended,2025-**-**
1176,J***,W***,j***@gmail.com,***-***-2122,1995-**-**,[MASKED ADDRESS],50000-74999,inactive,2020-**-**
1177,M***,H***,m***@hotmail.com,***-***-5528,1953-**-**,[MASKED ADDRESS],175000-199999,suspended,2025-**-**
1178,B***,R***,b***@yahoo.com,***-***-2212,1988-**-**,[MASKED ADDRESS],75000-99999,active,2023-**-**
1179,T***,C***,t***@gmail.com,***-***-1984,1966-**-**,[MASKED ADDRESS],75000-99999,inactive,2022-**-**
1180,C***,R***,c***@gmail.com,***-***-9056,1976-**-**,[MASKED ADDRESS],225000-249999,active,2024-**-**
1181,R***,T***,r***@gmail.com,***-***-9061,1962-**-**,[MASKED ADDRESS],25000-49999,active,2019-**-**
1182,K***,S***,k***@yahoo.com,***-***-2740,1999-**-**,[MASKED ADDRESS],200000-224999,suspended,2021-**-**
1183,K***,P***,k***@hotmail.com,***-***-2194,1965-**-**,[MASKED ADDRESS],25000-49999,suspended,2023-**-**
1185,J***,A***,j***@yahoo.com,***-***-7397,1967-**-**,[MASKED ADDRESS],75000-99999,suspended,2026-**-**
1187,C***,B***,c***@hotmail.com,***-***-2148,1958-**-**,[MASKED ADDRESS],125000-149999,active,2021-**-**
1188,M***,H***,m***@hotmail.com,***-***-5543,1993-**-**,[MASKED ADDRESS],25000-49999,suspended,2022-**-**
1189,B***,A***,b***@gmail.com,***-***-3706,1968-**-**,[MASKED ADDRESS],100000-124999,suspended,2022-**-**
1194,J***,H***,j***@gmail.com,***-***-4907,1975-**-**,[MASKED ADDRESS],50000-74999,active,2026-**-**
1195,R***,R***,r***@hotmail.com,***-***-9186,2003-**-**,[MASKED ADDRESS],125000-149999,inactive,2020-**-**
1196,S***,G***,s***@yahoo.com,***-***-1918,1967-**-**,[MASKED ADDRESS],75000-99999,suspended,2026-**-**
1197,D***,G***,d***@yahoo.com,***-***-4468,1944-**-**,[MASKED ADDRESS],175000-199999,suspended,2026-**-**
1198,L***,B***,l***@yahoo.com,***-***-9791,1995-**-**,[MASKED ADDRESS],50000-74999,suspended,2020-**-**
1200,R***,B***,r***@yahoo.com,***-***-4976,1957-**-**,[MASKED ADDRESS],150000-174999,active,2021-**-**
1201,M***,L***,m***@gmail.com,***-***-1818,1938-**-**,[MASKED ADDRESS],200000-224999,active,2026-**-**
1203,R***,M***,r***@gmail.com,***-***-4613,2001-**-**,[MASKED ADDRESS],25000-49999,active,2025-**-**
1204,H***,S***,h***@yahoo.com,***-***-7586,1997-**-**,[MASKED ADDRESS],75000-99999,suspended,2021-**-**
1205,J***,J***,j***@yahoo.com,***-***-6268,1971-**-**,[MASKED ADDRESS],200000-224999,active,2020-**-**
1206,D***,P***,d***@hotmail.com,***-***-6496,1981-**-**,[MASKED ADDRESS],25000-49999,inactive,2026-**-**
1209,P***,S***,p***@hotmail.com,***-***-3584,1951-**-**,[MASKED ADDRESS],0-24999,inactive,2019-**-**
1210,S***,E***,s***@gmail.com,***-***-3939,2002-**-**,[MASKED ADDRESS],200000-224999,suspended,2025-**-**
1211,M***,C***,m***@yahoo.com,***-***-8798,2007-**-**,[MASKED ADDRESS],150000-174999,active,2020-**-**
1212,J***,R***,j***@gmail.com,***-***-9570,1993-**-**,[MASKED ADDRESS],100000-124999,active,2025-**-**
1213,A***,S***,a***@gmail.com,***-***-1616,1991-**-**,[MASKED ADDRESS],150000-174999,suspended,2024-**-**
1214,N***,H***,n***@hotmail.com,***-***-5934,1974-**-**,[MASKED ADDRESS],75000-99999,active,2021-**-**
1215,M***,N***,m***@hotmail.com,***-***-2925,2004-**-**,[MASKED ADDRESS],225000-249999,active,2020-**-**
1217,E***,K***,e***@gmail.com,***-***-4173,1957-**-**,[MASKED ADDRESS],25000-49999,active,2024-**-**
1218,C***,R***,c***@gmail.com,***-***-9871,2004-**-**,[MASKED ADDRESS],150000-174999,active,2021-**-**
1219,A***,A***,a***@hotmail.com,***-***-5670,1969-**-**,[MASKED ADDRESS],50000-74999,inactive,2026-**-**
1220,K***,G***,k***@yahoo.com,***-***-5006,1995-**-**,[MASKED ADDRESS],25000-49999,suspended,2022-**-**
1222,L***,M***,l***@hotmail.com,***-***-6510,1982-**-**,[MASKED ADDRESS],175000-199999,suspended,2020-**-**
1223,G***,J***,g***@gmail.com,***-***-4256,1981-**-**,[MASKED ADDRESS],175000-199999,inactive,2020-**-**
1225,J***,R***,j***@hotmail.com,***-***-4615,1951-**-**,[MASKED ADDRESS],25000-49999,suspended,2022-**-**
1227,A***,S***,a***@yahoo.com,***-***-7119,1968-**-**,[MASKED ADDRESS],25000-49999,suspended,2021-**-**
1228,S***,H***,s***@gmail.com,***-***-5458,1968-**-**,[MASKED ADDRESS],50000-74999,suspended,2024-**-**
1230,K***,P***,k***@yahoo.com,***-***-3804,1989-**-**,[MASKED ADDRESS],175000-199999,active,2021-**-**
1231,C***,J***,c***@gmail.com,***-***-3784,1944-**-**,[MASKED ADDRESS],125000-149999,suspended,2023-**-**
1232,S***,L***,s***@yahoo.com,***-***-9548,1989-**-**,[MASKED ADDRESS],125000-149999,active,2024-**-**
1233,S***,D***,s***@yahoo.com,***-***-6742,1986-**-**,[MASKED ADDRESS],0-24999,inactive,2020-**-**
1234,M***,A***,m***@yahoo.com,***-***-8114,1964-**-**,[MASKED ADDRESS],125000-149999,suspended,2023-**-**
1235,J***,H***,j***@hotmail.com,***-***-7844,1981-**-**,[MASKED ADDRESS],225000-249999,active,2025-**-**
1236,L***,C***,l***@gmail.com,***-***-9261,1975-**-**,[MASKED ADDRESS],25000-49999,suspended,2021-**-**
1237,B***,L***,b***@hotmail.com,***-***-2605,1949-**-**,[MASKED ADDRESS],100000-124999,active,2022-**-**
1239,D***,B***,d***@yahoo.com,***-***-1601,1951-**-**,[MASKED ADDRESS],50000-74999,active,2024-**-**
1240,B***,S***,b***@hotmail.com,***-***-5994,1946-**-**,[MASKED ADDRESS],50000-74999,inactive,2026-**-**
1242,H***,T***,h***@hotmail.com,***-***-4030,1998-**-**,[MASKED ADDRESS],175000-199999,inactive,2025-**-**
1244,T***,T***,t***@hotmail.com,***-***-9698,1964-**-**,[MASKED ADDRESS],25000-49999,inactive,2022-**-**
1245,B***,F***,b***@gmail.com,***-***-9887,1968-**-**,[MASKED ADDRESS],125000-149999,active,2023-**-**
1246,D***,M***,d***@gmail.com,***-***-1898,1994-**-**,[MASKED ADDRESS],125000-149999,suspended,2025-**-**
1249,K***,S***,k***@gmail.com,***-***-4354,1966-**-**,[MASKED ADDRESS],25000-49999,inactive,2025-**-**
1252,J***,S***,j***@yahoo.com,***-***-5314,1989-**-**,[MASKED ADDRESS],25000-49999,inactive,2021-**-**
1253,R***,L***,r***@gmail.com,***-***-9215,1961-**-**,[MASKED ADDRESS],125000-149999,active,2022-**-**
1254,T***,C***,t***@yahoo.com,***-***-9730,1986-**-**,[MASKED ADDRESS],200000-224999,inactive,2021-**-**
1255,J***,R***,j***@hotmail.com,***-***-2075,1986-**-**,[MASKED ADDRESS],50000-74999,inactive,2019-**-**
1256,J***,M***,j***@yahoo.com,***-***-3929,1965-**-**,[MASKED ADDRESS],75000-99999,active,2025-**-**
1257,G***,S***,g***@hotmail.com,***-***-2835,1944-**-**,[MASKED ADDRESS],150000-174999,inactive,2025-**-**
1258,J***,P***,j***@hotmail.com,***-***-1371,1984-**-**,[MASKED ADDRESS],75000-99999,suspended,2024-**-**
1260,R***,G***,r***@gmail.com,***-***-2031,1992-**-**,[MASKED ADDRESS],0-24999,active,2026-**-**
1261,L***,R***,l***@hotmail.com,***-***-6012,1959-**-**,[MASKED ADDRESS],125000-149999,suspended,2020-**-**
1262,D***,C***,d***@yahoo.com,***-***-9686,1937-**-**,[MASKED ADDRESS],200000-224999,inactive,2023-**-**
1263,S***,E***,s***@hotmail.com,***-***-3161,1972-**-**,[MASKED ADDRESS],200000-224999,inactive,2021-**-**
1265,A***,P***,a***@hotmail.com,***-***-5659,2000-**-**,[MASKED ADDRESS],100000-124999,active,2026-**-**
1267,A***,W***,a***@hotmail.com,***-***-2915,1961-**-**,[MASKED ADDRESS],25000-49999,inactive,2024-**-**
1269,R***,W***,r***@gmail.com,***-***-6192,1997-**-**,[MASKED ADDRESS],225000-249999,active,2020-**-**
1270,R***,R***,r***@hotmail.com,***-***-3663,1973-**-**,[MASKED ADDRESS],125000-149999,active,2022-**-**
1271,M***,E***,m***@yahoo.com,***-***-3381,1949-**-**,[MASKED ADDRESS],225000-249999,inactive,2026-**-**
1272,R***,G***,r***@gmail.com,***-***-9948,1960-**-**,[MASKED ADDRESS],225000-249999,inactive,2024-**-**
1273,K***,C***,k***@gmail.com,***-***-3409,1995-**-**,[MASKED ADDRESS],175000-199999,suspended,2023-**-**
1275,D***,N***,d***@hotmail.com,***-***-2914,2007-**-**,[MASKED ADDRESS],75000-99999,inactive,2025-**-**
1276,T***,T***,t***@gmail.com,***-***-6855,2006-**-**,[MASKED ADDRESS],25000-49999,active,2019-**-**
1278,J***,C***,j***@gmail.com,***-***-9821,1940-**-**,[MASKED ADDRESS],200000-224999,suspended,2024-**-**
1279,J***,M***,j***@gmail.com,***-***-4185,1991-**-**,[MASKED ADDRESS],125000-149999,suspended,2025-**-**
1280,N***,D***,n***@yahoo.com,***-***-6915,1957-**-**,[MASKED ADDRESS],100000-124999,suspended,2019-**-**
1282,W***,R***,w***@gmail.com,***-***-2435,2007-**-**,[MASKED ADDRESS],50000-74999,inactive,2022-**-**
1284,B***,C***,b***@hotmail.com,***-***-2410,1963-**-**,[MASKED ADDRESS],25000-49999,inactive,2022-**-**
1286,P***,H***,p***@gmail.com,***-***-7708,2006-**-**,[MASKED ADDRESS],150000-174999,inactive,2022-**-**
1287,R***,D***,r***@yahoo.com,***-***-8571,2003-**-**,[MASKED ADDRESS],175000-199999,active,2022-**-**
1288,S***,S***,s***@hotmail.com,***-***-3862,1992-**-**,[MASKED ADDRESS],125000-149999,active,2024-**-**
1289,M***,S***,m***@hotmail.com,***-***-9095,1974-**-**,[MASKED ADDRESS],125000-149999,suspended,2023-**-**
1290,K***,W***,k***@hotmail.com,***-***-3523,1941-**-**,[MASKED ADDRESS],75000-99999,suspended,2024-**-**
1292,J***,S***,j***@gmail.com,***-***-5541,1958-**-**,[MASKED ADDRESS],125000-149999,active,2023-**-**
1294,K***,B***,k***@yahoo.com,***-***-7114,2008-**-**,[MASKED ADDRESS],125000-149999,suspended,2021-**-**
1295,J***,R***,j***@yahoo.com,***-***-1958,1982-**-**,[MASKED ADDRESS],50000-74999,inactive,2026-**-**
1296,C***,B***,c***@hotmail.com,***-***-1866,1966-**-**,[MASKED ADDRESS],75000-99999,inactive,2025-**-**
1298,L***,W***,l***@yahoo.com,***-***-4002,2000-**-**,[MASKED ADDRESS],75000-99999,suspended,2020-**-**
1299,H***,R***,h***@hotmail.com,***-***-6180,1981-**-**,[MASKED ADDRESS],200000-224999,suspended,2024-**-**
1301,D***,L***,d***@gmail.com,***-***-3243,1995-**-**,[MASKED ADDRESS],125000-149999,inactive,2022-**-**
1303,R***,T***,r***@hotmail.com,***-***-9612,1975-**-**,[MASKED ADDRESS],200000-224999,suspended,2021-**-**
1304,T***,C***,t***@yahoo.com,***-***-2867,1951-**-**,[MASKED ADDRESS],100000-124999,active,2020-**-**
1306,R***,N***,r***@gmail.com,***-***-9570,1949-**-**,[MASKED ADDRESS],175000-199999,inactive,2022-**-**
1307,A***,D***,a***@yahoo.com,***-***-1471,1981-**-**,[MASKED ADDRESS],75000-99999,active,2024-**-**
1308,N***,B***,n***@gmail.com,***-***-7634,1987-**-**,[MASKED ADDRESS],150000-174999,inactive,2024-**-**
1311,J***,T***,j***@gmail.com,***-***-9412,1998-**-**,[MASKED ADDRESS],125000-149999,inactive,2024-**-**
1312,E***,Q***,e***@yahoo.com,***-***-2085,1955-**-**,[MASKED ADDRESS],75000-99999,active,2025-**-**
1314,E***,W***,e***@gmail.com,***-***-1479,1999-**-**,[MASKED ADDRESS],25000-49999,suspended,2024-**-**
1315,K***,B***,k***@hotmail.com,***-***-6770,1973-**-**,[MASKED ADDRESS],50000-74999,suspended,2023-**-**
1316,H***,M***,h***@yahoo.com,***-***-2119,2000-**-**,[MASKED ADDRESS],25000-49999,suspended,2019-**-**
1317,H***,R***,h***@hotmail.com,***-***-4138,1991-**-**,[MASKED ADDRESS],225000-249999,active,2026-**-**
1318,D***,B***,d***@yahoo.com,***-***-2616,1987-**-**,[MASKED ADDRESS],200000-224999,suspended,2020-**-**
1319,J***,D***,j***@yahoo.com,***-***-4033,1973-**-**,[MASKED ADDRESS],100000-124999,active,2021-**-**
1320,K***,J***,k***@gmail.com,***-***-7948,1944-**-**,[MASKED ADDRESS],50000-74999,active,2024-**-**
1321,H***,H***,h***@gmail.com,***-***-6149,1992-**-**,[MASKED ADDRESS],25000-49999,active,2022-**-**
1322,K***,R***,k***@hotmail.com,***-***-2844,1950-**-**,[MASKED ADDRESS],150000-174999,suspended,2020-**-**
1324,A***,F***,a***@gmail.com,***-***-6111,1976-**-**,[MASKED ADDRESS],150000-174999,inactive,2021-**-**
1325,A***,W***,a***@gmail.com,***-***-8599,1951-**-**,[MASKED ADDRESS],225000-249999,inactive,2024-**-**
1326,V***,K***,v***@yahoo.com,***-***-7020,1944-**-**,[MASKED ADDRESS],50000-74999,suspended,2024-**-**
1327,Y***,A***,y***@hotmail.com,***-***-7494,1942-**-**,[MASKED ADDRESS],100000-124999,suspended,2021-**-**
1329,K***,D***,k***@gmail.com,***-***-2060,1986-**-**,[MASKED ADDRESS],75000-99999,active,2025-**-**
1330,D***,F***,d***@yahoo.com,***-***-7623,1998-**-**,[MASKED ADDRESS],25000-49999,inactive,2022-**-**
1331,K***,M***,k***@yahoo.com,***-***-5472,2002-**-**,[MASKED ADDRESS],175000-199999,suspended,2021-**-**
1332,C***,Y***,c***@gmail.com,***-***-7626,2003-**-**,[MASKED ADDRESS],225000-249999,suspended,2022-**-**
1333,P***,S***,p***@yahoo.com,***-***-8448,1982-**-**,[MASKED ADDRESS],25000-49999,inactive,2023-**-**
1334,T***,H***,t***@gmail.com,***-***-3205,2007-**-**,[MASKED ADDRESS],0-24999,suspended,2021-**-**
1335,M***,R***,m***@gmail.com,***-***-1438,1956-**-**,[MASKED ADDRESS],225000-249999,inactive,2026-**-**
1336,S***,M***,s***@gmail.com,***-***-3502,1999-**-**,[MASKED ADDRESS],75000-99999,suspended,2019-**-**
1338,M***,M***,m***@hotmail.com,***-***-9157,1951-**-**,[MASKED ADDRESS],125000-149999,inactive,2024-**-**
1339,J***,C***,j***@gmail.com,***-***-9955,2004-**-**,[MASKED ADDRESS],0-24999,active,2020-**-**
1340,M***,J***,m***@hotmail.com,***-***-8374,1958-**-**,[MASKED ADDRESS],75000-99999,inactive,2021-**-**
1341,G***,M***,g***@hotmail.com,***-***-1538,1985-**-**,[MASKED ADDRESS],50000-74999,suspended,2021-**-**
1342,R***,J***,r***@yahoo.com,***-***-9052,1960-**-**,[MASKED ADDRESS],100000-124999,inactive,2023-**-**
1343,M***,H***,m***@hotmail.com,***-***-2792,1980-**-**,[MASKED ADDRESS],125000-149999,inactive,2022-**-**
1344,S***,B***,s***@yahoo.com,***-***-8697,1977-**-**,[MASKED ADDRESS],100000-124999,active,2020-**-**
1346,J***,G***,j***@gmail.com,***-***-1782,1946-**-**,[MASKED ADDRESS],75000-99999,active,2019-**-**
1347,S***,A***,s***@gmail.com,***-***-7003,1991-**-**,[MASKED ADDRESS],75000-99999,suspended,2020-**-**
1348,C***,L***,c***@hotmail.com,***-***-6591,2001-**-**,[MASKED ADDRESS],100000-124999,inactive,2020-**-**
1349,A***,H***,a***@yahoo.com,***-***-6755,2001-**-**,[MASKED ADDRESS],25000-49999,active,2022-**-**
1351,C***,B***,c***@gmail.com,***-***-6531,1941-**-**,[MASKED ADDRESS],50000-74999,suspended,2025-**-**
1352,S***,B***,s***@gmail.com,***-***-7921,1995-**-**,[MASKED ADDRESS],125000-149999,active,2023-**-**
1353,M***,W***,m***@gmail.com,***-***-8695,1993-**-**,[MASKED ADDRESS],125000-149999,inactive,2023-**-**
1354,C***,J***,c***@hotmail.com,***-***-6282,1978-**-**,[MASKED ADDRESS],125000-149999,inactive,2022-**-**
1356,C***,L***,c***@hotmail.com,***-***-5907,1940-**-**,[MASKED ADDRESS],75000-99999,inactive,2022-**-**
1357,K***,N***,k***@yahoo.com,***-***-2234,1955-**-**,[MASKED ADDRESS],200000-224999,suspended,2024-**-**
1358,K***,C***,k***@yahoo.com,***-***-5133,1939-**-**,[MASKED ADDRESS],75000-99999,suspended,2024-**-**
1359,T***,H***,t***@yahoo.com,***-***-2506,1960-**-**,[MASKED ADDRESS],175000-199999,suspended,2022-**-**
1362,C***,J***,c***@hotmail.com,***-***-8092,1959-**-**,[MASKED ADDRESS],150000-174999,inactive,2023-**-**
1363,N***,S***,n***@hotmail.com,***-***-5116,1958-**-**,[MASKED ADDRESS],150000-174999,inactive,2024-**-**
1365,N***,P***,n***@gmail.com,***-***-8656,1939-**-**,[MASKED ADDRESS],75000-99999,suspended,2021-**-**
1366,G***,M***,g***@yahoo.com,***-***-8106,1976-**-**,[MASKED ADDRESS],225000-249999,suspended,2020-**-**
1368,D***,C***,d***@hotmail.com,***-***-5919,2001-**-**,[MASKED ADDRESS],200000-224999,inactive,2024-**-**
1369,M***,C***,m***@gmail.com,***-***-4335,1973-**-**,[MASKED ADDRESS],200000-224999,inactive,2023-**-**
1370,S***,J***,s***@yahoo.com,***-***-5201,1969-**-**,[MASKED ADDRESS],150000-174999,active,2023-**-**
1371,D***,B***,d***@hotmail.com,***-***-3456,1965-**-**,[MASKED ADDRESS],50000-74999,inactive,2022-**-**
1372,J***,H***,j***@yahoo.com,***-***-8145,1951-**-**,[MASKED ADDRESS],100000-124999,active,2023-**-**
1373,R***,G***,r***@yahoo.com,***-***-3235,1948-**-**,[MASKED ADDRESS],0-24999,inactive,2024-**-**
1374,T***,H***,t***@yahoo.com,***-***-5714,1942-**-**,[MASKED ADDRESS],225000-249999,inactive,2020-**-**
1377,L***,S***,l***@hotmail.com,***-***-9196,1971-**-**,[MASKED ADDRESS],225000-249999,suspended,2025-**-**
1378,M***,M***,m***@gmail.com,***-***-5125,1957-**-**,[MASKED ADDRESS],125000-149999,active,2020-**-**
1380,S***,F***,s***@hotmail.com,***-***-4865,2004-**-**,[MASKED ADDRESS],225000-249999,active,2022-**-**
1381,J***,W***,j***@yahoo.com,***-***-4507,1945-**-**,[MASKED ADDRESS],225000-249999,inactive,2025-**-**
1382,R***,C***,r***@hotmail.com,***-***-1916,1988-**-**,[MASKED ADDRESS],125000-149999,inactive,2022-**-**
1383,A***,M***,a***@hotmail.com,***-***-7943,1964-**-**,[MASKED ADDRESS],100000-124999,active,2025-**-**
1384,P***,C***,p***@hotmail.com,***-***-8786,1998-**-**,[MASKED ADDRESS],175000-199999,active,2023-**-**
1387,T***,T***,t***@gmail.com,***-***-6945,1983-**-**,[MASKED ADDRESS],200000-224999,suspended,2023-**-**
1388,P***,F***,p***@hotmail.com,***-***-8248,1983-**-**,[MASKED ADDRESS],100000-124999,inactive,2025-**-**
1389,R***,R***,r***@gmail.com,***-***-4857,2008-**-**,[MASKED ADDRESS],75000-99999,active,2023-**-**
1392,R***,H***,r***@yahoo.com,***-***-5275,2007-**-**,[MASKED ADDRESS],125000-149999,inactive,2021-**-**
1395,M***,D***,m***@gmail.com,***-***-4278,1975-**-**,[MASKED ADDRESS],150000-174999,inactive,2025-**-**
1397,P***,G***,p***@gmail.com,***-***-7722,1972-**-**,[MASKED ADDRESS],175000-199999,inactive,2025-**-**
1398,A***,J***,a***@yahoo.com,***-***-3187,1940-**-**,[MASKED ADDRESS],75000-99999,suspended,2021-**-**
1400,K***,C***,k***@yahoo.com,***-***-4677,1959-**-**,[MASKED ADDRESS],0-24999,active,2024-**-**
1401,M***,S***,m***@hotmail.com,***-***-4747,2003-**-**,[MASKED ADDRESS],200000-224999,inactive,2020-**-**
1402,T***,W***,t***@hotmail.com,***-***-3764,1938-**-**,[MASKED ADDRESS],25000-49999,suspended,2024-**-**
1403,M***,D***,m***@hotmail.com,***-***-6773,2008-**-**,[MASKED ADDRESS],25000-49999,inactive,2021-**-**
1404,J***,S***,j***@yahoo.com,***-***-1231,1970-**-**,[MASKED ADDRESS],175000-199999,inactive,2024-**-**
1406,V***,J***,v***@hotmail.com,***-***-9096,1950-**-**,[MASKED ADDRESS],100000-124999,inactive,2024-**-**
1407,M***,C***,m***@hotmail.com,***-***-5636,1951-**-**,[MASKED ADDRESS],175000-199999,active,2024-**-**
1408,E***,H***,e***@gmail.com,***-***-3391,1985-**-**,[MASKED ADDRESS],0-24999,inactive,2021-**-**
1410,J***,R***,j***@gmail.com,***-***-8682,1965-**-**,[MASKED ADDRESS],25000-49999,inactive,2021-**-**
1411,A***,H***,a***@hotmail.com,***-***-6517,1941-**-**,[MASKED ADDRESS],175000-199999,suspended,2022-**-**
1412,S***,M***,s***@hotmail.com,***-***-4657,1985-**-**,[MASKED ADDRESS],125000-149999,active,2019-**-**
1413,D***,B***,d***@gmail.com,***-***-8992,1963-**-**,[MASKED ADDRESS],225000-249999,suspended,2022-**-**
1415,D***,M***,d***@yahoo.com,***-***-9748,2007-**-**,[MASKED ADDRESS],150000-174999,active,2019-**-**
1416,R***,L***,r***@gmail.com,***-***-3938,1949-**-**,[MASKED ADDRESS],75000-99999,suspended,2020-**-**
1417,R***,Y***,r***@yahoo.com,***-***-3161,1993-**-**,[MASKED ADDRESS],25000-49999,suspended,2021-**-**
1419,K***,W***,k***@gmail.com,***-***-6907,1983-**-**,[MASKED ADDRESS],200000-224999,inactive,2025-**-**
1421,A***,W***,a***@gmail.com,***-***-9049,1954-**-**,[MASKED ADDRESS],175000-199999,active,2024-**-**
1423,B***,J***,b***@yahoo.com,***-***-1587,1946-**-**,[MASKED ADDRESS],100000-124999,active,2026-**-**
1424,M***,W***,m***@hotmail.com,***-***-9108,1970-**-**,[MASKED ADDRESS],25000-49999,inactive,2021-**-**
1425,M***,P***,m***@gmail.com,***-***-9077,1945-**-**,[MASKED ADDRESS],25000-49999,suspended,2020-**-**
1426,S***,A***,s***@gmail.com,***-***-2533,1953-**-**,[MASKED ADDRESS],50000-74999,inactive,2025-**-**
1427,K***,B***,k***@yahoo.com,***-***-9335,1950-**-**,[MASKED ADDRESS],200000-224999,suspended,2024-**-**
1428,C***,M***,c***@gmail.com,***-***-1067,1990-**-**,[MASKED ADDRESS],125000-149999,suspended,2020-**-**
1429,A***,R***,a***@hotmail.com,***-***-5033,1953-**-**,[MASKED ADDRESS],175000-199999,suspended,2024-**-**
1430,M***,W***,m***@yahoo.com,***-***-5657,1942-**-**,[MASKED ADDRESS],150000-174999,suspended,2025-**-**
1431,A***,H***,a***@hotmail.com,***-***-6145,1969-**-**,[MASKED ADDRESS],200000-224999,active,2025-**-**
1432,S***,T***,s***@gmail.com,***-***-8861,1972-**-**,[MASKED ADDRESS],100000-124999,inactive,2026-**-**
1433,J***,D***,j***@yahoo.com,***-***-9788,1980-**-**,[MASKED ADDRESS],225000-249999,suspended,2020-**-**
1434,D***,C***,d***@yahoo.com,***-***-3118,1996-**-**,[MASKED ADDRESS],50000-74999,active,2019-**-**
1435,B***,W***,b***@hotmail.com,***-***-2158,1940-**-**,[MASKED ADDRESS],125000-149999,suspended,2023-**-**
1436,E***,S***,e***@gmail.com,***-***-1289,1976-**-**,[MASKED ADDRESS],50000-74999,inactive,2022-**-**
1437,N***,J***,n***@yahoo.com,***-***-3669,1990-**-**,[MASKED ADDRESS],100000-124999,inactive,2025-**-**
1438,J***,H***,j***@gmail.com,***-***-3525,1959-**-**,[MASKED ADDRESS],25000-49999,inactive,2023-**-**
1439,D***,R***,d***@hotmail.com,***-***-3151,1989-**-**,[MASKED ADDRESS],75000-99999,active,2021-**-**
1441,M***,N***,m***@hotmail.com,***-***-7931,1986-**-**,[MASKED ADDRESS],25000-49999,inactive,2021-**-**
1442,G***,H***,g***@yahoo.com,***-***-8112,1976-**-**,[MASKED ADDRESS],150000-174999,active,2022-**-**
1443,C***,R***,c***@gmail.com,***-***-8594,2007-**-**,[MASKED ADDRESS],150000-174999,suspended,2026-**-**
1444,C***,R***,c***@yahoo.com,***-***-6636,1996-**-**,[MASKED ADDRESS],25000-49999,inactive,2024-**-**
1445,T***,D***,t***@hotmail.com,***-***-5921,1968-**-**,[MASKED ADDRESS],50000-74999,active,2021-**-**
1446,M***,H***,m***@hotmail.com,***-***-8007,1964-**-**,[MASKED ADDRESS],75000-99999,active,2023-**-**
1447,D***,T***,d***@yahoo.com,***-***-9411,1958-**-**,[MASKED ADDRESS],25000-49999,inactive,2020-**-**
1448,C***,K***,c***@yahoo.com,***-***-5151,1975-**-**,[MASKED ADDRESS],75000-99999,suspended,2022-**-**
1450,J***,B***,j***@yahoo.com,***-***-5938,1997-**-**,[MASKED ADDRESS],25000-49999,inactive,2021-**-**
1451,J***,H***,j***@hotmail.com,***-***-2601,1957-**-**,[MASKED ADDRESS],175000-199999,inactive,2023-**-**
1453,M***,B***,m***@gmail.com,***-***-2742,1989-**-**,[MASKED ADDRESS],100000-124999,active,2019-**-**
1454,H***,B***,h***@hotmail.com,***-***-1217,1963-**-**,[MASKED ADDRESS],50000-74999,active,2026-**-**
1455,M***,R***,m***@yahoo.com,***-***-1725,2005-**-**,[MASKED ADDRESS],75000-99999,suspended,2021-**-**
1456,S***,R***,s***@hotmail.com,***-***-7471,1961-**-**,[MASKED ADDRESS],175000-199999,active,2022-**-**
1457,M***,L***,m***@hotmail.com,***-***-5300,1951-**-**,[MASKED ADDRESS],25000-49999,active,2025-**-**
1458,D***,S***,d***@hotmail.com,***-***-8882,1958-**-**,[MASKED ADDRESS],150000-174999,suspended,2024-**-**
1459,S***,B***,s***@yahoo.com,***-***-9824,1952-**-**,[MASKED ADDRESS],50000-74999,inactive,2023-**-**
1460,S***,G***,s***@hotmail.com,***-***-7912,1964-**-**,[MASKED ADDRESS],0-24999,active,2021-**-**
1461,P***,H***,p***@yahoo.com,***-***-4168,1969-**-**,[MASKED ADDRESS],225000-249999,inactive,2024-**-**
1462,K***,C***,k***@gmail.com,***-***-4975,2000-**-**,[MASKED ADDRESS],50000-74999,suspended,2026-**-**
1463,A***,C***,a***@gmail.com,***-***-1129,1956-**-**,[MASKED ADDRESS],25000-49999,suspended,2022-**-**
1464,B***,M***,b***@gmail.com,***-***-4496,1983-**-**,[MASKED ADDRESS],25000-49999,inactive,2021-**-**
1466,B***,M***,b***@yahoo.com,***-***-6174,1963-**-**,[MASKED ADDRESS],125000-149999,inactive,2020-**-**
1467,S***,D***,s***@yahoo.com,***-***-9106,1991-**-**,[MASKED ADDRESS],150000-174999,suspended,2022-**-**
1468,M***,B***,m***@hotmail.com,***-***-5947,1964-**-**,[MASKED ADDRESS],0-24999,inactive,2022-**-**
1469,L***,M***,l***@hotmail.com,***-***-8178,1985-**-**,[MASKED ADDRESS],50000-74999,active,2024-**-**
1471,D***,M***,d***@hotmail.com,***-***-6902,2008-**-**,[MASKED ADDRESS],175000-199999,active,2022-**-**
1472,S***,J***,s***@gmail.com,***-***-2412,1985-**-**,[MASKED ADDRESS],150000-174999,active,2019-**-**
1474,C***,L***,c***@gmail.com,***-***-4431,1952-**-**,[MASKED ADDRESS],125000-149999,active,2021-**-**
1476,R***,G***,r***@hotmail.com,***-***-1298,1943-**-**,[MASKED ADDRESS],25000-49999,active,2026-**-**
1477,C***,W***,c***@hotmail.com,***-***-8968,2008-**-**,[MASKED ADDRESS],75000-99999,inactive,2025-**-**
1478,C***,G***,c***@hotmail.com,***-***-7560,1966-**-**,[MASKED ADDRESS],200000-224999,suspended,2022-**-**
1479,C***,B***,c***@hotmail.com,***-***-2573,1991-**-**,[MASKED ADDRESS],150000-174999,inactive,2020-**-**
1480,M***,L***,m***@yahoo.com,***-***-9014,1949-**-**,[MASKED ADDRESS],175000-199999,suspended,2021-**-**
1482,L***,R***,l***@hotmail.com,***-***-3572,2008-**-**,[MASKED ADDRESS],175000-199999,suspended,2025-**-**
1483,R***,H***,r***@yahoo.com,***-***-9165,1959-**-**,[MASKED ADDRESS],175000-199999,active,2021-**-**
1484,C***,G***,c***@gmail.com,***-***-6482,1994-**-**,[MASKED ADDRESS],175000-199999,active,2024-**-**
1486,J***,C***,j***@yahoo.com,***-***-3805,1979-**-**,[MASKED ADDRESS],25000-49999,inactive,2022-**-**
1487,S***,H***,s***@hotmail.com,***-***-5021,1968-**-**,[MASKED ADDRESS],50000-74999,suspended,2022-**-**
1488,A***,C***,a***@yahoo.com,***-***-8025,1996-**-**,[MASKED ADDRESS],100000-124999,inactive,2021-**-**
1489,A***,M***,a***@gmail.com,***-***-6927,1964-**-**,[MASKED ADDRESS],225000-249999,inactive,2021-**-**
1490,J***,A***,j***@yahoo.com,***-***-9476,1996-**-**,[MASKED ADDRESS],225000-249999,active,2025-**-**
1491,C***,H***,c***@yahoo.com,***-***-3692,1987-**-**,[MASKED ADDRESS],100000-124999,inactive,2022-**-**
1492,C***,C***,c***@yahoo.com,***-***-3473,1961-**-**,[MASKED ADDRESS],200000-224999,active,2026-**-**
1493,B***,R***,b***@gmail.com,***-***-6232,1993-**-**,[MASKED ADDRESS],200000-224999,suspended,2020-**-**
1494,A***,M***,a***@hotmail.com,***-***-9490,1955-**-**,[MASKED ADDRESS],200000-224999,active,2020-**-**
1496,C***,T***,c***@hotmail.com,***-***-5643,1947-**-**,[MASKED ADDRESS],150000-174999,suspended,2024-**-**
1497,M***,W***,m***@yahoo.com,***-***-7593,2007-**-**,[MASKED ADDRESS],25000-49999,suspended,2022-**-**
1498,C***,M***,c***@yahoo.com,***-***-3064,1950-**-**,[MASKED ADDRESS],125000-149999,suspended,2022-**-**
1499,M***,H***,m***@yahoo.com,***-***-9383,1985-**-**,[MASKED ADDRESS],125000-149999,suspended,2023-**-**
1502,B***,O***,b***@hotmail.com,***-***-7110,2008-**-**,[MASKED ADDRESS],75000-99999,suspended,2025-**-**
1504,J***,W***,j***@hotmail.com,***-***-4868,1956-**-**,[MASKED ADDRESS],175000-199999,suspended,2026-**-**
1505,M***,C***,m***@yahoo.com,***-***-9737,1979-**-**,[MASKED ADDRESS],200000-224999,active,2020-**-**
1506,K***,L***,k***@yahoo.com,***-***-1416,1969-**-**,[MASKED ADDRESS],175000-199999,suspended,2022-**-**
1507,A***,R***,a***@gmail.com,***-***-9461,1978-**-**,[MASKED ADDRESS],125000-149999,inactive,2023-**-**
1509,R***,P***,r***@yahoo.com,***-***-2651,1945-**-**,[MASKED ADDRESS],100000-124999,inactive,2025-**-**
1510,M***,N***,m***@hotmail.com,***-***-9622,1962-**-**,[MASKED ADDRESS],100000-124999,suspended,2025-**-**
1511,K***,S***,k***@gmail.com,***-***-5320,1942-**-**,[MASKED ADDRESS],125000-149999,suspended,2020-**-**
1512,A***,J***,a***@hotmail.com,***-***-9020,1987-**-**,[MASKED ADDRESS],175000-199999,inactive,2021-**-**
1515,C***,N***,c***@hotmail.com,***-***-6700,2002-**-**,[MASKED ADDRESS],225000-249999,inactive,2021-**-**
1517,S***,G***,s***@gmail.com,***-***-3511,1974-**-**,[MASKED ADDRESS],25000-49999,inactive,2023-**-**
1518,B***,B***,b***@hotmail.com,***-***-8961,2008-**-**,[MASKED ADDRESS],0-24999,active,2022-**-**
1519,M***,F***,m***@yahoo.com,***-***-1577,1941-**-**,[MASKED ADDRESS],225000-249999,inactive,2025-**-**
1520,C***,J***,c***@hotmail.com,***-***-9008,1988-**-**,[MASKED ADDRESS],0-24999,suspended,2023-**-**
1521,S***,B***,s***@hotmail.com,***-***-7841,1976-**-**,[MASKED ADDRESS],100000-124999,inactive,2022-**-**
1522,C***,W***,c***@gmail.com,***-***-5418,1965-**-**,[MASKED ADDRESS],100000-124999,suspended,2020-**-**
1524,K***,M***,k***@gmail.com,***-***-3440,1946-**-**,[MASKED ADDRESS],200000-224999,inactive,2021-**-**
1527,A***,R***,a***@hotmail.com,***-***-1406,1959-**-**,[MASKED ADDRESS],125000-149999,suspended,2025-**-**
1528,V***,P***,v***@yahoo.com,***-***-3028,1993-**-**,[MASKED ADDRESS],150000-174999,active,2023-**-**
1531,J***,S***,j***@hotmail.com,***-***-3917,1968-**-**,[MASKED ADDRESS],175000-199999,active,2020-**-**
1533,E***,M***,e***@gmail.com,***-***-1381,2004-**-**,[MASKED ADDRESS],75000-99999,active,2020-**-**
1534,T***,D***,t***@gmail.com,***-***-6199,1949-**-**,[MASKED ADDRESS],100000-124999,active,2022-**-**
1536,W***,S***,w***@gmail.com,***-***-3526,1988-**-**,[MASKED ADDRESS],75000-99999,inactive,2023-**-**
1537,A***,S***,a***@yahoo.com,***-***-6329,1955-**-**,[MASKED ADDRESS],50000-74999,suspended,2024-**-**
1538,G***,W***,g***@yahoo.com,***-***-2617,1943-**-**,[MASKED ADDRESS],75000-99999,inactive,2026-**-**
1540,K***,S***,k***@gmail.com,***-***-9076,1954-**-**,[MASKED ADDRESS],125000-149999,suspended,2019-**-**
1542,J***,C***,j***@yahoo.com,***-***-1473,1962-**-**,[MASKED ADDRESS],100000-124999,active,2022-**-**
1543,S***,T***,s***@hotmail.com,***-***-2663,1954-**-**,[MASKED ADDRESS],50000-74999,suspended,2026-**-**
1544,J***,S***,j***@gmail.com,***-***-7664,1973-**-**,[MASKED ADDRESS],50000-74999,suspended,2025-**-**
1545,D***,H***,d***@hotmail.com,***-***-7116,1976-**-**,[MASKED ADDRESS],125000-149999,active,2021-**-**
1546,M***,O***,m***@yahoo.com,***-***-8401,1982-**-**,[MASKED ADDRESS],25000-49999,inactive,2023-**-**
1548,J***,J***,j***@hotmail.com,***-***-2799,1959-**-**,[MASKED ADDRESS],225000-249999,suspended,2023-**-**
1549,R***,C***,r***@yahoo.com,***-***-5609,1971-**-**,[MASKED ADDRESS],25000-49999,suspended,2024-**-**
1550,M***,H***,m***@hotmail.com,***-***-5925,1996-**-**,[MASKED ADDRESS],25000-49999,suspended,2020-**-**
1551,M***,W***,m***@hotmail.com,***-***-5578,1982-**-**,[MASKED ADDRESS],200000-224999,active,2025-**-**
1555,R***,S***,r***@gmail.com,***-***-1156,1988-**-**,[MASKED ADDRESS],150000-174999,inactive,2019-**-**
1556,S***,B***,s***@hotmail.com,***-***-9011,1997-**-**,[MASKED ADDRESS],175000-199999,suspended,2020-**-**
1557,S***,W***,s***@gmail.com,***-***-2270,1951-**-**,[MASKED ADDRESS],125000-149999,suspended,2025-**-**
1558,J***,W***,j***@gmail.com,***-***-6783,1996-**-**,[MASKED ADDRESS],225000-249999,inactive,2021-**-**
1562,R***,B***,r***@hotmail.com,***-***-5967,1990-**-**,[MASKED ADDRESS],175000-199999,active,2022-**-**
1563,D***,J***,d***@gmail.com,***-***-1602,1997-**-**,[MASKED ADDRESS],75000-99999,suspended,2024-**-**
1564,C***,K***,c***@yahoo.com,***-***-5095,1973-**-**,[MASKED ADDRESS],225000-249999,suspended,2019-**-**
1566,R***,R***,r***@hotmail.com,***-***-3875,1987-**-**,[MASKED ADDRESS],25000-49999,active,2024-**-**
1567,E***,S***,e***@hotmail.com,***-***-4734,1982-**-**,[MASKED ADDRESS],200000-224999,suspended,2025-**-**
1568,S***,M***,s***@hotmail.com,***-***-1378,1980-**-**,[MASKED ADDRESS],225000-249999,active,2023-**-**
1569,P***,G***,p***@hotmail.com,***-***-8437,1971-**-**,[MASKED ADDRESS],0-24999,inactive,2020-**-**
1570,E***,F***,e***@gmail.com,***-***-7666,1995-**-**,[MASKED ADDRESS],75000-99999,suspended,2026-**-**
1571,A***,B***,a***@yahoo.com,***-***-6922,1996-**-**,[MASKED ADDRESS],125000-149999,active,2020-**-**
1572,D***,C***,d***@gmail.com,***-***-7882,1971-**-**,[MASKED ADDRESS],125000-149999,inactive,2024-**-**
1573,J***,W***,j***@hotmail.com,***-***-6483,1979-**-**,[MASKED ADDRESS],25000-49999,suspended,2026-**-**
1574,A***,B***,a***@gmail.com,***-***-7943,1941-**-**,[MASKED ADDRESS],225000-249999,active,2026-**-**
1575,P***,H***,p***@gmail.com,***-***-6092,1972-**-**,[MASKED ADDRESS],25000-49999,suspended,2024-**-**
1576,T***,C***,t***@gmail.com,***-***-8077,2006-**-**,[MASKED ADDRESS],175000-199999,suspended,2025-**-**
1578,M***,W***,m***@hotmail.com,***-***-4878,1981-**-**,[MASKED ADDRESS],225000-249999,suspended,2026-**-**
1579,J***,J***,j***@gmail.com,***-***-8975,1963-**-**,[MASKED ADDRESS],150000-174999,suspended,2019-**-**
1580,E***,S***,e***@gmail.com,***-***-6833,1982-**-**,[MASKED ADDRESS],100000-124999,suspended,2025-**-**
1581,S***,P***,s***@hotmail.com,***-***-8240,1944-**-**,[MASKED ADDRESS],25000-49999,suspended,2025-**-**
1582,K***,N***,k***@gmail.com,***-***-7676,1953-**-**,[MASKED ADDRESS],125000-149999,inactive,2021-**-**
1583,D***,R***,d***@yahoo.com,***-***-7735,1985-**-**,[MASKED ADDRESS],50000-74999,suspended,2022-**-**
1586,G***,B***,g***@gmail.com,***-***-6377,1969-**-**,[MASKED ADDRESS],125000-149999,active,2026-**-**
1587,C***,C***,c***@hotmail.com,***-***-2106,1943-**-**,[MASKED ADDRESS],125000-149999,active,2025-**-**
1588,C***,M***,c***@hotmail.com,***-***-9337,1964-**-**,[MASKED ADDRESS],50000-74999,inactive,2020-**-**
1589,S***,H***,s***@gmail.com,***-***-8284,1992-**-**,[MASKED ADDRESS],50000-74999,active,2021-**-**
1590,V***,R***,v***@gmail.com,***-***-6106,1939-**-**,[MASKED ADDRESS],125000-149999,suspended,2026-**-**
1591,T***,F***,t***@hotmail.com,***-***-9866,1995-**-**,[MASKED ADDRESS],175000-199999,active,2022-**-**
1592,S***,A***,s***@yahoo.com,***-***-6618,1983-**-**,[MASKED ADDRESS],75000-99999,active,2021-**-**
1593,E***,M***,e***@hotmail.com,***-***-3369,1995-**-**,[MASKED ADDRESS],25000-49999,suspended,2020-**-**
1594,R***,D***,r***@gmail.com,***-***-6633,1977-**-**,[MASKED ADDRESS],50000-74999,active,2020-**-**
1595,J***,M***,j***@yahoo.com,***-***-4102,1990-**-**,[MASKED ADDRESS],150000-174999,suspended,2024-**-**
1597,A***,E***,a***@gmail.com,***-***-7859,1993-**-**,[MASKED ADDRESS],75000-99999,active,2022-**-**
1598,S***,F***,s***@hotmail.com,***-***-4594,1937-**-**,[MASKED ADDRESS],200000-224999,suspended,2021-**-**
1599,T***,G***,t***@gmail.com,***-***-9820,2003-**-**,[MASKED ADDRESS],150000-174999,active,2024-**-**
1600,A***,K***,a***@gmail.com,***-***-6431,1939-**-**,[MASKED ADDRESS],175000-199999,inactive,2021-**-**
1601,L***,G***,l***@yahoo.com,***-***-1110,1979-**-**,[MASKED ADDRESS],75000-99999,active,2024-**-**
1602,R***,T***,r***@gmail.com,***-***-2887,2000-**-**,[MASKED ADDRESS],25000-49999,inactive,2022-**-**
1603,L***,B***,l***@hotmail.com,***-***-6896,1968-**-**,[MASKED ADDRESS],25000-49999,active,2024-**-**
1604,V***,M***,v***@hotmail.com,***-***-3853,1961-**-**,[MASKED ADDRESS],50000-74999,inactive,2024-**-**
1607,L***,S***,l***@hotmail.com,***-***-6544,1969-**-**,[MASKED ADDRESS],225000-249999,inactive,2022-**-**
1608,M***,G***,m***@hotmail.com,***-***-2398,1949-**-**,[MASKED ADDRESS],150000-174999,suspended,2021-**-**
1609,C***,G***,c***@hotmail.com,***-***-2071,1977-**-**,[MASKED ADDRESS],25000-49999,active,2019-**-**
1610,A***,H***,a***@gmail.com,***-***-7196,1937-**-**,[MASKED ADDRESS],150000-174999,inactive,2024-**-**
1611,M***,M***,m***@yahoo.com,***-***-5006,1989-**-**,[MASKED ADDRESS],200000-224999,suspended,2019-**-**
1612,D***,W***,d***@gmail.com,***-***-2744,1952-**-**,[MASKED ADDRESS],175000-199999,inactive,2020-**-**
1613,M***,H***,m***@yahoo.com,***-***-5588,1945-**-**,[MASKED ADDRESS],200000-224999,suspended,2023-**-**
1614,M***,R***,m***@gmail.com,***-***-2219,1985-**-**,[MASKED ADDRESS],175000-199999,suspended,2020-**-**
1616,C***,H***,c***@gmail.com,***-***-9501,1960-**-**,[MASKED ADDRESS],100000-124999,inactive,2020-**-**
1617,S***,N***,s***@gmail.com,***-***-8918,1997-**-**,[MASKED ADDRESS],175000-199999,inactive,2022-**-**
1619,R***,W***,r***@yahoo.com,***-***-6075,2007-**-**,[MASKED ADDRESS],100000-124999,active,2026-**-**
1620,L***,A***,l***@gmail.com,***-***-7963,1959-**-**,[MASKED ADDRESS],200000-224999,active,2022-**-**
1621,T***,L***,t***@gmail.com,***-***-2388,1998-**-**,[MASKED ADDRESS],25000-49999,active,2024-**-**
1622,A***,H***,a***@yahoo.com,***-***-6760,2001-**-**,[MASKED ADDRESS],50000-74999,active,2023-**-**
1623,N***,B***,n***@gmail.com,***-***-6511,1992-**-**,[MASKED ADDRESS],100000-124999,inactive,2021-**-**
1625,N***,T***,n***@hotmail.com,***-***-4830,1963-**-**,[MASKED ADDRESS],75000-99999,active,2026-**-**
1626,K***,S***,k***@hotmail.com,***-***-9220,1954-**-**,[MASKED ADDRESS],125000-149999,suspended,2022-**-**
1627,R***,H***,r***@yahoo.com,***-***-2612,1999-**-**,[MASKED ADDRESS],25000-49999,inactive,2025-**-**
1628,M***,H***,m***@yahoo.com,***-***-6468,1945-**-**,[MASKED ADDRESS],50000-74999,inactive,2026-**-**
1630,C***,M***,c***@yahoo.com,***-***-9898,1970-**-**,[MASKED ADDRESS],200000-224999,active,2025-**-**
1631,M***,S***,m***@yahoo.com,***-***-7616,2001-**-**,[MASKED ADDRESS],225000-249999,suspended,2023-**-**
1633,M***,R***,m***@gmail.com,***-***-4438,1987-**-**,[MASKED ADDRESS],100000-124999,suspended,2022-**-**
1634,T***,B***,t***@yahoo.com,***-***-7638,2003-**-**,[MASKED ADDRESS],175000-199999,inactive,2020-**-**
1635,D***,M***,d***@hotmail.com,***-***-4077,1999-**-**,[MASKED ADDRESS],100000-124999,suspended,2022-**-**
1636,B***,W***,b***@gmail.com,***-***-8860,2006-**-**,[MASKED ADDRESS],200000-224999,active,2021-**-**
1637,E***,J***,e***@gmail.com,***-***-3102,1939-**-**,[MASKED ADDRESS],75000-99999,suspended,2022-**-**
1638,S***,R***,s***@yahoo.com,***-***-6810,1966-**-**,[MASKED ADDRESS],75000-99999,inactive,2026-**-**
1639,C***,B***,c***@gmail.com,***-***-7608,1980-**-**,[MASKED ADDRESS],175000-199999,suspended,2021-**-**
1640,M***,J***,m***@hotmail.com,***-***-1380,1980-**-**,[MASKED ADDRESS],125000-149999,active,2020-**-**
1641,G***,B***,g***@hotmail.com,***-***-7404,1999-**-**,[MASKED ADDRESS],225000-249999,active,2025-**-**
1642,J***,N***,j***@gmail.com,***-***-7331,1969-**-**,[MASKED ADDRESS],50000-74999,active,2022-**-**
1644,A***,N***,a***@hotmail.com,***-***-9005,1970-**-**,[MASKED ADDRESS],0-24999,active,2020-**-**
1646,J***,V***,j***@yahoo.com,***-***-1941,1983-**-**,[MASKED ADDRESS],75000-99999,active,2020-**-**
1647,A***,M***,a***@yahoo.com,***-***-5391,2000-**-**,[MASKED ADDRESS],50000-74999,active,2024-**-**
1648,H***,C***,h***@yahoo.com,***-***-8835,1986-**-**,[MASKED ADDRESS],175000-199999,active,2025-**-**
1649,J***,P***,j***@hotmail.com,***-***-6075,1978-**-**,[MASKED ADDRESS],100000-124999,suspended,2024-**-**
1650,J***,J***,j***@yahoo.com,***-***-1180,1950-**-**,[MASKED ADDRESS],125000-149999,suspended,2021-**-**
1651,M***,W***,m***@yahoo.com,***-***-1121,1980-**-**,[MASKED ADDRESS],225000-249999,inactive,2021-**-**
1652,G***,C***,g***@gmail.com,***-***-4740,1966-**-**,[MASKED ADDRESS],125000-149999,suspended,2025-**-**
1653,R***,B***,r***@hotmail.com,***-***-1640,1993-**-**,[MASKED ADDRESS],175000-199999,inactive,2021-**-**
1654,B***,C***,b***@hotmail.com,***-***-5873,1958-**-**,[MASKED ADDRESS],100000-124999,active,2021-**-**
1656,R***,C***,r***@hotmail.com,***-***-2565,1974-**-**,[MASKED ADDRESS],100000-124999,active,2024-**-**
1657,H***,Y***,h***@gmail.com,***-***-8159,1938-**-**,[MASKED ADDRESS],75000-99999,active,2023-**-**
1658,A***,M***,a***@yahoo.com,***-***-2986,1978-**-**,[MASKED ADDRESS],225000-249999,active,2024-**-**
1660,M***,W***,m***@gmail.com,***-***-1731,1956-**-**,[MASKED ADDRESS],100000-124999,active,2023-**-**
1664,M***,F***,m***@gmail.com,***-***-4969,1944-**-**,[MASKED ADDRESS],175000-199999,inactive,2025-**-**
1665,K***,V***,k***@hotmail.com,***-***-3643,1975-**-**,[MASKED ADDRESS],50000-74999,active,2025-**-**
1667,G***,T***,g***@hotmail.com,***-***-1183,2004-**-**,[MASKED ADDRESS],150000-174999,active,2022-**-**
1669,J***,R***,j***@yahoo.com,***-***-1782,1964-**-**,[MASKED ADDRESS],200000-224999,suspended,2020-**-**
1670,K***,L***,k***@yahoo.com,***-***-6051,1947-**-**,[MASKED ADDRESS],100000-124999,suspended,2025-**-**
1671,R***,W***,r***@gmail.com,***-***-7183,1953-**-**,[MASKED ADDRESS],175000-199999,active,2026-**-**
1674,M***,S***,m***@yahoo.com,***-***-1721,1982-**-**,[MASKED ADDRESS],100000-124999,active,2024-**-**
1675,T***,M***,t***@yahoo.com,***-***-4105,1976-**-**,[MASKED ADDRESS],150000-174999,suspended,2023-**-**
1677,J***,K***,j***@gmail.com,***-***-7588,1976-**-**,[MASKED ADDRESS],150000-174999,active,2023-**-**
1678,C***,C***,c***@yahoo.com,***-***-4606,1949-**-**,[MASKED ADDRESS],25000-49999,inactive,2022-**-**
1679,P***,N***,p***@hotmail.com,***-***-2103,1983-**-**,[MASKED ADDRESS],200000-224999,active,2019-**-**
1680,M***,M***,m***@hotmail.com,***-***-9185,1959-**-**,[MASKED ADDRESS],225000-249999,active,2023-**-**
1681,J***,F***,j***@gmail.com,***-***-5127,1941-**-**,[MASKED ADDRESS],225000-249999,suspended,2020-**-**
1682,M***,G***,m***@gmail.com,***-***-7387,1949-**-**,[MASKED ADDRESS],150000-174999,suspended,2023-**-**
1683,R***,W***,r***@gmail.com,***-***-6614,1996-**-**,[MASKED ADDRESS],225000-249999,suspended,2025-**-**
1684,A***,W***,a***@gmail.com,***-***-1289,2005-**-**,[MASKED ADDRESS],150000-174999,suspended,2021-**-**
1685,J***,A***,j***@gmail.com,***-***-4808,1995-**-**,[MASKED ADDRESS],125000-149999,suspended,2021-**-**
1686,F***,F***,f***@hotmail.com,***-***-4887,1980-**-**,[MASKED ADDRESS],75000-99999,suspended,2026-**-**
1687,E***,L***,e***@yahoo.com,***-***-5332,1951-**-**,[MASKED ADDRESS],25000-49999,active,2021-**-**
1688,K***,I***,k***@yahoo.com,***-***-3484,1982-**-**,[MASKED ADDRESS],100000-124999,suspended,2021-**-**
1689,D***,B***,d***@gmail.com,***-***-8270,1993-**-**,[MASKED ADDRESS],175000-199999,inactive,2026-**-**
1691,S***,G***,s***@hotmail.com,***-***-4752,1943-**-**,[MASKED ADDRESS],200000-224999,inactive,2023-**-**
1693,K***,C***,k***@gmail.com,***-***-4644,1999-**-**,[MASKED ADDRESS],150000-174999,inactive,2023-**-**
1695,R***,R***,r***@yahoo.com,***-***-1853,1947-**-**,[MASKED ADDRESS],150000-174999,active,2021-**-**
1697,Z***,R***,z***@yahoo.com,***-***-7983,2004-**-**,[MASKED ADDRESS],175000-199999,inactive,2024-**-**
1698,R***,M***,r***@yahoo.com,***-***-7395,1963-**-**,[MASKED ADDRESS],100000-124999,suspended,2024-**-**
1700,J***,M***,j***@gmail.com,***-***-6891,2002-**-**,[MASKED ADDRESS],100000-124999,active,2023-**-**
1701,L***,B***,l***@yahoo.com,***-***-9278,1997-**-**,[MASKED ADDRESS],150000-174999,inactive,2021-**-**
1703,M***,M***,m***@hotmail.com,***-***-3503,1939-**-**,[MASKED ADDRESS],125000-149999,active,2023-**-**
1704,K***,C***,k***@gmail.com,***-***-6011,1991-**-**,[MASKED ADDRESS],100000-124999,inactive,2023-**-**
1706,D***,R***,d***@hotmail.com,***-***-4106,1990-**-**,[MASKED ADDRESS],0-24999,suspended,2021-**-**
1707,W***,T***,w***@hotmail.com,***-***-7812,1944-**-**,[MASKED ADDRESS],225000-249999,suspended,2022-**-**
1709,A***,K***,a***@yahoo.com,***-***-3039,1963-**-**,[MASKED ADDRESS],100000-124999,suspended,2025-**-**
1711,B***,W***,b***@gmail.com,***-***-9005,1967-**-**,[MASKED ADDRESS],150000-174999,inactive,2022-**-**
1712,L***,L***,l***@hotmail.com,***-***-7947,2002-**-**,[MASKED ADDRESS],175000-199999,active,2026-**-**
1713,S***,M***,s***@hotmail.com,***-***-1462,1990-**-**,[MASKED ADDRESS],150000-174999,suspended,2021-**-**
1714,A***,W***,a***@hotmail.com,***-***-8462,1963-**-**,[MASKED ADDRESS],225000-249999,active,2025-**-**
1715,J***,K***,j***@hotmail.com,***-***-3644,1971-**-**,[MASKED ADDRESS],0-24999,active,2023-**-**
1716,J***,J***,j***@hotmail.com,***-***-2316,1994-**-**,[MASKED ADDRESS],125000-149999,active,2022-**-**
1721,S***,R***,s***@gmail.com,***-***-2449,2003-**-**,[MASKED ADDRESS],175000-199999,inactive,2021-**-**
1722,B***,G***,b***@gmail.com,***-***-5724,1954-**-**,[MASKED ADDRESS],175000-199999,active,2020-**-**
1723,J***,E***,j***@gmail.com,***-***-4213,1951-**-**,[MASKED ADDRESS],50000-74999,active,2024-**-**
1724,J***,G***,j***@hotmail.com,***-***-4482,1974-**-**,[MASKED ADDRESS],50000-74999,active,2021-**-**
1725,T***,H***,t***@yahoo.com,***-***-5249,1993-**-**,[MASKED ADDRESS],225000-249999,inactive,2024-**-**
1726,A***,C***,a***@hotmail.com,***-***-3726,1952-**-**,[MASKED ADDRESS],200000-224999,active,2021-**-**
1727,J***,B***,j***@yahoo.com,***-***-7188,2002-**-**,[MASKED ADDRESS],25000-49999,active,2025-**-**
1728,W***,T***,w***@yahoo.com,***-***-4846,1996-**-**,[MASKED ADDRESS],100000-124999,suspended,2022-**-**
1729,J***,A***,j***@yahoo.com,***-***-5359,1938-**-**,[MASKED ADDRESS],175000-199999,active,2025-**-**
1730,J***,D***,j***@gmail.com,***-***-4458,1989-**-**,[MASKED ADDRESS],125000-149999,active,2020-**-**
1732,T***,J***,t***@gmail.com,***-***-6514,1948-**-**,[MASKED ADDRESS],100000-124999,inactive,2022-**-**
1734,T***,J***,t***@hotmail.com,***-***-2353,1969-**-**,[MASKED ADDRESS],100000-124999,suspended,2022-**-**
1736,H***,S***,h***@hotmail.com,***-***-5072,1975-**-**,[MASKED ADDRESS],75000-99999,suspended,2023-**-**
1739,K***,H***,k***@yahoo.com,***-***-4826,1955-**-**,[MASKED ADDRESS],150000-174999,inactive,2023-**-**
1740,R***,R***,r***@yahoo.com,***-***-8010,1968-**-**,[MASKED ADDRESS],225000-249999,inactive,2019-**-**
1741,J***,W***,j***@gmail.com,***-***-5814,1961-**-**,[MASKED ADDRESS],150000-174999,suspended,2025-**-**
1742,J***,W***,j***@yahoo.com,***-***-9267,1997-**-**,[MASKED ADDRESS],25000-49999,inactive,2025-**-**
1743,C***,F***,c***@yahoo.com,***-***-9990,1995-**-**,[MASKED ADDRESS],225000-249999,inactive,2025-**-**
1744,M***,J***,m***@hotmail.com,***-***-8899,1985-**-**,[MASKED ADDRESS],150000-174999,active,2024-**-**
1745,D***,B***,d***@gmail.com,***-***-2465,1948-**-**,[MASKED ADDRESS],25000-49999,suspended,2023-**-**
1746,A***,M***,a***@yahoo.com,***-***-6015,1992-**-**,[MASKED ADDRESS],175000-199999,active,2026-**-**
1747,D***,V***,d***@gmail.com,***-***-3016,2001-**-**,[MASKED ADDRESS],150000-174999,suspended,2023-**-**
1748,T***,D***,t***@hotmail.com,***-***-6217,1945-**-**,[MASKED ADDRESS],50000-74999,suspended,2021-**-**
1749,B***,R***,b***@hotmail.com,***-***-6623,1992-**-**,[MASKED ADDRESS],100000-124999,active,2019-**-**
1751,K***,K***,k***@yahoo.com,***-***-5470,1990-**-**,[MASKED ADDRESS],25000-49999,inactive,2023-**-**
1753,D***,M***,d***@gmail.com,***-***-4518,1943-**-**,[MASKED ADDRESS],75000-99999,suspended,2023-**-**
1754,S***,M***,s***@hotmail.com,***-***-7941,1980-**-**,[MASKED ADDRESS],75000-99999,inactive,2020-**-**
1755,D***,C***,d***@gmail.com,***-***-4639,1986-**-**,[MASKED ADDRESS],25000-49999,active,2025-**-**
1756,N***,W***,n***@hotmail.com,***-***-3370,1982-**-**,[MASKED ADDRESS],175000-199999,active,2020-**-**
1757,S***,C***,s***@gmail.com,***-***-6194,1988-**-**,[MASKED ADDRESS],50000-74999,inactive,2024-**-**
1758,M***,H***,m***@hotmail.com,***-***-1562,1982-**-**,[MASKED ADDRESS],150000-174999,inactive,2025-**-**
1760,L***,R***,l***@gmail.com,***-***-4534,1987-**-**,[MASKED ADDRESS],125000-149999,suspended,2020-**-**
1761,B***,S***,b***@yahoo.com,***-***-3501,1986-**-**,[MASKED ADDRESS],200000-224999,active,2022-**-**
1762,A***,H***,a***@yahoo.com,***-***-1861,1959-**-**,[MASKED ADDRESS],200000-224999,active,2024-**-**
1763,S***,T***,s***@yahoo.com,***-***-5900,1990-**-**,[MASKED ADDRESS],225000-249999,suspended,2021-**-**
1765,J***,P***,j***@yahoo.com,***-***-7412,1976-**-**,[MASKED ADDRESS],100000-124999,suspended,2021-**-**
1767,K***,H***,k***@yahoo.com,***-***-6298,2003-**-**,[MASKED ADDRESS],175000-199999,suspended,2022-**-**
1768,R***,G***,r***@gmail.com,***-***-8496,1939-**-**,[MASKED ADDRESS],150000-174999,suspended,2026-**-**
1770,S***,H***,s***@yahoo.com,***-***-4205,1974-**-**,[MASKED ADDRESS],175000-199999,active,2024-**-**
1771,M***,H***,m***@yahoo.com,***-***-2670,2003-**-**,[MASKED ADDRESS],150000-174999,active,2022-**-**
1772,R***,S***,r***@yahoo.com,***-***-3756,2006-**-**,[MASKED ADDRESS],200000-224999,active,2022-**-**
1773,D***,R***,d***@hotmail.com,***-***-1859,1993-**-**,[MASKED ADDRESS],25000-49999,suspended,2022-**-**
1774,J***,L***,j***@gmail.com,***-***-3434,1952-**-**,[MASKED ADDRESS],150000-174999,inactive,2022-**-**
1775,A***,N***,a***@gmail.com,***-***-4946,1962-**-**,[MASKED ADDRESS],100000-124999,inactive,2023-**-**
1777,H***,B***,h***@yahoo.com,***-***-7260,1978-**-**,[MASKED ADDRESS],75000-99999,suspended,2025-**-**
1778,G***,R***,g***@yahoo.com,***-***-2966,1968-**-**,[MASKED ADDRESS],25000-49999,active,2021-**-**
1781,L***,C***,l***@yahoo.com,***-***-6613,1995-**-**,[MASKED ADDRESS],225000-249999,suspended,2020-**-**
1782,E***,H***,e***@gmail.com,***-***-3051,1950-**-**,[MASKED ADDRESS],25000-49999,active,2021-**-**
1784,L***,C***,l***@gmail.com,***-***-9501,1998-**-**,[MASKED ADDRESS],200000-224999,active,2020-**-**
1785,K***,L***,k***@gmail.com,***-***-4399,1987-**-**,[MASKED ADDRESS],225000-249999,active,2025-**-**
1786,R***,V***,r***@yahoo.com,***-***-3948,1967-**-**,[MASKED ADDRESS],0-24999,inactive,2024-**-**
1787,R***,B***,r***@hotmail.com,***-***-3110,1983-**-**,[MASKED ADDRESS],125000-149999,suspended,2023-**-**
1789,C***,T***,c***@gmail.com,***-***-8375,1990-**-**,[MASKED ADDRESS],75000-99999,suspended,2025-**-**
1790,Z***,B***,z***@hotmail.com,***-***-1001,1969-**-**,[MASKED ADDRESS],50000-74999,active,2024-**-**
1791,M***,L***,m***@gmail.com,***-***-9750,2001-**-**,[MASKED ADDRESS],100000-124999,suspended,2020-**-**
1792,L***,R***,l***@yahoo.com,***-***-9563,1999-**-**,[MASKED ADDRESS],200000-224999,inactive,2021-**-**
1793,S***,R***,s***@yahoo.com,***-***-4438,1956-**-**,[MASKED ADDRESS],150000-174999,suspended,2019-**-**
1795,D***,M***,d***@hotmail.com,***-***-4539,1958-**-**,[MASKED ADDRESS],125000-149999,inactive,2025-**-**
1797,S***,R***,s***@hotmail.com,***-***-3675,1999-**-**,[MASKED ADDRESS],100000-124999,active,2023-**-**
1798,J***,A***,j***@yahoo.com,***-***-3346,1965-**-**,[MASKED ADDRESS],125000-149999,active,2023-**-**
1799,W***,M***,w***@gmail.com,***-***-4156,1939-**-**,[MASKED ADDRESS],175000-199999,suspended,2023-**-**
1800,K***,M***,k***@gmail.com,***-***-7876,1963-**-**,[MASKED ADDRESS],200000-224999,inactive,2020-**-**
1801,J***,S***,j***@yahoo.com,***-***-5055,1955-**-**,[MASKED ADDRESS],25000-49999,active,2021-**-**
1802,A***,M***,a***@yahoo.com,***-***-9984,1937-**-**,[MASKED ADDRESS],100000-124999,inactive,2020-**-**
1804,E***,Y***,e***@yahoo.com,***-***-7179,1996-**-**,[MASKED ADDRESS],225000-249999,active,2023-**-**
1806,J***,S***,j***@hotmail.com,***-***-9666,1965-**-**,[MASKED ADDRESS],75000-99999,suspended,2020-**-**
1807,D***,R***,d***@gmail.com,***-***-2623,1988-**-**,[MASKED ADDRESS],200000-224999,active,2023-**-**
1809,T***,H***,t***@yahoo.com,***-***-7597,1940-**-**,[MASKED ADDRESS],100000-124999,active,2020-**-**
1810,M***,F***,m***@gmail.com,***-***-9414,1997-**-**,[MASKED ADDRESS],175000-199999,suspended,2023-**-**
1811,T***,F***,t***@gmail.com,***-***-9845,1965-**-**,[MASKED ADDRESS],25000-49999,active,2025-**-**
1812,M***,D***,m***@yahoo.com,***-***-5081,1961-**-**,[MASKED ADDRESS],150000-174999,inactive,2022-**-**
1814,R***,B***,r***@gmail.com,***-***-9529,1977-**-**,[MASKED ADDRESS],225000-249999,active,2023-**-**
1816,J***,D***,j***@hotmail.com,***-***-2256,1954-**-**,[MASKED ADDRESS],175000-199999,active,2025-**-**
1817,J***,C***,j***@yahoo.com,***-***-4545,1974-**-**,[MASKED ADDRESS],175000-199999,suspended,2024-**-**
1818,J***,G***,j***@gmail.com,***-***-9404,1957-**-**,[MASKED ADDRESS],225000-249999,active,2021-**-**
1820,D***,G***,d***@gmail.com,***-***-1119,1938-**-**,[MASKED ADDRESS],175000-199999,suspended,2026-**-**
1821,B***,G***,b***@hotmail.com,***-***-5001,1954-**-**,[MASKED ADDRESS],225000-249999,suspended,2020-**-**
1822,K***,B***,k***@hotmail.com,***-***-1693,1965-**-**,[MASKED ADDRESS],150000-174999,suspended,2020-**-**
1823,D***,W***,d***@yahoo.com,***-***-9799,1993-**-**,[MASKED ADDRESS],75000-99999,suspended,2020-**-**
1824,J***,P***,j***@yahoo.com,***-***-7925,1953-**-**,[MASKED ADDRESS],125000-149999,active,2020-**-**
1825,M***,T***,m***@gmail.com,***-***-5262,1955-**-**,[MASKED ADDRESS],50000-74999,active,2022-**-**
1826,A***,G***,a***@gmail.com,***-***-5809,2007-**-**,[MASKED ADDRESS],75000-99999,active,2023-**-**
1827,J***,H***,j***@gmail.com,***-***-3716,1940-**-**,[MASKED ADDRESS],200000-224999,suspended,2020-**-**
1828,T***,W***,t***@hotmail.com,***-***-8999,1962-**-**,[MASKED ADDRESS],25000-49999,active,2020-**-**
1830,D***,M***,d***@gmail.com,***-***-7587,1954-**-**,[MASKED ADDRESS],75000-99999,active,2022-**-**
1832,R***,S***,r***@gmail.com,***-***-1113,1990-**-**,[MASKED ADDRESS],50000-74999,suspended,2022-**-**
1838,G***,R***,g***@gmail.com,***-***-5354,1996-**-**,[MASKED ADDRESS],25000-49999,inactive,2024-**-**
1839,J***,G***,j***@gmail.com,***-***-3087,1942-**-**,[MASKED ADDRESS],75000-99999,inactive,2020-**-**
1840,C***,V***,c***@gmail.com,***-***-7370,1988-**-**,[MASKED ADDRESS],25000-49999,active,2021-**-**
1841,N***,F***,n***@hotmail.com,***-***-4204,1948-**-**,[MASKED ADDRESS],125000-149999,suspended,2026-**-**
1842,R***,V***,r***@gmail.com,***-***-6605,1939-**-**,[MASKED ADDRESS],100000-124999,suspended,2024-**-**
1843,V***,P***,v***@gmail.com,***-***-5742,1966-**-**,[MASKED ADDRESS],75000-99999,active,2026-**-**
1844,N***,G***,n***@yahoo.com,***-***-7469,1977-**-**,[MASKED ADDRESS],175000-199999,active,2021-**-**
1845,T***,R***,t***@hotmail.com,***-***-2884,1954-**-**,[MASKED ADDRESS],200000-224999,suspended,2023-**-**
1846,D***,A***,d***@hotmail.com,***-***-4250,1945-**-**,[MASKED ADDRESS],100000-124999,active,2023-**-**
1847,T***,M***,t***@gmail.com,***-***-4091,1962-**-**,[MASKED ADDRESS],225000-249999,suspended,2021-**-**
1848,J***,W***,j***@gmail.com,***-***-3167,1985-**-**,[MASKED ADDRESS],100000-124999,inactive,2025-**-**
1849,N***,Y***,n***@gmail.com,***-***-1289,1997-**-**,[MASKED ADDRESS],150000-174999,active,2024-**-**
1850,B***,R***,b***@yahoo.com,***-***-9601,1963-**-**,[MASKED ADDRESS],75000-99999,suspended,2026-**-**
1851,L***,G***,l***@hotmail.com,***-***-7980,1997-**-**,[MASKED ADDRESS],100000-124999,suspended,2024-**-**
1852,W***,D***,w***@yahoo.com,***-***-1757,1942-**-**,[MASKED ADDRESS],25000-49999,inactive,2021-**-**
1853,M***,H***,m***@yahoo.com,***-***-7910,1962-**-**,[MASKED ADDRESS],50000-74999,active,2023-**-**
1854,J***,L***,j***@yahoo.com,***-***-1854,1983-**-**,[MASKED ADDRESS],150000-174999,inactive,2024-**-**
1855,S***,S***,s***@gmail.com,***-***-5590,1998-**-**,[MASKED ADDRESS],200000-224999,active,2024-**-**
1856,C***,D***,c***@gmail.com,***-***-9049,1988-**-**,[MASKED ADDRESS],75000-99999,inactive,2021-**-**
1857,A***,T***,a***@gmail.com,***-***-1223,1946-**-**,[MASKED ADDRESS],150000-174999,active,2025-**-**
1859,J***,A***,j***@hotmail.com,***-***-4903,1956-**-**,[MASKED ADDRESS],150000-174999,active,2020-**-**
1861,S***,S***,s***@hotmail.com,***-***-4120,1985-**-**,[MASKED ADDRESS],50000-74999,inactive,2019-**-**
1863,D***,B***,d***@gmail.com,***-***-3517,1966-**-**,[MASKED ADDRESS],25000-49999,active,2024-**-**
1866,J***,H***,j***@hotmail.com,***-***-9255,1996-**-**,[MASKED ADDRESS],175000-199999,active,2021-**-**
1867,C***,D***,c***@gmail.com,***-***-3112,1948-**-**,[MASKED ADDRESS],75000-99999,active,2019-**-**
1868,R***,T***,r***@hotmail.com,***-***-7512,2006-**-**,[MASKED ADDRESS],125000-149999,suspended,2025-**-**
1869,E***,L***,e***@yahoo.com,***-***-8619,1980-**-**,[MASKED ADDRESS],175000-199999,inactive,2020-**-**
1870,N***,K***,n***@hotmail.com,***-***-7567,1995-**-**,[MASKED ADDRESS],150000-174999,active,2020-**-**
1871,G***,R***,g***@yahoo.com,***-***-4568,1978-**-**,[MASKED ADDRESS],125000-149999,active,2024-**-**
1872,K***,H***,k***@hotmail.com,***-***-7114,1974-**-**,[MASKED ADDRESS],75000-99999,active,2020-**-**
1873,M***,B***,m***@hotmail.com,***-***-8909,2007-**-**,[MASKED ADDRESS],50000-74999,active,2023-**-**
1874,J***,M***,j***@hotmail.com,***-***-1640,1995-**-**,[MASKED ADDRESS],150000-174999,inactive,2020-**-**
1875,C***,P***,c***@gmail.com,***-***-5079,1978-**-**,[MASKED ADDRESS],225000-249999,active,2025-**-**
1876,J***,K***,j***@yahoo.com,***-***-6692,1972-**-**,[MASKED ADDRESS],150000-174999,inactive,2020-**-**
1877,M***,R***,m***@yahoo.com,***-***-9999,1974-**-**,[MASKED ADDRESS],75000-99999,active,2023-**-**
1879,P***,N***,p***@gmail.com,***-***-7816,1939-**-**,[MASKED ADDRESS],50000-74999,active,2026-**-**
1880,V***,T***,v***@gmail.com,***-***-2743,1987-**-**,[MASKED ADDRESS],175000-199999,suspended,2020-**-**
1882,C***,R***,c***@yahoo.com,***-***-7479,1946-**-**,[MASKED ADDRESS],50000-74999,active,2023-**-**
1883,C***,G***,c***@hotmail.com,***-***-8848,1993-**-**,[MASKED ADDRESS],25000-49999,active,2021-**-**
1884,C***,M***,c***@gmail.com,***-***-4094,2006-**-**,[MASKED ADDRESS],125000-149999,suspended,2021-**-**
1885,L***,M***,l***@yahoo.com,***-***-1344,1989-**-**,[MASKED ADDRESS],75000-99999,active,2024-**-**
1887,C***,S***,c***@yahoo.com,***-***-7594,1979-**-**,[MASKED ADDRESS],25000-49999,suspended,2021-**-**
1888,J***,B***,j***@yahoo.com,***-***-1193,2001-**-**,[MASKED ADDRESS],150000-174999,inactive,2025-**-**
1891,D***,C***,d***@yahoo.com,***-***-2742,1996-**-**,[MASKED ADDRESS],125000-149999,inactive,2019-**-**
1892,H***,K***,h***@gmail.com,***-***-8871,1953-**-**,[MASKED ADDRESS],175000-199999,inactive,2025-**-**
1894,W***,S***,w***@gmail.com,***-***-3413,1958-**-**,[MASKED ADDRESS],25000-49999,active,2020-**-**
1895,J***,D***,j***@yahoo.com,***-***-2680,1948-**-**,[MASKED ADDRESS],125000-149999,inactive,2025-**-**
1898,C***,H***,c***@yahoo.com,***-***-2841,1996-**-**,[MASKED ADDRESS],125000-149999,active,2022-**-**
1899,L***,J***,l***@gmail.com,***-***-6854,1994-**-**,[MASKED ADDRESS],25000-49999,inactive,2024-**-**
1900,M***,M***,m***@hotmail.com,***-***-1710,1973-**-**,[MASKED ADDRESS],150000-174999,active,2025-**-**
1901,J***,M***,j***@yahoo.com,***-***-3971,1940-**-**,[MASKED ADDRESS],150000-174999,active,2021-**-**
1902,L***,C***,l***@hotmail.com,***-***-6707,1979-**-**,[MASKED ADDRESS],200000-224999,inactive,2023-**-**
1906,M***,O***,m***@gmail.com,***-***-9577,1968-**-**,[MASKED ADDRESS],225000-249999,active,2023-**-**
1908,M***,P***,m***@gmail.com,***-***-6463,1987-**-**,[MASKED ADDRESS],25000-49999,suspended,2022-**-**
1909,T***,N***,t***@hotmail.com,***-***-1808,1950-**-**,[MASKED ADDRESS],125000-149999,inactive,2023-**-**
1910,K***,J***,k***@hotmail.com,***-***-7301,1951-**-**,[MASKED ADDRESS],25000-49999,suspended,2020-**-**
1911,J***,H***,j***@hotmail.com,***-***-9208,1953-**-**,[MASKED ADDRESS],150000-174999,active,2021-**-**
1912,Z***,W***,z***@gmail.com,***-***-1281,2007-**-**,[MASKED ADDRESS],75000-99999,inactive,2022-**-**
1913,C***,M***,c***@gmail.com,***-***-6723,1948-**-**,[MASKED ADDRESS],75000-99999,active,2025-**-**
1914,S***,O***,s***@gmail.com,***-***-7898,1951-**-**,[MASKED ADDRESS],50000-74999,active,2023-**-**
1916,C***,B***,c***@gmail.com,***-***-1431,1946-**-**,[MASKED ADDRESS],150000-174999,active,2025-**-**
1917,J***,L***,j***@gmail.com,***-***-2736,1958-**-**,[MASKED ADDRESS],150000-174999,active,2022-**-**
1918,B***,B***,b***@yahoo.com,***-***-1732,2004-**-**,[MASKED ADDRESS],50000-74999,active,2021-**-**
1919,N***,R***,n***@yahoo.com,***-***-1204,1990-**-**,[MASKED ADDRESS],125000-149999,inactive,2025-**-**
1920,C***,H***,c***@yahoo.com,***-***-8696,1969-**-**,[MASKED ADDRESS],175000-199999,suspended,2024-**-**
1922,K***,J***,k***@hotmail.com,***-***-1216,1938-**-**,[MASKED ADDRESS],75000-99999,active,2021-**-**
1923,L***,S***,l***@gmail.com,***-***-3843,1984-**-**,[MASKED ADDRESS],125000-149999,active,2026-**-**
1925,R***,E***,r***@gmail.com,***-***-4724,1950-**-**,[MASKED ADDRESS],100000-124999,active,2020-**-**
1926,D***,H***,d***@hotmail.com,***-***-7185,1991-**-**,[MASKED ADDRESS],225000-249999,active,2023-**-**
1927,G***,C***,g***@hotmail.com,***-***-1917,1956-**-**,[MASKED ADDRESS],50000-74999,active,2024-**-**
1928,D***,S***,d***@hotmail.com,***-***-8674,1988-**-**,[MASKED ADDRESS],100000-124999,suspended,2020-**-**
1929,B***,M***,b***@hotmail.com,***-***-1895,1966-**-**,[MASKED ADDRESS],175000-199999,suspended,2022-**-**
1930,M***,S***,m***@yahoo.com,***-***-7342,1985-**-**,[MASKED ADDRESS],25000-49999,inactive,2021-**-**
1931,A***,S***,a***@hotmail.com,***-***-1459,1947-**-**,[MASKED ADDRESS],50000-74999,active,2019-**-**
1932,G***,S***,g***@hotmail.com,***-***-7563,1970-**-**,[MASKED ADDRESS],150000-174999,inactive,2020-**-**
1933,B***,D***,b***@hotmail.com,***-***-1530,1987-**-**,[MASKED ADDRESS],50000-74999,active,2024-**-**
1934,A***,F***,a***@yahoo.com,***-***-8926,1947-**-**,[MASKED ADDRESS],25000-49999,inactive,2020-**-**
1936,H***,G***,h***@gmail.com,***-***-8655,1990-**-**,[MASKED ADDRESS],175000-199999,active,2021-**-**
1937,T***,L***,t***@yahoo.com,***-***-9250,1951-**-**,[MASKED ADDRESS],25000-49999,active,2025-**-**
1938,J***,F***,j***@gmail.com,***-***-8814,1969-**-**,[MASKED ADDRESS],125000-149999,active,2026-**-**
1940,J***,R***,j***@hotmail.com,***-***-2365,1960-**-**,[MASKED ADDRESS],175000-199999,suspended,2025-**-**
1941,J***,S***,j***@hotmail.com,***-***-3638,2005-**-**,[MASKED ADDRESS],225000-249999,suspended,2025-**-**
1943,S***,B***,s***@yahoo.com,***-***-5765,1946-**-**,[MASKED ADDRESS],75000-99999,inactive,2021-**-**
1944,P***,W***,p***@hotmail.com,***-***-7350,1953-**-**,[MASKED ADDRESS],50000-74999,suspended,2026-**-**
1945,M***,W***,m***@gmail.com,***-***-9151,1955-**-**,[MASKED ADDRESS],25000-49999,active,2019-**-**
1947,S***,L***,s***@hotmail.com,***-***-4779,1950-**-**,[MASKED ADDRESS],50000-74999,inactive,2021-**-**
1948,K***,E***,k***@hotmail.com,***-***-6952,1994-**-**,[MASKED ADDRESS],75000-99999,inactive,2024-**-**
1949,M***,H***,m***@yahoo.com,***-***-8548,2000-**-**,[MASKED ADDRESS],75000-99999,inactive,2024-**-**
1950,B***,W***,b***@gmail.com,***-***-7339,1940-**-**,[MASKED ADDRESS],225000-249999,suspended,2023-**-**
1951,A***,M***,a***@hotmail.com,***-***-5696,1949-**-**,[MASKED ADDRESS],100000-124999,suspended,2021-**-**
1952,J***,S***,j***@yahoo.com,***-***-9396,1942-**-**,[MASKED ADDRESS],200000-224999,inactive,2025-**-**
1953,M***,P***,m***@yahoo.com,***-***-7769,1978-**-**,[MASKED ADDRESS],125000-149999,inactive,2022-**-**
1954,J***,S***,j***@gmail.com,***-***-1934,1947-**-**,[MASKED ADDRESS],175000-199999,active,2026-**-**
1956,A***,M***,a***@gmail.com,***-***-4654,1981-**-**,[MASKED ADDRESS],100000-124999,inactive,2020-**-**
1957,A***,T***,a***@hotmail.com,***-***-8971,1985-**-**,[MASKED ADDRESS],150000-174999,inactive,2025-**-**
1959,M***,W***,m***@yahoo.com,***-***-6385,1993-**-**,[MASKED ADDRESS],25000-49999,inactive,2021-**-**
1960,J***,N***,j***@hotmail.com,***-***-8802,1950-**-**,[MASKED ADDRESS],25000-49999,inactive,2019-**-**
1961,R***,S***,r***@hotmail.com,***-***-8699,1976-**-**,[MASKED ADDRESS],50000-74999,active,2026-**-**
1963,J***,A***,j***@gmail.com,***-***-5888,1967-**-**,[MASKED ADDRESS],50000-74999,active,2021-**-**
1965,K***,S***,k***@gmail.com,***-***-5887,1976-**-**,[MASKED ADDRESS],200000-224999,inactive,2023-**-**
1966,C***,M***,c***@yahoo.com,***-***-5250,1972-**-**,[MASKED ADDRESS],50000-74999,active,2021-**-**
1968,D***,M***,d***@hotmail.com,***-***-9773,1982-**-**,[MASKED ADDRESS],150000-174999,active,2021-**-**
1969,J***,M***,j***@gmail.com,***-***-7375,1950-**-**,[MASKED ADDRESS],200000-224999,suspended,2021-**-**
1970,M***,R***,m***@gmail.com,***-***-3369,1940-**-**,[MASKED ADDRESS],75000-99999,suspended,2019-**-**
1971,A***,C***,a***@yahoo.com,***-***-8514,1943-**-**,[MASKED ADDRESS],225000-249999,inactive,2023-**-**
1972,K***,R***,k***@gmail.com,***-***-7658,1954-**-**,[MASKED ADDRESS],75000-99999,suspended,2023-**-**
1973,A***,C***,a***@hotmail.com,***-***-1869,1943-**-**,[MASKED ADDRESS],150000-174999,suspended,2026-**-**
1974,S***,H***,s***@yahoo.com,***-***-4074,1972-**-**,[MASKED ADDRESS],100000-124999,suspended,2025-**-**
1975,R***,R***,r***@hotmail.com,***-***-7123,1969-**-**,[MASKED ADDRESS],75000-99999,active,2024-**-**
1977,E***,L***,e***@yahoo.com,***-***-9177,1996-**-**,[MASKED ADDRESS],150000-174999,inactive,2021-**-**
1979,H***,P***,h***@yahoo.com,***-***-2857,1987-**-**,[MASKED ADDRESS],200000-224999,inactive,2020-**-**
1981,M***,C***,m***@yahoo.com,***-***-8167,1941-**-**,[MASKED ADDRESS],150000-174999,suspended,2023-**-**
1984,T***,C***,t***@gmail.com,***-***-8276,2007-**-**,[MASKED ADDRESS],75000-99999,active,2020-**-**
1986,D***,M***,d***@yahoo.com,***-***-8693,2000-**-**,[MASKED ADDRESS],225000-249999,inactive,2022-**-**
1988,M***,D***,m***@yahoo.com,***-***-5384,1942-**-**,[MASKED ADDRESS],200000-224999,inactive,2024-**-**
1989,A***,G***,a***@yahoo.com,***-***-5542,1947-**-**,[MASKED ADDRESS],0-24999,inactive,2023-**-**
1990,S***,W***,s***@yahoo.com,***-***-3512,1938-**-**,[MASKED ADDRESS],175000-199999,suspended,2026-**-**
1991,A***,J***,a***@yahoo.com,***-***-3792,1992-**-**,[MASKED ADDRESS],225000-249999,inactive,2019-**-**
1993,N***,J***,n***@yahoo.com,***-***-3111,1981-**-**,[MASKED ADDRESS],225000-249999,inactive,2026-**-**
1994,G***,T***,g***@yahoo.com,***-***-9475,1975-**-**,[MASKED ADDRESS],50000-74999,active,2024-**-**
1995,W***,W***,w***@yahoo.com,***-***-9261,1939-**-**,[MASKED ADDRESS],25000-49999,suspended,2025-**-**
1997,A***,W***,a***@yahoo.com,***-***-2528,1952-**-**,[MASKED ADDRESS],0-24999,active,2023-**-**
1999,M***,S***,m***@hotmail.com,***-***-3138,1967-**-**,[MASKED ADDRESS],225000-249999,suspended,2020-**-**
2000,G***,H***,g***@hotmail.com,***-***-5040,2004-**-**,[MASKED ADDRESS],75000-99999,suspended,2022-**-**
2001,M***,M***,m***@yahoo.com,***-***-7520,1993-**-**,[MASKED ADDRESS],175000-199999,suspended,2023-**-**
2002,C***,A***,c***@hotmail.com,***-***-3355,1947-**-**,[MASKED ADDRESS],150000-174999,suspended,2026-**-**
2003,D***,H***,d***@yahoo.com,***-***-8522,1949-**-**,[MASKED ADDRESS],200000-224999,active,2020-**-**
2007,N***,K***,n***@hotmail.com,***-***-7148,1958-**-**,[MASKED ADDRESS],200000-224999,suspended,2024-**-**
2008,J***,E***,j***@gmail.com,***-***-5894,1952-**-**,[MASKED ADDRESS],0-24999,active,2021-**-**
2009,D***,W***,d***@yahoo.com,***-***-1515,1968-**-**,[MASKED ADDRESS],25000-49999,inactive,2020-**-**
2010,D***,C***,d***@hotmail.com,***-***-9953,2000-**-**,[MASKED ADDRESS],0-24999,suspended,2022-**-**
2011,J***,H***,j***@hotmail.com,***-***-1484,1963-**-**,[MASKED ADDRESS],125000-149999,suspended,2023-**-**
2013,A***,S***,a***@yahoo.com,***-***-3270,1963-**-**,[MASKED ADDRESS],50000-74999,suspended,2024-**-**
2014,E***,P***,e***@hotmail.com,***-***-8890,1972-**-**,[MASKED ADDRESS],75000-99999,active,2025-**-**
2015,A***,S***,a***@gmail.com,***-***-3303,1959-**-**,[MASKED ADDRESS],100000-124999,inactive,2022-**-**
2016,T***,M***,t***@hotmail.com,***-***-4163,1994-**-**,[MASKED ADDRESS],50000-74999,active,2021-**-**
2017,S***,F***,s***@yahoo.com,***-***-6105,1967-**-**,[MASKED ADDRESS],50000-74999,active,2023-**-**
2019,B***,P***,b***@gmail.com,***-***-7275,1951-**-**,[MASKED ADDRESS],100000-124999,suspended,2023-**-**
2020,N***,R***,n***@hotmail.com,***-***-1410,1976-**-**,[MASKED ADDRESS],100000-124999,active,2022-**-**
2021,H***,B***,h***@gmail.com,***-***-7714,1977-**-**,[MASKED ADDRESS],75000-99999,active,2020-**-**
2022,C***,D***,c***@yahoo.com,***-***-1490,1973-**-**,[MASKED ADDRESS],25000-49999,inactive,2020-**-**
2024,D***,W***,d***@yahoo.com,***-***-6151,1950-**-**,[MASKED ADDRESS],25000-49999,inactive,2022-**-**
2025,E***,G***,e***@gmail.com,***-***-8462,1947-**-**,[MASKED ADDRESS],100000-124999,inactive,2026-**-**
2026,D***,C***,d***@yahoo.com,***-***-1171,1965-**-**,[MASKED ADDRESS],75000-99999,active,2024-**-**
2030,C***,R***,c***@yahoo.com,***-***-7901,1943-**-**,[MASKED ADDRESS],25000-49999,inactive,2021-**-**
2031,M***,O***,m***@yahoo.com,***-***-7272,1990-**-**,[MASKED ADDRESS],50000-74999,active,2024-**-**
2032,Z***,T***,z***@hotmail.com,***-***-1076,1952-**-**,[MASKED ADDRESS],200000-224999,inactive,2023-**-**
2033,E***,O***,e***@yahoo.com,***-***-4260,1987-**-**,[MASKED ADDRESS],200000-224999,active,2025-**-**
2035,M***,B***,m***@yahoo.com,***-***-6665,1979-**-**,[MASKED ADDRESS],100000-124999,suspended,2023-**-**
2036,T***,H***,t***@yahoo.com,***-***-1771,1941-**-**,[MASKED ADDRESS],100000-124999,suspended,2023-**-**
2037,P***,P***,p***@hotmail.com,***-***-9249,1977-**-**,[MASKED ADDRESS],200000-224999,suspended,2021-**-**
2038,T***,S***,t***@hotmail.com,***-***-1783,1969-**-**,[MASKED ADDRESS],200000-224999,active,2025-**-**
2039,A***,S***,a***@yahoo.com,***-***-2354,1978-**-**,[MASKED ADDRESS],50000-74999,active,2025-**-**
2041,F***,W***,f***@hotmail.com,***-***-8350,1947-**-**,[MASKED ADDRESS],25000-49999,inactive,2026-**-**
2042,K***,D***,k***@gmail.com,***-***-7218,1938-**-**,[MASKED ADDRESS],75000-99999,active,2025-**-**
2043,A***,H***,a***@hotmail.com,***-***-8864,1981-**-**,[MASKED ADDRESS],25000-49999,active,2025-**-**
2044,J***,S***,j***@yahoo.com,***-***-8320,1945-**-**,[MASKED ADDRESS],150000-174999,suspended,2020-**-**
2046,B***,S***,b***@hotmail.com,***-***-8908,1956-**-**,[MASKED ADDRESS],50000-74999,inactive,2023-**-**
2047,C***,M***,c***@yahoo.com,***-***-6783,1960-**-**,[MASKED ADDRESS],125000-149999,active,2023-**-**
2048,A***,W***,a***@hotmail.com,***-***-7183,1945-**-**,[MASKED ADDRESS],225000-249999,active,2024-**-**
2050,G***,W***,g***@yahoo.com,***-***-6577,1973-**-**,[MASKED ADDRESS],50000-74999,suspended,2024-**-**
2051,M***,S***,m***@yahoo.com,***-***-6655,2000-**-**,[MASKED ADDRESS],175000-199999,suspended,2020-**-**
2052,A***,P***,a***@hotmail.com,***-***-2335,1992-**-**,[MASKED ADDRESS],50000-74999,inactive,2024-**-**
2053,J***,B***,j***@gmail.com,***-***-9412,1994-**-**,[MASKED ADDRESS],50000-74999,inactive,2022-**-**
2054,S***,H***,s***@hotmail.com,***-***-7931,1948-**-**,[MASKED ADDRESS],50000-74999,inactive,2024-**-**
2055,C***,F***,c***@gmail.com,***-***-2448,2001-**-**,[MASKED ADDRESS],100000-124999,active,2020-**-**
2056,K***,S***,k***@yahoo.com,***-***-4103,1959-**-**,[MASKED ADDRESS],50000-74999,active,2025-**-**
2057,L***,C***,l***@yahoo.com,***-***-8416,1982-**-**,[MASKED ADDRESS],75000-99999,active,2021-**-**
2059,W***,S***,w***@hotmail.com,***-***-8900,2004-**-**,[MASKED ADDRESS],25000-49999,inactive,2021-**-**
2060,S***,B***,s***@gmail.com,***-***-4613,2005-**-**,[MASKED ADDRESS],175000-199999,inactive,2022-**-**
2061,M***,G***,m***@yahoo.com,***-***-7597,2003-**-**,[MASKED ADDRESS],50000-74999,inactive,2024-**-**
2062,A***,G***,a***@hotmail.com,***-***-9497,1956-**-**,[MASKED ADDRESS],100000-124999,suspended,2020-**-**
2063,K***,H***,k***@gmail.com,***-***-8434,1999-**-**,[MASKED ADDRESS],50000-74999,active,2026-**-**
2065,R***,D***,r***@gmail.com,***-***-7628,1976-**-**,[MASKED ADDRESS],100000-124999,active,2023-**-**
2068,T***,P***,t***@yahoo.com,***-***-4149,1988-**-**,[MASKED ADDRESS],200000-224999,suspended,2026-**-**
2069,K***,A***,k***@yahoo.com,***-***-4909,1954-**-**,[MASKED ADDRESS],50000-74999,suspended,2021-**-**
2070,T***,M***,t***@gmail.com,***-***-6442,1983-**-**,[MASKED ADDRESS],200000-224999,active,2025-**-**
2073,J***,G***,j***@yahoo.com,***-***-5055,1941-**-**,[MASKED ADDRESS],100000-124999,active,2020-**-**
2074,E***,R***,e***@yahoo.com,***-***-5762,1957-**-**,[MASKED ADDRESS],200000-224999,suspended,2026-**-**
2076,J***,H***,j***@yahoo.com,***-***-8415,1942-**-**,[MASKED ADDRESS],125000-149999,inactive,2023-**-**
2077,S***,H***,s***@hotmail.com,***-***-8970,1963-**-**,[MASKED ADDRESS],50000-74999,inactive,2020-**-**
2078,J***,B***,j***@hotmail.com,***-***-6467,1985-**-**,[MASKED ADDRESS],200000-224999,suspended,2026-**-**
2079,C***,N***,c***@hotmail.com,***-***-5422,1984-**-**,[MASKED ADDRESS],150000-174999,suspended,2019-**-**
2080,A***,F***,a***@gmail.com,***-***-4608,2002-**-**,[MASKED ADDRESS],150000-174999,active,2026-**-**
2081,L***,F***,l***@gmail.com,***-***-5003,1954-**-**,[MASKED ADDRESS],125000-149999,suspended,2022-**-**
2083,N***,J***,n***@gmail.com,***-***-9927,1975-**-**,[MASKED ADDRESS],200000-224999,inactive,2025-**-**
2084,A***,M***,a***@gmail.com,***-***-6715,1939-**-**,[MASKED ADDRESS],200000-224999,inactive,2020-**-**
2085,B***,H***,b***@gmail.com,***-***-6067,2006-**-**,[MASKED ADDRESS],50000-74999,suspended,2020-**-**
2086,C***,K***,c***@hotmail.com,***-***-3014,1964-**-**,[MASKED ADDRESS],100000-124999,inactive,2020-**-**
2087,M***,P***,m***@hotmail.com,***-***-2805,2004-**-**,[MASKED ADDRESS],225000-249999,inactive,2020-**-**
2088,D***,R***,d***@gmail.com,***-***-3461,1953-**-**,[MASKED ADDRESS],125000-149999,inactive,2025-**-**
2089,D***,F***,d***@gmail.com,***-***-3664,1937-**-**,[MASKED ADDRESS],75000-99999,active,2019-**-**
2091,M***,G***,m***@yahoo.com,***-***-9001,1947-**-**,[MASKED ADDRESS],75000-99999,inactive,2020-**-**
2093,M***,A***,m***@gmail.com,***-***-3540,1950-**-**,[MASKED ADDRESS],225000-249999,suspended,2023-**-**
2095,S***,W***,s***@gmail.com,***-***-8752,1963-**-**,[MASKED ADDRESS],225000-249999,active,2023-**-**
2096,M***,C***,m***@gmail.com,***-***-5971,1947-**-**,[MASKED ADDRESS],200000-224999,inactive,2022-**-**
2097,P***,A***,p***@gmail.com,***-***-8140,1944-**-**,[MASKED ADDRESS],150000-174999,inactive,2019-**-**
2098,M***,D***,m***@hotmail.com,***-***-4268,1971-**-**,[MASKED ADDRESS],50000-74999,inactive,2020-**-**
2099,J***,O***,j***@yahoo.com,***-***-7258,1994-**-**,[MASKED ADDRESS],25000-49999,suspended,2020-**-**
2102,M***,P***,m***@gmail.com,***-***-8006,2007-**-**,[MASKED ADDRESS],100000-124999,inactive,2022-**-**
2103,M***,R***,m***@hotmail.com,***-***-1432,1994-**-**,[MASKED ADDRESS],225000-249999,inactive,2021-**-**
2104,S***,G***,s***@gmail.com,***-***-5954,1992-**-**,[MASKED ADDRESS],175000-199999,suspended,2025-**-**
2105,M***,L***,m***@hotmail.com,***-***-9900,1956-**-**,[MASKED ADDRESS],200000-224999,inactive,2020-**-**
2106,M***,B***,m***@yahoo.com,***-***-3063,1999-**-**,[MASKED ADDRESS],100000-124999,active,2026-**-**
2108,M***,D***,m***@yahoo.com,***-***-2753,1997-**-**,[MASKED ADDRESS],75000-99999,active,2026-**-**
2110,R***,T***,r***@hotmail.com,***-***-1868,1970-**-**,[MASKED ADDRESS],150000-174999,suspended,2020-**-**
2111,V***,C***,v***@gmail.com,***-***-9115,1995-**-**,[MASKED ADDRESS],25000-49999,suspended,2025-**-**
2112,D***,H***,d***@yahoo.com,***-***-6093,1991-**-**,[MASKED ADDRESS],175000-199999,active,2024-**-**
2114,A***,H***,a***@yahoo.com,***-***-9516,1955-**-**,[MASKED ADDRESS],25000-49999,active,2024-**-**
2115,S***,T***,s***@hotmail.com,***-***-9287,1960-**-**,[MASKED ADDRESS],100000-124999,active,2025-**-**
2116,B***,C***,b***@hotmail.com,***-***-8925,1984-**-**,[MASKED ADDRESS],225000-249999,active,2025-**-**
2117,M***,M***,m***@gmail.com,***-***-8194,1950-**-**,[MASKED ADDRESS],200000-224999,suspended,2020-**-**
2118,G***,P***,g***@hotmail.com,***-***-1354,1946-**-**,[MASKED ADDRESS],50000-74999,suspended,2025-**-**
2119,M***,K***,m***@hotmail.com,***-***-9956,1960-**-**,[MASKED ADDRESS],50000-74999,inactive,2023-**-**
2120,R***,M***,r***@hotmail.com,***-***-8430,1951-**-**,[MASKED ADDRESS],225000-249999,inactive,2023-**-**
2121,G***,M***,g***@hotmail.com,***-***-7409,1985-**-**,[MASKED ADDRESS],100000-124999,active,2022-**-**
2122,H***,L***,h***@hotmail.com,***-***-3427,1994-**-**,[MASKED ADDRESS],0-24999,inactive,2021-**-**
2123,R***,C***,r***@hotmail.com,***-***-8136,2006-**-**,[MASKED ADDRESS],125000-149999,active,2025-**-**
2124,D***,H***,d***@gmail.com,***-***-6811,1955-**-**,[MASKED ADDRESS],225000-249999,inactive,2019-**-**
2125,A***,F***,a***@hotmail.com,***-***-3593,1979-**-**,[MASKED ADDRESS],75000-99999,suspended,2021-**-**
2126,W***,L***,w***@yahoo.com,***-***-9602,1987-**-**,[MASKED ADDRESS],100000-124999,active,2024-**-**
2128,A***,L***,a***@yahoo.com,***-***-3294,2000-**-**,[MASKED ADDRESS],75000-99999,suspended,2022-**-**
2130,H***,S***,h***@gmail.com,***-***-9306,1978-**-**,[MASKED ADDRESS],175000-199999,suspended,2019-**-**
2131,S***,S***,s***@hotmail.com,***-***-6309,1941-**-**,[MASKED ADDRESS],125000-149999,suspended,2023-**-**
2133,J***,W***,j***@yahoo.com,***-***-2740,1996-**-**,[MASKED ADDRESS],125000-149999,suspended,2024-**-**
2134,E***,W***,e***@hotmail.com,***-***-4793,1991-**-**,[MASKED ADDRESS],225000-249999,suspended,2021-**-**
2135,V***,D***,v***@gmail.com,***-***-7292,1977-**-**,[MASKED ADDRESS],175000-199999,inactive,2024-**-**
2136,C***,W***,c***@gmail.com,***-***-5103,1954-**-**,[MASKED ADDRESS],25000-49999,suspended,2025-**-**
2137,K***,M***,k***@yahoo.com,***-***-5584,1956-**-**,[MASKED ADDRESS],150000-174999,active,2025-**-**
2138,L***,M***,l***@hotmail.com,***-***-8364,1990-**-**,[MASKED ADDRESS],100000-124999,suspended,2024-**-**
2140,S***,R***,s***@gmail.com,***-***-8455,1998-**-**,[MASKED ADDRESS],100000-124999,suspended,2023-**-**
2141,T***,W***,t***@yahoo.com,***-***-1397,1958-**-**,[MASKED ADDRESS],150000-174999,suspended,2024-**-**
2142,R***,L***,r***@hotmail.com,***-***-4820,1956-**-**,[MASKED ADDRESS],200000-224999,inactive,2025-**-**
2145,S***,R***,s***@hotmail.com,***-***-3258,1995-**-**,[MASKED ADDRESS],175000-199999,inactive,2021-**-**
2147,J***,P***,j***@yahoo.com,***-***-2932,2002-**-**,[MASKED ADDRESS],125000-149999,active,2020-**-**
2148,J***,W***,j***@gmail.com,***-***-1369,1966-**-**,[MASKED ADDRESS],50000-74999,inactive,2019-**-**
2150,D***,R***,d***@hotmail.com,***-***-4955,2004-**-**,[MASKED ADDRESS],200000-224999,suspended,2023-**-**
2153,J***,M***,j***@yahoo.com,***-***-1973,1981-**-**,[MASKED ADDRESS],25000-49999,suspended,2023-**-**
2154,S***,B***,s***@gmail.com,***-***-2021,1946-**-**,[MASKED ADDRESS],50000-74999,active,2022-**-**
2155,K***,R***,k***@hotmail.com,***-***-1579,2007-**-**,[MASKED ADDRESS],75000-99999,active,2020-**-**
2156,J***,M***,j***@yahoo.com,***-***-2320,1952-**-**,[MASKED ADDRESS],200000-224999,active,2022-**-**
2157,N***,V***,n***@yahoo.com,***-***-1683,1977-**-**,[MASKED ADDRESS],25000-49999,inactive,2025-**-**
2158,A***,M***,a***@gmail.com,***-***-6738,1973-**-**,[MASKED ADDRESS],100000-124999,inactive,2020-**-**
2159,C***,B***,c***@yahoo.com,***-***-1431,1970-**-**,[MASKED ADDRESS],175000-199999,active,2024-**-**
2160,T***,D***,t***@gmail.com,***-***-1296,1983-**-**,[MASKED ADDRESS],125000-149999,active,2020-**-**
2161,M***,D***,m***@hotmail.com,***-***-3051,1986-**-**,[MASKED ADDRESS],100000-124999,inactive,2022-**-**
2163,D***,W***,d***@hotmail.com,***-***-6621,1981-**-**,[MASKED ADDRESS],100000-124999,inactive,2022-**-**
2164,L***,B***,l***@yahoo.com,***-***-1164,1982-**-**,[MASKED ADDRESS],50000-74999,suspended,2024-**-**
2166,D***,W***,d***@gmail.com,***-***-3076,1944-**-**,[MASKED ADDRESS],100000-124999,inactive,2026-**-**
2167,R***,T***,r***@hotmail.com,***-***-5001,1949-**-**,[MASKED ADDRESS],225000-249999,active,2026-**-**
2168,C***,R***,c***@yahoo.com,***-***-7884,1972-**-**,[MASKED ADDRESS],150000-174999,active,2019-**-**
2169,E***,M***,e***@hotmail.com,***-***-9108,1982-**-**,[MASKED ADDRESS],150000-174999,inactive,2023-**-**
2171,J***,L***,j***@yahoo.com,***-***-9631,1959-**-**,[MASKED ADDRESS],200000-224999,inactive,2023-**-**
2173,B***,C***,b***@hotmail.com,***-***-2285,1983-**-**,[MASKED ADDRESS],50000-74999,suspended,2019-**-**
2174,A***,B***,a***@gmail.com,***-***-8392,1984-**-**,[MASKED ADDRESS],25000-49999,suspended,2020-**-**
2175,S***,L***,s***@yahoo.com,***-***-5325,1968-**-**,[MASKED ADDRESS],150000-174999,inactive,2025-**-**
2176,J***,J***,j***@yahoo.com,***-***-1553,1967-**-**,[MASKED ADDRESS],75000-99999,suspended,2025-**-**
2177,R***,W***,r***@gmail.com,***-***-1978,1988-**-**,[MASKED ADDRESS],75000-99999,suspended,2022-**-**
2178,D***,P***,d***@gmail.com,***-***-1005,1976-**-**,[MASKED ADDRESS],100000-124999,active,2022-**-**
2179,J***,L***,j***@hotmail.com,***-***-4021,1998-**-**,[MASKED ADDRESS],150000-174999,suspended,2024-**-**
2180,S***,J***,s***@gmail.com,***-***-1512,2007-**-**,[MASKED ADDRESS],125000-149999,inactive,2026-**-**
2181,B***,R***,b***@yahoo.com,***-***-6508,1943-**-**,[MASKED ADDRESS],200000-224999,inactive,2026-**-**
2182,J***,T***,j***@hotmail.com,***-***-1448,1991-**-**,[MASKED ADDRESS],75000-99999,suspended,2020-**-**
2183,S***,R***,s***@hotmail.com,***-***-1935,1951-**-**,[MASKED ADDRESS],175000-199999,suspended,2021-**-**
2184,C***,M***,c***@yahoo.com,***-***-5709,2004-**-**,[MASKED ADDRESS],200000-224999,suspended,2022-**-**
2187,J***,M***,j***@yahoo.com,***-***-9893,1975-**-**,[MASKED ADDRESS],75000-99999,suspended,2023-**-**
2188,D***,W***,d***@yahoo.com,***-***-5493,1957-**-**,[MASKED ADDRESS],75000-99999,suspended,2022-**-**
2189,V***,M***,v***@gmail.com,***-***-1202,1937-**-**,[MASKED ADDRESS],25000-49999,suspended,2023-**-**
2190,E***,Z***,e***@yahoo.com,***-***-8271,2002-**-**,[MASKED ADDRESS],100000-124999,inactive,2023-**-**
2191,B***,D***,b***@gmail.com,***-***-8189,1948-**-**,[MASKED ADDRESS],100000-124999,suspended,2026-**-**
2192,A***,S***,a***@yahoo.com,***-***-2303,1991-**-**,[MASKED ADDRESS],75000-99999,suspended,2024-**-**
2194,K***,B***,k***@yahoo.com,***-***-4726,1978-**-**,[MASKED ADDRESS],150000-174999,active,2023-**-**
2195,R***,M***,r***@hotmail.com,***-***-4812,1979-**-**,[MASKED ADDRESS],25000-49999,active,2019-**-**
2196,L***,D***,l***@yahoo.com,***-***-9870,1959-**-**,[MASKED ADDRESS],125000-149999,active,2024-**-**
2199,A***,H***,a***@hotmail.com,***-***-2788,1984-**-**,[MASKED ADDRESS],25000-49999,inactive,2019-**-**
2200,J***,M***,j***@hotmail.com,***-***-8924,1999-**-**,[MASKED ADDRESS],50000-74999,suspended,2025-**-**
2201,M***,K***,m***@yahoo.com,***-***-2169,2008-**-**,[MASKED ADDRESS],150000-174999,inactive,2022-**-**
2202,B***,S***,b***@hotmail.com,***-***-6902,2005-**-**,[MASKED ADDRESS],75000-99999,inactive,2025-**-**
2203,T***,C***,t***@gmail.com,***-***-1510,1960-**-**,[MASKED ADDRESS],50000-74999,active,2022-**-**
2204,E***,D***,e***@gmail.com,***-***-1418,1990-**-**,[MASKED ADDRESS],25000-49999,active,2023-**-**
2205,A***,M***,a***@gmail.com,***-***-9326,1953-**-**,[MASKED ADDRESS],175000-199999,suspended,2023-**-**
2206,E***,S***,e***@yahoo.com,***-***-6896,1963-**-**,[MASKED ADDRESS],150000-174999,active,2022-**-**
2208,A***,G***,a***@yahoo.com,***-***-9982,1948-**-**,[MASKED ADDRESS],175000-199999,suspended,2020-**-**
2210,N***,H***,n***@gmail.com,***-***-4195,1996-**-**,[MASKED ADDRESS],200000-224999,inactive,2021-**-**
2212,T***,E***,t***@gmail.com,***-***-8291,1951-**-**,[MASKED ADDRESS],175000-199999,inactive,2025-**-**
2213,W***,J***,w***@yahoo.com,***-***-9284,1988-**-**,[MASKED ADDRESS],25000-49999,inactive,2022-**-**
2214,M***,S***,m***@hotmail.com,***-***-8355,1972-**-**,[MASKED ADDRESS],175000-199999,active,2021-**-**
2216,B***,O***,b***@hotmail.com,***-***-5264,1966-**-**,[MASKED ADDRESS],175000-199999,inactive,2020-**-**
2217,O***,D***,o***@hotmail.com,***-***-7692,1971-**-**,[MASKED ADDRESS],100000-124999,active,2023-**-**
2218,G***,P***,g***@yahoo.com,***-***-8820,2007-**-**,[MASKED ADDRESS],200000-224999,inactive,2020-**-**
2219,K***,K***,k***@gmail.com,***-***-7858,1976-**-**,[MASKED ADDRESS],75000-99999,suspended,2026-**-**
2221,A***,W***,a***@gmail.com,***-***-2196,1983-**-**,[MASKED ADDRESS],25000-49999,suspended,2026-**-**
2222,N***,R***,n***@hotmail.com,***-***-3088,1954-**-**,[MASKED ADDRESS],100000-124999,suspended,2022-**-**
2223,H***,D***,h***@hotmail.com,***-***-2950,2007-**-**,[MASKED ADDRESS],75000-99999,inactive,2023-**-**
2224,A***,G***,a***@hotmail.com,***-***-2765,1972-**-**,[MASKED ADDRESS],225000-249999,active,2020-**-**
2226,N***,M***,n***@yahoo.com,***-***-8744,1941-**-**,[MASKED ADDRESS],175000-199999,suspended,2021-**-**
2227,M***,V***,m***@yahoo.com,***-***-9345,1964-**-**,[MASKED ADDRESS],25000-49999,active,2025-**-**
2229,T***,M***,t***@hotmail.com,***-***-5576,2003-**-**,[MASKED ADDRESS],225000-249999,active,2024-**-**
2230,J***,S***,j***@yahoo.com,***-***-6588,1982-**-**,[MASKED ADDRESS],25000-49999,suspended,2024-**-**
2231,B***,C***,b***@hotmail.com,***-***-6931,1939-**-**,[MASKED ADDRESS],75000-99999,inactive,2020-**-**
2232,D***,C***,d***@yahoo.com,***-***-6752,1967-**-**,[MASKED ADDRESS],25000-49999,suspended,2023-**-**
2233,M***,M***,m***@hotmail.com,***-***-5558,1964-**-**,[MASKED ADDRESS],125000-149999,suspended,2024-**-**
2234,T***,B***,t***@hotmail.com,***-***-3455,1998-**-**,[MASKED ADDRESS],50000-74999,inactive,2023-**-**
2235,R***,K***,r***@yahoo.com,***-***-4664,1958-**-**,[MASKED ADDRESS],200000-224999,inactive,2023-**-**
2236,C***,N***,c***@hotmail.com,***-***-2738,1990-**-**,[MASKED ADDRESS],200000-224999,suspended,2023-**-**
2237,K***,M***,k***@hotmail.com,***-***-4388,1991-**-**,[MASKED ADDRESS],125000-149999,suspended,2023-**-**
2238,T***,H***,t***@yahoo.com,***-***-1651,1975-**-**,[MASKED ADDRESS],225000-249999,suspended,2024-**-**
2239,R***,B***,r***@gmail.com,***-***-9001,1966-**-**,[MASKED ADDRESS],200000-224999,active,2020-**-**
2240,C***,W***,c***@hotmail.com,***-***-7987,1968-**-**,[MASKED ADDRESS],175000-199999,suspended,2022-**-**
2241,L***,G***,l***@yahoo.com,***-***-2795,1983-**-**,[MASKED ADDRESS],175000-199999,active,2025-**-**
2242,M***,E***,m***@yahoo.com,***-***-5309,1955-**-**,[MASKED ADDRESS],25000-49999,active,2021-**-**
2243,M***,V***,m***@gmail.com,***-***-2908,2006-**-**,[MASKED ADDRESS],225000-249999,active,2023-**-**
2245,S***,B***,s***@hotmail.com,***-***-9402,1957-**-**,[MASKED ADDRESS],75000-99999,active,2023-**-**
2247,T***,H***,t***@yahoo.com,***-***-1583,1952-**-**,[MASKED ADDRESS],225000-249999,suspended,2023-**-**
2248,G***,A***,g***@hotmail.com,***-***-7163,1978-**-**,[MASKED ADDRESS],200000-224999,active,2026-**-**
2250,V***,M***,v***@yahoo.com,***-***-4253,1964-**-**,[MASKED ADDRESS],150000-174999,active,2021-**-**
2252,M***,M***,m***@hotmail.com,***-***-4416,1969-**-**,[MASKED ADDRESS],175000-199999,active,2021-**-**
2253,M***,P***,m***@hotmail.com,***-***-7230,1969-**-**,[MASKED ADDRESS],150000-174999,active,2021-**-**
2255,K***,F***,k***@yahoo.com,***-***-9031,1994-**-**,[MASKED ADDRESS],175000-199999,inactive,2023-**-**
2256,S***,D***,s***@gmail.com,***-***-4442,1953-**-**,[MASKED ADDRESS],75000-99999,active,2019-**-**
2257,Y***,S***,y***@hotmail.com,***-***-5706,2004-**-**,[MASKED ADDRESS],100000-124999,inactive,2025-**-**
2258,M***,C***,m***@gmail.com,***-***-7960,1982-**-**,[MASKED ADDRESS],25000-49999,inactive,2023-**-**
2259,P***,S***,p***@gmail.com,***-***-6694,1937-**-**,[MASKED ADDRESS],150000-174999,suspended,2023-**-**
2260,M***,M***,m***@hotmail.com,***-***-9014,1996-**-**,[MASKED ADDRESS],150000-174999,suspended,2025-**-**
2261,T***,B***,t***@hotmail.com,***-***-5389,1951-**-**,[MASKED ADDRESS],125000-149999,inactive,2024-**-**
2263,A***,K***,a***@yahoo.com,***-***-7966,1964-**-**,[MASKED ADDRESS],100000-124999,active,2022-**-**
2264,R***,R***,r***@yahoo.com,***-***-4587,1964-**-**,[MASKED ADDRESS],75000-99999,active,2023-**-**
2265,L***,P***,l***@hotmail.com,***-***-4625,1985-**-**,[MASKED ADDRESS],125000-149999,active,2023-**-**
2266,E***,K***,e***@yahoo.com,***-***-4329,1938-**-**,[MASKED ADDRESS],225000-249999,suspended,2020-**-**
2267,S***,C***,s***@yahoo.com,***-***-9843,1983-**-**,[MASKED ADDRESS],0-24999,suspended,2019-**-**
2268,C***,D***,c***@gmail.com,***-***-6460,1970-**-**,[MASKED ADDRESS],200000-224999,suspended,2026-**-**
2269,S***,O***,s***@yahoo.com,***-***-9497,1940-**-**,[MASKED ADDRESS],50000-74999,suspended,2025-**-**
2270,D***,M***,d***@hotmail.com,***-***-7480,2005-**-**,[MASKED ADDRESS],200000-224999,active,2024-**-**
2271,B***,A***,b***@yahoo.com,***-***-6431,1958-**-**,[MASKED ADDRESS],100000-124999,suspended,2023-**-**
2272,M***,F***,m***@yahoo.com,***-***-1328,1948-**-**,[MASKED ADDRESS],175000-199999,suspended,2023-**-**
2274,K***,S***,k***@hotmail.com,***-***-5051,1998-**-**,[MASKED ADDRESS],25000-49999,suspended,2023-**-**
2275,A***,H***,a***@hotmail.com,***-***-7565,1995-**-**,[MASKED ADDRESS],25000-49999,suspended,2025-**-**
2277,J***,M***,j***@gmail.com,***-***-9657,1981-**-**,[MASKED ADDRESS],150000-174999,active,2022-**-**
2278,D***,L***,d***@gmail.com,***-***-7408,1986-**-**,[MASKED ADDRESS],50000-74999,suspended,2025-**-**
2279,P***,D***,p***@gmail.com,***-***-9394,1973-**-**,[MASKED ADDRESS],175000-199999,inactive,2023-**-**
2281,T***,W***,t***@yahoo.com,***-***-5771,1940-**-**,[MASKED ADDRESS],100000-124999,active,2020-**-**
2282,J***,O***,j***@gmail.com,***-***-8919,1981-**-**,[MASKED ADDRESS],75000-99999,suspended,2022-**-**
2284,J***,L***,j***@yahoo.com,***-***-9955,1958-**-**,[MASKED ADDRESS],175000-199999,inactive,2022-**-**
2285,V***,H***,v***@gmail.com,***-***-7510,1964-**-**,[MASKED ADDRESS],175000-199999,inactive,2024-**-**
2286,D***,S***,d***@gmail.com,***-***-2785,1948-**-**,[MASKED ADDRESS],150000-174999,inactive,2022-**-**
2287,J***,H***,j***@gmail.com,***-***-2562,1938-**-**,[MASKED ADDRESS],125000-149999,active,2025-**-**
2288,C***,F***,c***@hotmail.com,***-***-2374,1952-**-**,[MASKED ADDRESS],25000-49999,suspended,2021-**-**
2289,A***,P***,a***@hotmail.com,***-***-4808,1973-**-**,[MASKED ADDRESS],25000-49999,active,2021-**-**
2290,A***,H***,a***@hotmail.com,***-***-6535,2001-**-**,[MASKED ADDRESS],200000-224999,active,2023-**-**
2292,J***,O***,j***@hotmail.com,***-***-2108,2007-**-**,[MASKED ADDRESS],125000-149999,inactive,2024-**-**
2294,J***,W***,j***@hotmail.com,***-***-2269,2003-**-**,[MASKED ADDRESS],100000-124999,active,2025-**-**
2295,S***,G***,s***@yahoo.com,***-***-2990,1982-**-**,[MASKED ADDRESS],50000-74999,inactive,2024-**-**
2296,J***,C***,j***@hotmail.com,***-***-8255,1972-**-**,[MASKED ADDRESS],50000-74999,suspended,2025-**-**
2297,A***,E***,a***@gmail.com,***-***-9963,1966-**-**,[MASKED ADDRESS],100000-124999,active,2021-**-**
2299,V***,G***,v***@gmail.com,***-***-7088,1953-**-**,[MASKED ADDRESS],125000-149999,active,2023-**-**
2300,K***,W***,k***@yahoo.com,***-***-7137,1947-**-**,[MASKED ADDRESS],175000-199999,suspended,2025-**-**
2301,R***,G***,r***@gmail.com,***-***-5116,1983-**-**,[MASKED ADDRESS],100000-124999,active,2022-**-**
2302,M***,F***,m***@yahoo.com,***-***-3217,1940-**-**,[MASKED ADDRESS],50000-74999,suspended,2022-**-**
2303,B***,D***,b***@yahoo.com,***-***-7820,2000-**-**,[MASKED ADDRESS],50000-74999,inactive,2021-**-**
2304,E***,D***,e***@yahoo.com,***-***-4074,2003-**-**,[MASKED ADDRESS],50000-74999,active,2025-**-**
2305,S***,B***,s***@yahoo.com,***-***-2551,1985-**-**,[MASKED ADDRESS],25000-49999,inactive,2020-**-**
2306,R***,S***,r***@hotmail.com,***-***-6741,1959-**-**,[MASKED ADDRESS],150000-174999,active,2020-**-**
2307,A***,G***,a***@hotmail.com,***-***-4360,1988-**-**,[MASKED ADDRESS],75000-99999,inactive,2022-**-**
2308,J***,P***,j***@gmail.com,***-***-3364,1949-**-**,[MASKED ADDRESS],150000-174999,inactive,2020-**-**
2310,R***,C***,r***@hotmail.com,***-***-5587,1993-**-**,[MASKED ADDRESS],50000-74999,suspended,2025-**-**
2311,K***,J***,k***@gmail.com,***-***-7274,1981-**-**,[MASKED ADDRESS],75000-99999,suspended,2025-**-**
2312,T***,D***,t***@hotmail.com,***-***-8756,1950-**-**,[MASKED ADDRESS],50000-74999,active,2019-**-**
2314,S***,F***,s***@yahoo.com,***-***-1855,1993-**-**,[MASKED ADDRESS],25000-49999,inactive,2026-**-**
2316,A***,M***,a***@hotmail.com,***-***-7181,1946-**-**,[MASKED ADDRESS],175000-199999,suspended,2023-**-**
2317,C***,M***,c***@gmail.com,***-***-9552,1997-**-**,[MASKED ADDRESS],75000-99999,active,2021-**-**
2320,J***,E***,j***@yahoo.com,***-***-3916,1972-**-**,[MASKED ADDRESS],0-24999,inactive,2021-**-**
2321,C***,H***,c***@hotmail.com,***-***-6668,2000-**-**,[MASKED ADDRESS],175000-199999,active,2021-**-**
2322,V***,C***,v***@yahoo.com,***-***-7266,1989-**-**,[MASKED ADDRESS],100000-124999,suspended,2019-**-**
2323,N***,M***,n***@gmail.com,***-***-6914,1956-**-**,[MASKED ADDRESS],125000-149999,active,2026-**-**
2325,M***,H***,m***@hotmail.com,***-***-5473,2003-**-**,[MASKED ADDRESS],25000-49999,inactive,2021-**-**
2326,B***,H***,b***@yahoo.com,***-***-5145,1996-**-**,[MASKED ADDRESS],75000-99999,active,2021-**-**
2327,W***,M***,w***@gmail.com,***-***-8713,1937-**-**,[MASKED ADDRESS],225000-249999,suspended,2020-**-**
2328,C***,B***,c***@hotmail.com,***-***-8756,1937-**-**,[MASKED ADDRESS],175000-199999,suspended,2021-**-**
2329,J***,F***,j***@gmail.com,***-***-7054,1999-**-**,[MASKED ADDRESS],0-24999,suspended,2020-**-**
2330,L***,G***,l***@gmail.com,***-***-3898,1962-**-**,[MASKED ADDRESS],200000-224999,active,2024-**-**
2331,D***,S***,d***@hotmail.com,***-***-1918,1997-**-**,[MASKED ADDRESS],100000-124999,suspended,2025-**-**
2332,E***,R***,e***@gmail.com,***-***-9914,1973-**-**,[MASKED ADDRESS],75000-99999,active,2025-**-**
2334,L***,G***,l***@gmail.com,***-***-7000,1962-**-**,[MASKED ADDRESS],125000-149999,suspended,2024-**-**
2335,I***,C***,i***@yahoo.com,***-***-2007,1996-**-**,[MASKED ADDRESS],25000-49999,suspended,2022-**-**
2336,R***,N***,r***@hotmail.com,***-***-2375,1977-**-**,[MASKED ADDRESS],50000-74999,active,2025-**-**
2337,W***,J***,w***@hotmail.com,***-***-9281,1954-**-**,[MASKED ADDRESS],100000-124999,suspended,2023-**-**
2338,C***,G***,c***@hotmail.com,***-***-8275,1991-**-**,[MASKED ADDRESS],25000-49999,inactive,2026-**-**
2339,D***,S***,d***@yahoo.com,***-***-8585,1974-**-**,[MASKED ADDRESS],25000-49999,active,2020-**-**
2340,R***,G***,r***@gmail.com,***-***-1903,1941-**-**,[MASKED ADDRESS],75000-99999,active,2024-**-**
2341,B***,M***,b***@hotmail.com,***-***-1171,1942-**-**,[MASKED ADDRESS],50000-74999,inactive,2026-**-**
2344,N***,G***,n***@hotmail.com,***-***-3300,1957-**-**,[MASKED ADDRESS],125000-149999,inactive,2023-**-**
2345,J***,G***,j***@yahoo.com,***-***-6858,2001-**-**,[MASKED ADDRESS],50000-74999,inactive,2024-**-**
2347,N***,S***,n***@hotmail.com,***-***-7872,1988-**-**,[MASKED ADDRESS],100000-124999,suspended,2020-**-**
2348,K***,R***,k***@hotmail.com,***-***-7318,1999-**-**,[MASKED ADDRESS],50000-74999,suspended,2024-**-**
2349,C***,O***,c***@gmail.com,***-***-6683,1970-**-**,[MASKED ADDRESS],150000-174999,suspended,2024-**-**
2350,E***,L***,e***@gmail.com,***-***-9253,1972-**-**,[MASKED ADDRESS],125000-149999,suspended,2023-**-**
2352,J***,R***,j***@hotmail.com,***-***-1532,1945-**-**,[MASKED ADDRESS],150000-174999,active,2023-**-**
2353,C***,B***,c***@gmail.com,***-***-6291,2004-**-**,[MASKED ADDRESS],100000-124999,inactive,2021-**-**
2354,S***,B***,s***@hotmail.com,***-***-2713,1975-**-**,[MASKED ADDRESS],150000-174999,active,2020-**-**
2355,K***,S***,k***@hotmail.com,***-***-3751,1983-**-**,[MASKED ADDRESS],75000-99999,active,2024-**-**
2358,C***,N***,c***@yahoo.com,***-***-8759,1941-**-**,[MASKED ADDRESS],200000-224999,inactive,2021-**-**
2362,C***,S***,c***@gmail.com,***-***-9586,1982-**-**,[MASKED ADDRESS],50000-74999,suspended,2023-**-**
2363,P***,G***,p***@yahoo.com,***-***-4764,1954-**-**,[MASKED ADDRESS],175000-199999,active,2025-**-**
2365,J***,M***,j***@yahoo.com,***-***-1013,1979-**-**,[MASKED ADDRESS],150000-174999,active,2022-**-**
2366,B***,P***,b***@hotmail.com,***-***-1369,1953-**-**,[MASKED ADDRESS],50000-74999,active,2024-**-**
2367,C***,C***,c***@gmail.com,***-***-5009,1999-**-**,[MASKED ADDRESS],50000-74999,suspended,2021-**-**
2369,K***,M***,k***@gmail.com,***-***-4481,1944-**-**,[MASKED ADDRESS],200000-224999,suspended,2020-**-**
2370,K***,J***,k***@gmail.com,***-***-7190,2006-**-**,[MASKED ADDRESS],175000-199999,active,2022-**-**
2372,P***,N***,p***@yahoo.com,***-***-7956,1953-**-**,[MASKED ADDRESS],150000-174999,suspended,2023-**-**
2373,D***,W***,d***@yahoo.com,***-***-1440,1938-**-**,[MASKED ADDRESS],50000-74999,suspended,2025-**-**
2374,A***,M***,a***@yahoo.com,***-***-7047,1948-**-**,[MASKED ADDRESS],75000-99999,suspended,2024-**-**
2375,A***,T***,a***@yahoo.com,***-***-7523,1949-**-**,[MASKED ADDRESS],200000-224999,suspended,2026-**-**
2376,A***,J***,a***@gmail.com,***-***-4079,1958-**-**,[MASKED ADDRESS],25000-49999,inactive,2024-**-**
2379,E***,M***,e***@hotmail.com,***-***-3941,1938-**-**,[MASKED ADDRESS],50000-74999,suspended,2026-**-**
2381,L***,W***,l***@yahoo.com,***-***-1200,2000-**-**,[MASKED ADDRESS],50000-74999,active,2025-**-**
2382,H***,P***,h***@hotmail.com,***-***-8449,1978-**-**,[MASKED ADDRESS],0-24999,active,2020-**-**
2383,J***,A***,j***@gmail.com,***-***-1893,1979-**-**,[MASKED ADDRESS],75000-99999,inactive,2022-**-**
2384,J***,W***,j***@hotmail.com,***-***-9225,1972-**-**,[MASKED ADDRESS],100000-124999,inactive,2025-**-**
2385,J***,H***,j***@hotmail.com,***-***-2829,1981-**-**,[MASKED ADDRESS],175000-199999,inactive,2022-**-**
2386,D***,H***,d***@hotmail.com,***-***-2310,2005-**-**,[MASKED ADDRESS],50000-74999,inactive,2020-**-**
2389,L***,R***,l***@yahoo.com,***-***-1820,2006-**-**,[MASKED ADDRESS],200000-224999,suspended,2021-**-**
2392,S***,D***,s***@gmail.com,***-***-1583,1968-**-**,[MASKED ADDRESS],150000-174999,inactive,2021-**-**
2393,W***,T***,w***@gmail.com,***-***-6587,1938-**-**,[MASKED ADDRESS],50000-74999,active,2026-**-**
2395,R***,H***,r***@hotmail.com,***-***-4999,1950-**-**,[MASKED ADDRESS],200000-224999,suspended,2023-**-**
2397,R***,H***,r***@hotmail.com,***-***-2656,1950-**-**,[MASKED ADDRESS],100000-124999,suspended,2026-**-**
2400,R***,M***,r***@hotmail.com,***-***-4972,1969-**-**,[MASKED ADDRESS],225000-249999,suspended,2025-**-**
2401,J***,M***,j***@hotmail.com,***-***-1800,1951-**-**,[MASKED ADDRESS],100000-124999,inactive,2020-**-**
2402,J***,R***,j***@yahoo.com,***-***-1540,2000-**-**,[MASKED ADDRESS],175000-199999,active,2024-**-**
2403,M***,W***,m***@hotmail.com,***-***-1749,1993-**-**,[MASKED ADDRESS],150000-174999,active,2023-**-**
2406,B***,S***,b***@hotmail.com,***-***-4683,1996-**-**,[MASKED ADDRESS],0-24999,inactive,2023-**-**
2407,S***,H***,s***@yahoo.com,***-***-5715,1964-**-**,[MASKED ADDRESS],175000-199999,suspended,2024-**-**
2408,K***,G***,k***@hotmail.com,***-***-6386,1954-**-**,[MASKED ADDRESS],125000-149999,inactive,2021-**-**
2409,T***,B***,t***@gmail.com,***-***-6580,1952-**-**,[MASKED ADDRESS],75000-99999,inactive,2020-**-**
2411,R***,B***,r***@yahoo.com,***-***-5189,1949-**-**,[MASKED ADDRESS],100000-124999,suspended,2024-**-**
2412,K***,C***,k***@gmail.com,***-***-9700,1951-**-**,[MASKED ADDRESS],125000-149999,inactive,2020-**-**
2413,K***,R***,k***@yahoo.com,***-***-9676,1939-**-**,[MASKED ADDRESS],75000-99999,inactive,2025-**-**
2414,N***,D***,n***@gmail.com,***-***-8657,1981-**-**,[MASKED ADDRESS],0-24999,suspended,2023-**-**
2415,C***,C***,c***@yahoo.com,***-***-9711,2002-**-**,[MASKED ADDRESS],125000-149999,inactive,2020-**-**
2416,M***,H***,m***@gmail.com,***-***-9040,1941-**-**,[MASKED ADDRESS],225000-249999,inactive,2026-**-**
2417,R***,E***,r***@hotmail.com,***-***-3023,1993-**-**,[MASKED ADDRESS],25000-49999,inactive,2020-**-**
2418,C***,W***,c***@gmail.com,***-***-5740,2001-**-**,[MASKED ADDRESS],50000-74999,active,2024-**-**
2419,A***,R***,a***@hotmail.com,***-***-6767,1980-**-**,[MASKED ADDRESS],175000-199999,inactive,2022-**-**
2421,C***,K***,c***@gmail.com,***-***-5020,1996-**-**,[MASKED ADDRESS],100000-124999,inactive,2023-**-**
2422,L***,M***,l***@hotmail.com,***-***-5690,1980-**-**,[MASKED ADDRESS],200000-224999,inactive,2021-**-**
2423,D***,H***,d***@hotmail.com,***-***-5725,1997-**-**,[MASKED ADDRESS],0-24999,inactive,2024-**-**
2424,J***,R***,j***@yahoo.com,***-***-2610,1966-**-**,[MASKED ADDRESS],100000-124999,suspended,2021-**-**
2425,J***,O***,j***@hotmail.com,***-***-9524,1959-**-**,[MASKED ADDRESS],150000-174999,suspended,2021-**-**
2427,M***,G***,m***@yahoo.com,***-***-1374,1960-**-**,[MASKED ADDRESS],75000-99999,active,2020-**-**
2429,R***,S***,r***@gmail.com,***-***-7378,1959-**-**,[MASKED ADDRESS],125000-149999,active,2026-**-**
2430,A***,B***,a***@yahoo.com,***-***-6932,1983-**-**,[MASKED ADDRESS],50000-74999,suspended,2024-**-**
2431,J***,A***,j***@gmail.com,***-***-5800,1984-**-**,[MASKED ADDRESS],25000-49999,active,2024-**-**
2434,H***,N***,h***@hotmail.com,***-***-5011,2006-**-**,[MASKED ADDRESS],100000-124999,active,2019-**-**
2435,S***,F***,s***@gmail.com,***-***-7657,1948-**-**,[MASKED ADDRESS],200000-224999,inactive,2026-**-**
2436,H***,K***,h***@hotmail.com,***-***-5260,1938-**-**,[MASKED ADDRESS],200000-224999,suspended,2022-**-**
2437,N***,P***,n***@gmail.com,***-***-9751,1951-**-**,[MASKED ADDRESS],175000-199999,inactive,2025-**-**
2438,S***,H***,s***@gmail.com,***-***-5799,1964-**-**,[MASKED ADDRESS],175000-199999,suspended,2021-**-**
2439,M***,M***,m***@yahoo.com,***-***-9381,1973-**-**,[MASKED ADDRESS],150000-174999,active,2026-**-**
2442,R***,T***,r***@gmail.com,***-***-4442,2007-**-**,[MASKED ADDRESS],75000-99999,inactive,2025-**-**
2443,C***,W***,c***@hotmail.com,***-***-9673,1981-**-**,[MASKED ADDRESS],175000-199999,active,2025-**-**
2444,K***,L***,k***@yahoo.com,***-***-8285,1984-**-**,[MASKED ADDRESS],75000-99999,inactive,2022-**-**
2445,D***,C***,d***@gmail.com,***-***-8275,2001-**-**,[MASKED ADDRESS],175000-199999,active,2023-**-**
2446,L***,R***,l***@hotmail.com,***-***-4621,1964-**-**,[MASKED ADDRESS],200000-224999,suspended,2020-**-**
2447,D***,E***,d***@hotmail.com,***-***-6024,1964-**-**,[MASKED ADDRESS],225000-249999,active,2022-**-**
2449,S***,D***,s***@gmail.com,***-***-3106,1979-**-**,[MASKED ADDRESS],50000-74999,inactive,2023-**-**
2450,J***,S***,j***@yahoo.com,***-***-4734,1971-**-**,[MASKED ADDRESS],0-24999,active,2022-**-**
2451,K***,A***,k***@gmail.com,***-***-1197,1937-**-**,[MASKED ADDRESS],75000-99999,suspended,2020-**-**
2452,T***,C***,t***@hotmail.com,***-***-7649,1995-**-**,[MASKED ADDRESS],100000-124999,active,2020-**-**
2453,K***,G***,k***@hotmail.com,***-***-9209,1956-**-**,[MASKED ADDRESS],75000-99999,inactive,2022-**-**
2454,K***,P***,k***@yahoo.com,***-***-3770,1954-**-**,[MASKED ADDRESS],200000-224999,inactive,2022-**-**
2455,Z***,S***,z***@gmail.com,***-***-1233,1975-**-**,[MASKED ADDRESS],150000-174999,inactive,2024-**-**
2456,T***,C***,t***@gmail.com,***-***-4382,1969-**-**,[MASKED ADDRESS],50000-74999,inactive,2022-**-**
2461,D***,M***,d***@hotmail.com,***-***-8317,1951-**-**,[MASKED ADDRESS],125000-149999,active,2020-**-**
2462,D***,B***,d***@hotmail.com,***-***-8858,1956-**-**,[MASKED ADDRESS],150000-174999,suspended,2023-**-**
2463,K***,W***,k***@hotmail.com,***-***-8472,1980-**-**,[MASKED ADDRESS],50000-74999,suspended,2023-**-**
2464,M***,D***,m***@hotmail.com,***-***-2496,1985-**-**,[MASKED ADDRESS],175000-199999,suspended,2023-**-**
2465,J***,M***,j***@yahoo.com,***-***-5960,1970-**-**,[MASKED ADDRESS],25000-49999,active,2025-**-**
2467,Z***,W***,z***@gmail.com,***-***-2196,1976-**-**,[MASKED ADDRESS],50000-74999,active,2026-**-**
2471,A***,G***,a***@hotmail.com,***-***-8475,1949-**-**,[MASKED ADDRESS],225000-249999,inactive,2020-**-**
2472,D***,P***,d***@hotmail.com,***-***-9684,2006-**-**,[MASKED ADDRESS],150000-174999,inactive,2022-**-**
2473,M***,T***,m***@gmail.com,***-***-5649,1973-**-**,[MASKED ADDRESS],225000-249999,inactive,2020-**-**
2474,Y***,S***,y***@hotmail.com,***-***-7502,1942-**-**,[MASKED ADDRESS],75000-99999,suspended,2023-**-**
2476,K***,J***,k***@gmail.com,***-***-9348,2000-**-**,[MASKED ADDRESS],100000-124999,active,2021-**-**
2478,J***,W***,j***@yahoo.com,***-***-9824,1948-**-**,[MASKED ADDRESS],200000-224999,active,2021-**-**
2479,K***,R***,k***@hotmail.com,***-***-4493,1986-**-**,[MASKED ADDRESS],75000-99999,inactive,2025-**-**
2480,B***,T***,b***@hotmail.com,***-***-8731,1950-**-**,[MASKED ADDRESS],25000-49999,active,2023-**-**
2481,A***,B***,a***@hotmail.com,***-***-3532,1939-**-**,[MASKED ADDRESS],75000-99999,active,2019-**-**
2484,S***,L***,s***@yahoo.com,***-***-5974,1971-**-**,[MASKED ADDRESS],100000-124999,inactive,2024-**-**
2486,L***,P***,l***@hotmail.com,***-***-1688,1947-**-**,[MASKED ADDRESS],0-24999,inactive,2020-**-**
2487,N***,R***,n***@yahoo.com,***-***-3292,1963-**-**,[MASKED ADDRESS],225000-249999,inactive,2026-**-**
2488,T***,W***,t***@gmail.com,***-***-4417,1941-**-**,[MASKED ADDRESS],150000-174999,inactive,2026-**-**
2489,H***,C***,h***@hotmail.com,***-***-3130,1940-**-**,[MASKED ADDRESS],100000-124999,inactive,2023-**-**
2491,C***,S***,c***@hotmail.com,***-***-2750,1945-**-**,[MASKED ADDRESS],25000-49999,active,2021-**-**
2493,B***,C***,b***@hotmail.com,***-***-8979,1943-**-**,[MASKED ADDRESS],50000-74999,active,2022-**-**
2494,D***,F***,d***@yahoo.com,***-***-2661,1994-**-**,[MASKED ADDRESS],25000-49999,inactive,2020-**-**
2495,D***,P***,d***@gmail.com,***-***-2231,1944-**-**,[MASKED ADDRESS],200000-224999,active,2023-**-**
2496,J***,H***,j***@hotmail.com,***-***-2212,1995-**-**,[MASKED ADDRESS],75000-99999,suspended,2021-**-**
2497,R***,C***,r***@yahoo.com,***-***-6341,1946-**-**,[MASKED ADDRESS],125000-149999,suspended,2022-**-**
2498,M***,H***,m***@hotmail.com,***-***-6371,1952-**-**,[MASKED ADDRESS],125000-149999,suspended,2025-**-**
2499,E***,S***,e***@yahoo.com,***-***-5774,1995-**-**,[MASKED ADDRESS],150000-174999,active,2023-**-**
2501,P***,A***,p***@hotmail.com,***-***-4016,2008-**-**,[MASKED ADDRESS],75000-99999,active,2021-**-**
2502,L***,B***,l***@gmail.com,***-***-4260,1984-**-**,[MASKED ADDRESS],150000-174999,suspended,2021-**-**
2503,B***,S***,b***@yahoo.com,***-***-3158,1988-**-**,[MASKED ADDRESS],25000-49999,suspended,2023-**-**
2505,J***,S***,j***@hotmail.com,***-***-1265,1966-**-**,[MASKED ADDRESS],125000-149999,active,2026-**-**
2506,T***,T***,t***@gmail.com,***-***-9061,1941-**-**,[MASKED ADDRESS],75000-99999,inactive,2021-**-**
2507,D***,G***,d***@gmail.com,***-***-9593,1979-**-**,[MASKED ADDRESS],225000-249999,active,2025-**-**
2508,E***,C***,e***@yahoo.com,***-***-9143,1983-**-**,[MASKED ADDRESS],125000-149999,inactive,2020-**-**
2509,H***,H***,h***@yahoo.com,***-***-2197,1989-**-**,[MASKED ADDRESS],175000-199999,inactive,2019-**-**
2511,D***,M***,d***@hotmail.com,***-***-6567,1980-**-**,[MASKED ADDRESS],100000-124999,suspended,2024-**-**
2512,M***,G***,m***@gmail.com,***-***-5813,1988-**-**,[MASKED ADDRESS],0-24999,inactive,2021-**-**
2513,S***,L***,s***@yahoo.com,***-***-6281,2007-**-**,[MASKED ADDRESS],100000-124999,inactive,2026-**-**
2515,C***,B***,c***@gmail.com,***-***-6810,2003-**-**,[MASKED ADDRESS],200000-224999,suspended,2024-**-**
2516,D***,W***,d***@gmail.com,***-***-3429,1987-**-**,[MASKED ADDRESS],50000-74999,active,2020-**-**
2518,R***,V***,r***@gmail.com,***-***-6166,2007-**-**,[MASKED ADDRESS],200000-224999,suspended,2022-**-**
2519,G***,R***,g***@gmail.com,***-***-3675,1992-**-**,[MASKED ADDRESS],100000-124999,inactive,2024-**-**
2521,D***,J***,d***@hotmail.com,***-***-8273,2002-**-**,[MASKED ADDRESS],200000-224999,suspended,2025-**-**
2522,A***,B***,a***@hotmail.com,***-***-5122,1968-**-**,[MASKED ADDRESS],100000-124999,active,2024-**-**
2523,K***,C***,k***@gmail.com,***-***-3042,1958-**-**,[MASKED ADDRESS],25000-49999,active,2024-**-**
2524,M***,C***,m***@gmail.com,***-***-6935,1978-**-**,[MASKED ADDRESS],25000-49999,active,2020-**-**
2525,L***,W***,l***@gmail.com,***-***-6871,1938-**-**,[MASKED ADDRESS],175000-199999,inactive,2025-**-**
2526,R***,K***,r***@hotmail.com,***-***-2487,1946-**-**,[MASKED ADDRESS],175000-199999,inactive,2022-**-**
2530,D***,H***,d***@gmail.com,***-***-7427,1993-**-**,[MASKED ADDRESS],150000-174999,inactive,2023-**-**
2531,T***,P***,t***@hotmail.com,***-***-6296,1988-**-**,[MASKED ADDRESS],25000-49999,active,2021-**-**
2532,R***,R***,r***@gmail.com,***-***-3096,1981-**-**,[MASKED ADDRESS],125000-149999,active,2024-**-**
2533,M***,R***,m***@gmail.com,***-***-2002,1990-**-**,[MASKED ADDRESS],150000-174999,active,2021-**-**
2534,M***,H***,m***@gmail.com,***-***-7797,1949-**-**,[MASKED ADDRESS],200000-224999,inactive,2023-**-**
2535,S***,H***,s***@gmail.com,***-***-7997,1945-**-**,[MASKED ADDRESS],175000-199999,suspended,2024-**-**
2537,B***,R***,b***@hotmail.com,***-***-7114,1967-**-**,[MASKED ADDRESS],200000-224999,inactive,2023-**-**
2539,A***,A***,a***@yahoo.com,***-***-3994,2004-**-**,[MASKED ADDRESS],25000-49999,inactive,2026-**-**
2540,M***,R***,m***@yahoo.com,***-***-3781,1945-**-**,[MASKED ADDRESS],50000-74999,active,2019-**-**
2541,S***,W***,s***@yahoo.com,***-***-7879,1965-**-**,[MASKED ADDRESS],225000-249999,active,2022-**-**
2544,E***,M***,e***@gmail.com,***-***-9847,1965-**-**,[MASKED ADDRESS],75000-99999,suspended,2025-**-**
2545,A***,T***,a***@yahoo.com,***-***-4215,1994-**-**,[MASKED ADDRESS],25000-49999,suspended,2025-**-**
2547,K***,M***,k***@hotmail.com,***-***-2724,1964-**-**,[MASKED ADDRESS],50000-74999,inactive,2022-**-**
2548,J***,V***,j***@hotmail.com,***-***-5933,1950-**-**,[MASKED ADDRESS],75000-99999,inactive,2024-**-**
2549,K***,M***,k***@yahoo.com,***-***-5370,1949-**-**,[MASKED ADDRESS],175000-199999,active,2020-**-**
2550,E***,C***,e***@yahoo.com,***-***-3379,1989-**-**,[MASKED ADDRESS],125000-149999,active,2023-**-**
2551,J***,A***,j***@hotmail.com,***-***-4242,1966-**-**,[MASKED ADDRESS],225000-249999,active,2022-**-**
2552,C***,S***,c***@gmail.com,***-***-4896,1961-**-**,[MASKED ADDRESS],50000-74999,inactive,2025-**-**
2553,H***,B***,h***@gmail.com,***-***-8927,2004-**-**,[MASKED ADDRESS],200000-224999,active,2026-**-**
2557,F***,C***,f***@yahoo.com,***-***-6311,1963-**-**,[MASKED ADDRESS],150000-174999,inactive,2020-**-**
2558,B***,B***,b***@yahoo.com,***-***-6987,1979-**-**,[MASKED ADDRESS],100000-124999,active,2020-**-**
2559,A***,W***,a***@yahoo.com,***-***-4721,2004-**-**,[MASKED ADDRESS],225000-249999,active,2020-**-**
2560,N***,C***,n***@yahoo.com,***-***-5844,1950-**-**,[MASKED ADDRESS],25000-49999,inactive,2025-**-**
2561,C***,J***,c***@hotmail.com,***-***-2359,1986-**-**,[MASKED ADDRESS],225000-249999,suspended,2023-**-**
2562,M***,S***,m***@hotmail.com,***-***-4192,2004-**-**,[MASKED ADDRESS],25000-49999,suspended,2024-**-**
2563,D***,W***,d***@gmail.com,***-***-4255,1956-**-**,[MASKED ADDRESS],175000-199999,inactive,2024-**-**
2564,K***,C***,k***@hotmail.com,***-***-3486,1974-**-**,[MASKED ADDRESS],125000-149999,suspended,2020-**-**
2565,D***,B***,d***@gmail.com,***-***-6941,1976-**-**,[MASKED ADDRESS],125000-149999,inactive,2020-**-**
2566,A***,S***,a***@gmail.com,***-***-3929,1942-**-**,[MASKED ADDRESS],25000-49999,active,2020-**-**
2567,B***,O***,b***@yahoo.com,***-***-3491,1971-**-**,[MASKED ADDRESS],125000-149999,suspended,2019-**-**
2568,T***,H***,t***@gmail.com,***-***-1801,1967-**-**,[MASKED ADDRESS],225000-249999,inactive,2021-**-**
2569,C***,C***,c***@hotmail.com,***-***-7901,1975-**-**,[MASKED ADDRESS],200000-224999,inactive,2023-**-**
2570,C***,J***,c***@hotmail.com,***-***-6545,1999-**-**,[MASKED ADDRESS],0-24999,inactive,2023-**-**
2571,T***,H***,t***@yahoo.com,***-***-4420,1939-**-**,[MASKED ADDRESS],200000-224999,active,2020-**-**
2574,M***,W***,m***@gmail.com,***-***-4168,1994-**-**,[MASKED ADDRESS],50000-74999,inactive,2021-**-**
2576,J***,B***,j***@hotmail.com,***-***-4372,1952-**-**,[MASKED ADDRESS],100000-124999,suspended,2020-**-**
2577,E***,V***,e***@hotmail.com,***-***-1176,1973-**-**,[MASKED ADDRESS],150000-174999,suspended,2023-**-**
2578,T***,H***,t***@gmail.com,***-***-8718,2005-**-**,[MASKED ADDRESS],50000-74999,inactive,2023-**-**
2581,R***,S***,r***@yahoo.com,***-***-7978,2007-**-**,[MASKED ADDRESS],125000-149999,suspended,2025-**-**
2582,A***,C***,a***@yahoo.com,***-***-4680,1952-**-**,[MASKED ADDRESS],125000-149999,active,2021-**-**
2583,M***,B***,m***@gmail.com,***-***-4953,2007-**-**,[MASKED ADDRESS],200000-224999,suspended,2019-**-**
2584,N***,R***,n***@gmail.com,***-***-7908,1962-**-**,[MASKED ADDRESS],25000-49999,active,2021-**-**
2586,D***,S***,d***@hotmail.com,***-***-5116,2008-**-**,[MASKED ADDRESS],225000-249999,active,2020-**-**
2587,J***,M***,j***@hotmail.com,***-***-6912,1941-**-**,[MASKED ADDRESS],50000-74999,inactive,2026-**-**
2590,N***,L***,n***@yahoo.com,***-***-2766,1965-**-**,[MASKED ADDRESS],125000-149999,suspended,2022-**-**
2592,K***,M***,k***@hotmail.com,***-***-7911,1987-**-**,[MASKED ADDRESS],175000-199999,suspended,2022-**-**
2593,D***,B***,d***@hotmail.com,***-***-8212,1950-**-**,[MASKED ADDRESS],200000-224999,suspended,2026-**-**
2594,T***,B***,t***@yahoo.com,***-***-9163,1983-**-**,[MASKED ADDRESS],150000-174999,active,2020-**-**
2596,M***,H***,m***@yahoo.com,***-***-1464,1964-**-**,[MASKED ADDRESS],175000-199999,inactive,2025-**-**
2600,A***,G***,a***@hotmail.com,***-***-6710,1968-**-**,[MASKED ADDRESS],175000-199999,active,2023-**-**
2601,H***,H***,h***@yahoo.com,***-***-6763,1981-**-**,[MASKED ADDRESS],150000-174999,suspended,2021-**-**
2602,C***,A***,c***@gmail.com,***-***-2659,1944-**-**,[MASKED ADDRESS],200000-224999,active,2024-**-**
2603,R***,S***,r***@hotmail.com,***-***-9146,1998-**-**,[MASKED ADDRESS],150000-174999,inactive,2022-**-**
2608,K***,G***,k***@gmail.com,***-***-1293,1970-**-**,[MASKED ADDRESS],175000-199999,suspended,2025-**-**
2609,K***,R***,k***@hotmail.com,***-***-6573,1992-**-**,[MASKED ADDRESS],125000-149999,inactive,2022-**-**
2610,J***,P***,j***@gmail.com,***-***-5815,1956-**-**,[MASKED ADDRESS],150000-174999,active,2025-**-**
2612,K***,D***,k***@gmail.com,***-***-7647,1940-**-**,[MASKED ADDRESS],200000-224999,active,2023-**-**
2613,N***,B***,n***@gmail.com,***-***-4538,1954-**-**,[MASKED ADDRESS],50000-74999,inactive,2023-**-**
2614,R***,R***,r***@hotmail.com,***-***-8917,1965-**-**,[MASKED ADDRESS],200000-224999,inactive,2023-**-**
2615,C***,W***,c***@gmail.com,***-***-8328,1939-**-**,[MASKED ADDRESS],100000-124999,suspended,2020-**-**
2616,D***,R***,d***@gmail.com,***-***-7342,1970-**-**,[MASKED ADDRESS],175000-199999,suspended,2020-**-**
2617,T***,W***,t***@gmail.com,***-***-1832,1958-**-**,[MASKED ADDRESS],75000-99999,active,2022-**-**
2622,M***,J***,m***@yahoo.com,***-***-8174,1984-**-**,[MASKED ADDRESS],125000-149999,inactive,2026-**-**
2623,T***,H***,t***@yahoo.com,***-***-8347,1985-**-**,[MASKED ADDRESS],125000-149999,active,2025-**-**
2627,W***,C***,w***@hotmail.com,***-***-8407,1974-**-**,[MASKED ADDRESS],75000-99999,suspended,2022-**-**
2628,P***,H***,p***@gmail.com,***-***-9322,1976-**-**,[MASKED ADDRESS],225000-249999,active,2023-**-**
2631,N***,B***,n***@gmail.com,***-***-7778,1989-**-**,[MASKED ADDRESS],175000-199999,suspended,2019-**-**
2632,E***,T***,e***@gmail.com,***-***-1907,2002-**-**,[MASKED ADDRESS],200000-224999,active,2024-**-**
2633,J***,K***,j***@yahoo.com,***-***-6436,2008-**-**,[MASKED ADDRESS],25000-49999,inactive,2021-**-**
2634,H***,H***,h***@yahoo.com,***-***-7347,1944-**-**,[MASKED ADDRESS],175000-199999,inactive,2020-**-**
2635,A***,V***,a***@gmail.com,***-***-3998,1955-**-**,[MASKED ADDRESS],25000-49999,inactive,2021-**-**
2636,M***,M***,m***@hotmail.com,***-***-6597,1948-**-**,[MASKED ADDRESS],125000-149999,active,2024-**-**
2637,M***,D***,m***@yahoo.com,***-***-4713,1941-**-**,[MASKED ADDRESS],75000-99999,suspended,2023-**-**
2638,M***,B***,m***@yahoo.com,***-***-4090,1942-**-**,[MASKED ADDRESS],125000-149999,active,2025-**-**
2639,N***,L***,n***@hotmail.com,***-***-7102,1978-**-**,[MASKED ADDRESS],150000-174999,active,2019-**-**
2640,J***,J***,j***@yahoo.com,***-***-1206,1971-**-**,[MASKED ADDRESS],0-24999,inactive,2024-**-**
2641,M***,J***,m***@yahoo.com,***-***-7141,1950-**-**,[MASKED ADDRESS],200000-224999,active,2023-**-**
2642,K***,P***,k***@gmail.com,***-***-4897,1987-**-**,[MASKED ADDRESS],50000-74999,active,2024-**-**
2643,C***,L***,c***@yahoo.com,***-***-3534,1949-**-**,[MASKED ADDRESS],150000-174999,suspended,2022-**-**
2644,S***,R***,s***@hotmail.com,***-***-3908,1946-**-**,[MASKED ADDRESS],125000-149999,inactive,2024-**-**
2645,J***,M***,j***@hotmail.com,***-***-9807,1951-**-**,[MASKED ADDRESS],200000-224999,active,2026-**-**
2646,M***,F***,m***@yahoo.com,***-***-6718,1954-**-**,[MASKED ADDRESS],150000-174999,suspended,2023-**-**
2647,S***,R***,s***@yahoo.com,***-***-9153,1992-**-**,[MASKED ADDRESS],50000-74999,active,2020-**-**
2648,K***,R***,k***@yahoo.com,***-***-9978,1964-**-**,[MASKED ADDRESS],200000-224999,suspended,2019-**-**
2649,M***,S***,m***@gmail.com,***-***-2072,1965-**-**,[MASKED ADDRESS],75000-99999,inactive,2025-**-**
2650,C***,P***,c***@gmail.com,***-***-4085,1943-**-**,[MASKED ADDRESS],175000-199999,inactive,2025-**-**
2651,W***,M***,w***@gmail.com,***-***-2618,1951-**-**,[MASKED ADDRESS],200000-224999,active,2022-**-**
2652,W***,H***,w***@hotmail.com,***-***-9715,1965-**-**,[MASKED ADDRESS],125000-149999,suspended,2023-**-**
2653,T***,K***,t***@hotmail.com,***-***-3219,1998-**-**,[MASKED ADDRESS],100000-124999,active,2024-**-**
2654,C***,S***,c***@hotmail.com,***-***-7623,1987-**-**,[MASKED ADDRESS],100000-124999,active,2023-**-**
2655,S***,P***,s***@gmail.com,***-***-2709,1959-**-**,[MASKED ADDRESS],75000-99999,inactive,2021-**-**
2656,S***,M***,s***@yahoo.com,***-***-9152,1954-**-**,[MASKED ADDRESS],225000-249999,inactive,2019-**-**
2657,J***,B***,j***@hotmail.com,***-***-7519,1944-**-**,[MASKED ADDRESS],225000-249999,inactive,2026-**-**
2658,H***,M***,h***@hotmail.com,***-***-9893,1937-**-**,[MASKED ADDRESS],50000-74999,inactive,2020-**-**
2659,T***,L***,t***@yahoo.com,***-***-1773,1981-**-**,[MASKED ADDRESS],225000-249999,inactive,2026-**-**
2660,A***,P***,a***@yahoo.com,***-***-1859,1989-**-**,[MASKED ADDRESS],200000-224999,suspended,2024-**-**
2661,K***,S***,k***@yahoo.com,***-***-1171,1998-**-**,[MASKED ADDRESS],200000-224999,suspended,2021-**-**
2664,L***,C***,l***@gmail.com,***-***-1255,2000-**-**,[MASKED ADDRESS],25000-49999,inactive,2021-**-**
2665,F***,A***,f***@gmail.com,***-***-5758,1984-**-**,[MASKED ADDRESS],0-24999,inactive,2024-**-**
2666,M***,M***,m***@yahoo.com,***-***-4741,1974-**-**,[MASKED ADDRESS],100000-124999,inactive,2022-**-**
2667,M***,S***,m***@yahoo.com,***-***-5033,1978-**-**,[MASKED ADDRESS],150000-174999,inactive,2026-**-**
2668,K***,P***,k***@yahoo.com,***-***-5253,1997-**-**,[MASKED ADDRESS],50000-74999,suspended,2021-**-**
2669,S***,G***,s***@yahoo.com,***-***-1167,1941-**-**,[MASKED ADDRESS],100000-124999,inactive,2023-**-**
2670,K***,B***,k***@hotmail.com,***-***-8998,1948-**-**,[MASKED ADDRESS],50000-74999,active,2022-**-**
2671,E***,G***,e***@yahoo.com,***-***-8358,1965-**-**,[MASKED ADDRESS],25000-49999,suspended,2022-**-**
2672,D***,A***,d***@yahoo.com,***-***-2874,2005-**-**,[MASKED ADDRESS],25000-49999,inactive,2024-**-**
2673,V***,S***,v***@yahoo.com,***-***-6363,1991-**-**,[MASKED ADDRESS],50000-74999,suspended,2025-**-**
2675,D***,C***,d***@hotmail.com,***-***-2777,1961-**-**,[MASKED ADDRESS],175000-199999,inactive,2023-**-**
2676,J***,F***,j***@yahoo.com,***-***-9158,1950-**-**,[MASKED ADDRESS],50000-74999,suspended,2024-**-**
2677,G***,M***,g***@yahoo.com,***-***-2791,1988-**-**,[MASKED ADDRESS],25000-49999,active,2026-**-**
2678,M***,T***,m***@hotmail.com,***-***-8953,1980-**-**,[MASKED ADDRESS],50000-74999,suspended,2022-**-**
2680,K***,E***,k***@gmail.com,***-***-4447,1992-**-**,[MASKED ADDRESS],175000-199999,active,2021-**-**
2682,A***,H***,a***@gmail.com,***-***-4287,1958-**-**,[MASKED ADDRESS],200000-224999,active,2024-**-**
2685,R***,H***,r***@gmail.com,***-***-5026,1947-**-**,[MASKED ADDRESS],150000-174999,inactive,2026-**-**
2686,G***,P***,g***@hotmail.com,***-***-9964,1995-**-**,[MASKED ADDRESS],225000-249999,active,2020-**-**
2687,R***,H***,r***@hotmail.com,***-***-7716,1963-**-**,[MASKED ADDRESS],125000-149999,active,2025-**-**
2688,J***,H***,j***@hotmail.com,***-***-6270,1980-**-**,[MASKED ADDRESS],100000-124999,active,2019-**-**
2689,G***,M***,g***@gmail.com,***-***-9708,2001-**-**,[MASKED ADDRESS],100000-124999,suspended,2025-**-**
2691,N***,W***,n***@gmail.com,***-***-2211,1971-**-**,[MASKED ADDRESS],0-24999,inactive,2026-**-**
2693,J***,K***,j***@hotmail.com,***-***-9037,1949-**-**,[MASKED ADDRESS],150000-174999,inactive,2021-**-**
2694,N***,G***,n***@hotmail.com,***-***-8441,1981-**-**,[MASKED ADDRESS],125000-149999,inactive,2021-**-**
2695,J***,B***,j***@yahoo.com,***-***-3856,1992-**-**,[MASKED ADDRESS],225000-249999,inactive,2024-**-**
2696,T***,M***,t***@gmail.com,***-***-1343,1978-**-**,[MASKED ADDRESS],100000-124999,inactive,2023-**-**
2697,K***,K***,k***@gmail.com,***-***-7723,1984-**-**,[MASKED ADDRESS],175000-199999,suspended,2025-**-**
2698,H***,C***,h***@gmail.com,***-***-1114,1959-**-**,[MASKED ADDRESS],50000-74999,inactive,2024-**-**
2699,K***,J***,k***@gmail.com,***-***-8410,2004-**-**,[MASKED ADDRESS],100000-124999,inactive,2021-**-**
2700,D***,C***,d***@gmail.com,***-***-6341,1997-**-**,[MASKED ADDRESS],150000-174999,active,2021-**-**
2701,R***,W***,r***@gmail.com,***-***-4554,1958-**-**,[MASKED ADDRESS],175000-199999,suspended,2020-**-**
2702,S***,L***,s***@yahoo.com,***-***-6954,1983-**-**,[MASKED ADDRESS],200000-224999,suspended,2024-**-**
2704,D***,D***,d***@gmail.com,***-***-8410,1966-**-**,[MASKED ADDRESS],75000-99999,active,2021-**-**
2707,S***,R***,s***@yahoo.com,***-***-3823,1941-**-**,[MASKED ADDRESS],75000-99999,suspended,2024-**-**
2708,M***,C***,m***@gmail.com,***-***-7584,1976-**-**,[MASKED ADDRESS],125000-149999,active,2020-**-**
2710,A***,M***,a***@hotmail.com,***-***-6180,1969-**-**,[MASKED ADDRESS],150000-174999,suspended,2025-**-**
2711,A***,L***,a***@yahoo.com,***-***-1578,1951-**-**,[MASKED ADDRESS],150000-174999,active,2020-**-**
2712,B***,J***,b***@gmail.com,***-***-1864,1954-**-**,[MASKED ADDRESS],75000-99999,active,2025-**-**
2713,J***,J***,j***@yahoo.com,***-***-2750,1980-**-**,[MASKED ADDRESS],225000-249999,inactive,2023-**-**
2715,J***,H***,j***@hotmail.com,***-***-3870,1963-**-**,[MASKED ADDRESS],75000-99999,active,2021-**-**
2716,C***,G***,c***@gmail.com,***-***-3674,1953-**-**,[MASKED ADDRESS],100000-124999,suspended,2020-**-**
2717,J***,D***,j***@hotmail.com,***-***-8919,1939-**-**,[MASKED ADDRESS],150000-174999,active,2019-**-**
2718,M***,S***,m***@hotmail.com,***-***-3402,1969-**-**,[MASKED ADDRESS],200000-224999,suspended,2023-**-**
2719,J***,P***,j***@hotmail.com,***-***-8746,2000-**-**,[MASKED ADDRESS],100000-124999,active,2026-**-**
2720,J***,R***,j***@hotmail.com,***-***-3115,1997-**-**,[MASKED ADDRESS],200000-224999,suspended,2026-**-**
2721,M***,R***,m***@gmail.com,***-***-1325,2001-**-**,[MASKED ADDRESS],225000-249999,suspended,2020-**-**
2722,L***,W***,l***@yahoo.com,***-***-2392,1988-**-**,[MASKED ADDRESS],200000-224999,active,2020-**-**
2723,T***,S***,t***@hotmail.com,***-***-5916,1938-**-**,[MASKED ADDRESS],150000-174999,active,2024-**-**
2726,M***,L***,m***@yahoo.com,***-***-5140,1993-**-**,[MASKED ADDRESS],50000-74999,inactive,2021-**-**
2728,K***,B***,k***@hotmail.com,***-***-5310,2002-**-**,[MASKED ADDRESS],100000-124999,inactive,2024-**-**
2730,P***,R***,p***@gmail.com,***-***-3535,1948-**-**,[MASKED ADDRESS],175000-199999,active,2020-**-**
2731,B***,M***,b***@hotmail.com,***-***-8702,1957-**-**,[MASKED ADDRESS],100000-124999,active,2023-**-**
2734,G***,R***,g***@yahoo.com,***-***-9008,1977-**-**,[MASKED ADDRESS],75000-99999,active,2023-**-**
2736,V***,C***,v***@yahoo.com,***-***-2753,1982-**-**,[MASKED ADDRESS],50000-74999,active,2026-**-**
2737,K***,T***,k***@gmail.com,***-***-4882,1993-**-**,[MASKED ADDRESS],175000-199999,active,2022-**-**
2739,L***,O***,l***@hotmail.com,***-***-8549,1992-**-**,[MASKED ADDRESS],150000-174999,inactive,2025-**-**
2740,C***,C***,c***@hotmail.com,***-***-1920,2001-**-**,[MASKED ADDRESS],150000-174999,active,2025-**-**
2741,J***,D***,j***@hotmail.com,***-***-2500,1945-**-**,[MASKED ADDRESS],0-24999,suspended,2025-**-**
2742,B***,M***,b***@gmail.com,***-***-2301,1977-**-**,[MASKED ADDRESS],100000-124999,suspended,2024-**-**
2743,A***,F***,a***@yahoo.com,***-***-3447,1975-**-**,[MASKED ADDRESS],175000-199999,inactive,2020-**-**
2747,M***,R***,m***@hotmail.com,***-***-2241,1952-**-**,[MASKED ADDRESS],50000-74999,inactive,2024-**-**
2748,M***,A***,m***@gmail.com,***-***-5861,2003-**-**,[MASKED ADDRESS],150000-174999,suspended,2024-**-**
2749,E***,R***,e***@yahoo.com,***-***-5111,1950-**-**,[MASKED ADDRESS],200000-224999,suspended,2023-**-**
2751,S***,H***,s***@hotmail.com,***-***-9092,2005-**-**,[MASKED ADDRESS],75000-99999,suspended,2025-**-**
2753,T***,R***,t***@yahoo.com,***-***-2445,1960-**-**,[MASKED ADDRESS],75000-99999,inactive,2021-**-**
2754,R***,R***,r***@yahoo.com,***-***-5299,1998-**-**,[MASKED ADDRESS],175000-199999,inactive,2019-**-**
2755,B***,M***,b***@gmail.com,***-***-8871,1984-**-**,[MASKED ADDRESS],100000-124999,inactive,2021-**-**
2756,J***,A***,j***@yahoo.com,***-***-4117,1981-**-**,[MASKED ADDRESS],50000-74999,active,2021-**-**
2758,J***,G***,j***@hotmail.com,***-***-8608,2000-**-**,[MASKED ADDRESS],100000-124999,active,2023-**-**
2759,A***,B***,a***@yahoo.com,***-***-8808,1964-**-**,[MASKED ADDRESS],175000-199999,inactive,2022-**-**
2760,K***,S***,k***@gmail.com,***-***-3646,1956-**-**,[MASKED ADDRESS],100000-124999,active,2025-**-**
2761,G***,S***,g***@gmail.com,***-***-4013,1974-**-**,[MASKED ADDRESS],50000-74999,active,2024-**-**
2762,B***,R***,b***@gmail.com,***-***-5438,1977-**-**,[MASKED ADDRESS],75000-99999,active,2022-**-**
2763,R***,S***,r***@gmail.com,***-***-5972,1997-**-**,[MASKED ADDRESS],200000-224999,suspended,2021-**-**
2764,G***,M***,g***@gmail.com,***-***-9774,1949-**-**,[MASKED ADDRESS],150000-174999,inactive,2023-**-**
2765,M***,S***,m***@yahoo.com,***-***-8984,1970-**-**,[MASKED ADDRESS],225000-249999,active,2021-**-**
2766,M***,H***,m***@yahoo.com,***-***-6296,1960-**-**,[MASKED ADDRESS],150000-174999,suspended,2022-**-**
2767,V***,L***,v***@yahoo.com,***-***-9499,1946-**-**,[MASKED ADDRESS],225000-249999,active,2023-**-**
2771,C***,H***,c***@yahoo.com,***-***-8758,2006-**-**,[MASKED ADDRESS],25000-49999,inactive,2025-**-**
2772,L***,D***,l***@hotmail.com,***-***-4431,1998-**-**,[MASKED ADDRESS],225000-249999,suspended,2022-**-**
2773,J***,R***,j***@gmail.com,***-***-8801,1991-**-**,[MASKED ADDRESS],175000-199999,suspended,2024-**-**
2774,C***,S***,c***@yahoo.com,***-***-8268,2003-**-**,[MASKED ADDRESS],200000-224999,inactive,2022-**-**
2775,C***,L***,c***@yahoo.com,***-***-4883,1980-**-**,[MASKED ADDRESS],175000-199999,active,2020-**-**
2776,S***,L***,s***@hotmail.com,***-***-1317,1998-**-**,[MASKED ADDRESS],75000-99999,active,2021-**-**
2777,S***,R***,s***@gmail.com,***-***-3701,1983-**-**,[MASKED ADDRESS],25000-49999,inactive,2022-**-**
2778,G***,H***,g***@yahoo.com,***-***-5358,1980-**-**,[MASKED ADDRESS],25000-49999,inactive,2021-**-**
2781,A***,M***,a***@gmail.com,***-***-5468,1978-**-**,[MASKED ADDRESS],225000-249999,inactive,2021-**-**
2782,C***,E***,c***@yahoo.com,***-***-8528,1982-**-**,[MASKED ADDRESS],200000-224999,suspended,2023-**-**
2783,D***,S***,d***@gmail.com,***-***-2972,1976-**-**,[MASKED ADDRESS],75000-99999,active,2024-**-**
2784,T***,F***,t***@yahoo.com,***-***-5627,1981-**-**,[MASKED ADDRESS],50000-74999,inactive,2024-**-**
2786,A***,J***,a***@yahoo.com,***-***-7904,1968-**-**,[MASKED ADDRESS],25000-49999,inactive,2023-**-**
2787,R***,L***,r***@yahoo.com,***-***-7259,1996-**-**,[MASKED ADDRESS],125000-149999,suspended,2025-**-**
2791,D***,S***,d***@yahoo.com,***-***-3322,1972-**-**,[MASKED ADDRESS],75000-99999,suspended,2020-**-**
2792,R***,W***,r***@hotmail.com,***-***-8114,1970-**-**,[MASKED ADDRESS],150000-174999,inactive,2022-**-**
2793,W***,A***,w***@hotmail.com,***-***-1565,1994-**-**,[MASKED ADDRESS],150000-174999,inactive,2024-**-**
2795,R***,E***,r***@yahoo.com,***-***-2112,2003-**-**,[MASKED ADDRESS],25000-49999,active,2025-**-**
2796,L***,M***,l***@yahoo.com,***-***-4850,1967-**-**,[MASKED ADDRESS],25000-49999,inactive,2020-**-**
2797,W***,C***,w***@gmail.com,***-***-7760,2001-**-**,[MASKED ADDRESS],75000-99999,active,2022-**-**
2798,P***,R***,p***@hotmail.com,***-***-2018,1975-**-**,[MASKED ADDRESS],125000-149999,suspended,2021-**-**
2799,M***,C***,m***@hotmail.com,***-***-9980,1995-**-**,[MASKED ADDRESS],200000-224999,active,2022-**-**
2800,T***,N***,t***@yahoo.com,***-***-5272,1999-**-**,[MASKED ADDRESS],50000-74999,active,2021-**-**
2801,M***,M***,m***@hotmail.com,***-***-4694,1965-**-**,[MASKED ADDRESS],100000-124999,active,2020-**-**
2802,A***,C***,a***@yahoo.com,***-***-3500,1947-**-**,[MASKED ADDRESS],225000-249999,active,2024-**-**
2803,B***,S***,b***@hotmail.com,***-***-7349,2003-**-**,[MASKED ADDRESS],175000-199999,suspended,2021-**-**
2804,M***,E***,m***@gmail.com,***-***-5745,1948-**-**,[MASKED ADDRESS],125000-149999,suspended,2022-**-**
2805,A***,R***,a***@yahoo.com,***-***-8663,2002-**-**,[MASKED ADDRESS],50000-74999,active,2022-**-**
2806,J***,S***,j***@gmail.com,***-***-9052,1968-**-**,[MASKED ADDRESS],0-24999,suspended,2024-**-**
2808,M***,F***,m***@hotmail.com,***-***-9785,1999-**-**,[MASKED ADDRESS],0-24999,suspended,2022-**-**
2809,R***,B***,r***@yahoo.com,***-***-3596,1989-**-**,[MASKED ADDRESS],125000-149999,active,2019-**-**
2810,D***,M***,d***@yahoo.com,***-***-2306,1986-**-**,[MASKED ADDRESS],75000-99999,inactive,2024-**-**
2812,M***,P***,m***@hotmail.com,***-***-9385,1983-**-**,[MASKED ADDRESS],175000-199999,active,2019-**-**
2813,B***,L***,b***@gmail.com,***-***-7348,1999-**-**,[MASKED ADDRESS],175000-199999,suspended,2024-**-**
2815,J***,F***,j***@gmail.com,***-***-6913,1992-**-**,[MASKED ADDRESS],100000-124999,suspended,2024-**-**
2816,S***,M***,s***@gmail.com,***-***-2148,1940-**-**,[MASKED ADDRESS],125000-149999,inactive,2024-**-**
2817,L***,C***,l***@hotmail.com,***-***-6471,1976-**-**,[MASKED ADDRESS],50000-74999,suspended,2026-**-**
2819,M***,O***,m***@hotmail.com,***-***-8697,1962-**-**,[MASKED ADDRESS],175000-199999,suspended,2024-**-**
2821,T***,R***,t***@gmail.com,***-***-5493,1945-**-**,[MASKED ADDRESS],200000-224999,inactive,2019-**-**
2822,T***,P***,t***@hotmail.com,***-***-3613,1970-**-**,[MASKED ADDRESS],25000-49999,inactive,2021-**-**
2823,V***,F***,v***@gmail.com,***-***-8114,1957-**-**,[MASKED ADDRESS],175000-199999,inactive,2024-**-**
2824,T***,R***,t***@hotmail.com,***-***-1366,1968-**-**,[MASKED ADDRESS],75000-99999,active,2025-**-**
2827,N***,P***,n***@hotmail.com,***-***-2410,1971-**-**,[MASKED ADDRESS],175000-199999,inactive,2024-**-**
2828,R***,G***,r***@gmail.com,***-***-3815,1979-**-**,[MASKED ADDRESS],75000-99999,suspended,2020-**-**
2829,J***,J***,j***@gmail.com,***-***-3511,1974-**-**,[MASKED ADDRESS],50000-74999,inactive,2020-**-**
2831,D***,G***,d***@gmail.com,***-***-1721,1988-**-**,[MASKED ADDRESS],150000-174999,inactive,2022-**-**
2832,M***,M***,m***@yahoo.com,***-***-4321,1947-**-**,[MASKED ADDRESS],175000-199999,active,2023-**-**
2833,B***,P***,b***@hotmail.com,***-***-6008,1967-**-**,[MASKED ADDRESS],175000-199999,suspended,2023-**-**
2834,J***,R***,j***@gmail.com,***-***-9004,1965-**-**,[MASKED ADDRESS],175000-199999,suspended,2026-**-**
2836,K***,L***,k***@gmail.com,***-***-5985,1977-**-**,[MASKED ADDRESS],150000-174999,inactive,2021-**-**
2837,C***,R***,c***@hotmail.com,***-***-6254,1992-**-**,[MASKED ADDRESS],175000-199999,inactive,2020-**-**
2838,D***,C***,d***@yahoo.com,***-***-7582,2006-**-**,[MASKED ADDRESS],100000-124999,inactive,2022-**-**
2839,K***,R***,k***@yahoo.com,***-***-9102,1993-**-**,[MASKED ADDRESS],150000-174999,inactive,2023-**-**
2841,B***,K***,b***@gmail.com,***-***-8385,1940-**-**,[MASKED ADDRESS],175000-199999,suspended,2022-**-**
2842,E***,K***,e***@yahoo.com,***-***-9296,1956-**-**,[MASKED ADDRESS],200000-224999,suspended,2024-**-**
2843,J***,W***,j***@gmail.com,***-***-9850,1961-**-**,[MASKED ADDRESS],150000-174999,suspended,2025-**-**
2844,D***,J***,d***@gmail.com,***-***-9116,1944-**-**,[MASKED ADDRESS],200000-224999,inactive,2024-**-**
2845,S***,B***,s***@gmail.com,***-***-9214,1955-**-**,[MASKED ADDRESS],125000-149999,suspended,2025-**-**
2846,A***,W***,a***@yahoo.com,***-***-5173,1952-**-**,[MASKED ADDRESS],225000-249999,suspended,2025-**-**
2848,H***,S***,h***@gmail.com,***-***-9570,1947-**-**,[MASKED ADDRESS],150000-174999,inactive,2022-**-**
2850,L***,W***,l***@gmail.com,***-***-8432,1956-**-**,[MASKED ADDRESS],50000-74999,suspended,2024-**-**
2851,C***,M***,c***@gmail.com,***-***-6929,1968-**-**,[MASKED ADDRESS],175000-199999,inactive,2024-**-**
2852,V***,D***,v***@yahoo.com,***-***-6022,1958-**-**,[MASKED ADDRESS],50000-74999,inactive,2025-**-**
2853,J***,S***,j***@gmail.com,***-***-7653,1976-**-**,[MASKED ADDRESS],225000-249999,active,2023-**-**
2854,K***,H***,k***@yahoo.com,***-***-5846,1941-**-**,[MASKED ADDRESS],25000-49999,active,2026-**-**
2855,P***,J***,p***@yahoo.com,***-***-8415,1966-**-**,[MASKED ADDRESS],225000-249999,inactive,2025-**-**
2857,C***,C***,c***@yahoo.com,***-***-4415,1995-**-**,[MASKED ADDRESS],75000-99999,suspended,2022-**-**
2859,C***,P***,c***@gmail.com,***-***-1508,1952-**-**,[MASKED ADDRESS],50000-74999,inactive,2021-**-**
2860,S***,P***,s***@yahoo.com,***-***-2605,1950-**-**,[MASKED ADDRESS],100000-124999,suspended,2022-**-**
2861,B***,M***,b***@yahoo.com,***-***-9033,1956-**-**,[MASKED ADDRESS],225000-249999,inactive,2019-**-**
2862,J***,R***,j***@hotmail.com,***-***-2422,1975-**-**,[MASKED ADDRESS],100000-124999,suspended,2026-**-**
2864,D***,T***,d***@gmail.com,***-***-8688,1960-**-**,[MASKED ADDRESS],25000-49999,inactive,2022-**-**
2865,D***,L***,d***@hotmail.com,***-***-9495,1937-**-**,[MASKED ADDRESS],50000-74999,inactive,2020-**-**
2866,J***,S***,j***@yahoo.com,***-***-3103,1969-**-**,[MASKED ADDRESS],125000-149999,suspended,2025-**-**
2867,S***,H***,s***@yahoo.com,***-***-3567,1942-**-**,[MASKED ADDRESS],125000-149999,inactive,2026-**-**
2869,J***,R***,j***@gmail.com,***-***-2927,1976-**-**,[MASKED ADDRESS],150000-174999,inactive,2026-**-**
2870,S***,V***,s***@gmail.com,***-***-3666,1990-**-**,[MASKED ADDRESS],25000-49999,suspended,2024-**-**
2871,K***,C***,k***@gmail.com,***-***-3536,1964-**-**,[MASKED ADDRESS],225000-249999,active,2022-**-**
2873,D***,C***,d***@gmail.com,***-***-1718,1987-**-**,[MASKED ADDRESS],75000-99999,active,2024-**-**
2876,C***,L***,c***@hotmail.com,***-***-9128,2006-**-**,[MASKED ADDRESS],75000-99999,suspended,2020-**-**
2878,C***,F***,c***@yahoo.com,***-***-8760,2008-**-**,[MASKED ADDRESS],25000-49999,inactive,2020-**-**
2880,D***,H***,d***@gmail.com,***-***-9308,1954-**-**,[MASKED ADDRESS],200000-224999,active,2022-**-**
2881,M***,A***,m***@gmail.com,***-***-1307,1988-**-**,[MASKED ADDRESS],125000-149999,suspended,2025-**-**
2882,J***,J***,j***@yahoo.com,***-***-9944,1973-**-**,[MASKED ADDRESS],100000-124999,inactive,2024-**-**
2884,J***,M***,j***@yahoo.com,***-***-4316,1972-**-**,[MASKED ADDRESS],50000-74999,active,2020-**-**
2885,K***,M***,k***@hotmail.com,***-***-1982,1976-**-**,[MASKED ADDRESS],125000-149999,active,2022-**-**
2887,K***,P***,k***@hotmail.com,***-***-4992,1977-**-**,[MASKED ADDRESS],200000-224999,active,2023-**-**
2888,J***,M***,j***@gmail.com,***-***-8836,1944-**-**,[MASKED ADDRESS],100000-124999,active,2024-**-**
2890,C***,P***,c***@yahoo.com,***-***-9353,1957-**-**,[MASKED ADDRESS],50000-74999,active,2025-**-**
2891,S***,S***,s***@yahoo.com,***-***-3698,1979-**-**,[MASKED ADDRESS],50000-74999,inactive,2021-**-**
2892,C***,H***,c***@gmail.com,***-***-5800,1942-**-**,[MASKED ADDRESS],25000-49999,inactive,2022-**-**
2893,S***,R***,s***@yahoo.com,***-***-7465,1994-**-**,[MASKED ADDRESS],0-24999,suspended,2026-**-**
2894,M***,M***,m***@gmail.com,***-***-1828,2004-**-**,[MASKED ADDRESS],175000-199999,active,2022-**-**
2895,C***,S***,c***@yahoo.com,***-***-1816,1994-**-**,[MASKED ADDRESS],150000-174999,suspended,2021-**-**
2896,W***,C***,w***@hotmail.com,***-***-9540,1985-**-**,[MASKED ADDRESS],75000-99999,active,2024-**-**
2898,S***,D***,s***@gmail.com,***-***-1654,1984-**-**,[MASKED ADDRESS],100000-124999,inactive,2025-**-**
2900,D***,W***,d***@gmail.com,***-***-2078,2005-**-**,[MASKED ADDRESS],125000-149999,inactive,2019-**-**
2901,S***,K***,s***@hotmail.com,***-***-3248,1986-**-**,[MASKED ADDRESS],100000-124999,active,2020-**-**
2902,A***,J***,a***@yahoo.com,***-***-9470,1975-**-**,[MASKED ADDRESS],150000-174999,active,2021-**-**
2904,T***,K***,t***@yahoo.com,***-***-6311,1989-**-**,[MASKED ADDRESS],200000-224999,suspended,2020-**-**
2905,D***,C***,d***@gmail.com,***-***-4143,2001-**-**,[MASKED ADDRESS],200000-224999,suspended,2024-**-**
2906,A***,S***,a***@hotmail.com,***-***-7944,1981-**-**,[MASKED ADDRESS],150000-174999,active,2022-**-**
2910,T***,L***,t***@gmail.com,***-***-6527,1992-**-**,[MASKED ADDRESS],50000-74999,suspended,2023-**-**
2911,D***,H***,d***@hotmail.com,***-***-7416,1973-**-**,[MASKED ADDRESS],125000-149999,inactive,2021-**-**
2913,V***,J***,v***@yahoo.com,***-***-7169,1957-**-**,[MASKED ADDRESS],175000-199999,inactive,2025-**-**
2914,M***,R***,m***@yahoo.com,***-***-5174,2006-**-**,[MASKED ADDRESS],200000-224999,suspended,2026-**-**
2915,J***,R***,j***@hotmail.com,***-***-9374,1944-**-**,[MASKED ADDRESS],125000-149999,active,2020-**-**
2916,R***,H***,r***@gmail.com,***-***-9020,1960-**-**,[MASKED ADDRESS],150000-174999,inactive,2023-**-**
2918,A***,C***,a***@gmail.com,***-***-1672,2006-**-**,[MASKED ADDRESS],200000-224999,inactive,2022-**-**
2920,M***,C***,m***@hotmail.com,***-***-1981,1955-**-**,[MASKED ADDRESS],0-24999,inactive,2021-**-**
2923,A***,B***,a***@gmail.com,***-***-6189,1966-**-**,[MASKED ADDRESS],175000-199999,active,2024-**-**
2924,P***,B***,p***@gmail.com,***-***-1285,1954-**-**,[MASKED ADDRESS],225000-249999,active,2022-**-**
2925,M***,D***,m***@hotmail.com,***-***-7257,1947-**-**,[MASKED ADDRESS],175000-199999,active,2020-**-**
2926,A***,M***,a***@yahoo.com,***-***-4620,1998-**-**,[MASKED ADDRESS],50000-74999,suspended,2025-**-**
2928,J***,K***,j***@gmail.com,***-***-3267,1975-**-**,[MASKED ADDRESS],100000-124999,active,2023-**-**
2930,J***,C***,j***@hotmail.com,***-***-7228,1988-**-**,[MASKED ADDRESS],0-24999,inactive,2022-**-**
2931,E***,B***,e***@hotmail.com,***-***-8154,1960-**-**,[MASKED ADDRESS],175000-199999,suspended,2024-**-**
2932,M***,P***,m***@hotmail.com,***-***-9176,1962-**-**,[MASKED ADDRESS],125000-149999,inactive,2022-**-**
2934,F***,W***,f***@hotmail.com,***-***-4783,1996-**-**,[MASKED ADDRESS],50000-74999,inactive,2019-**-**
2937,B***,M***,b***@hotmail.com,***-***-2059,1960-**-**,[MASKED ADDRESS],100000-124999,active,2020-**-**
2938,L***,C***,l***@yahoo.com,***-***-6890,1946-**-**,[MASKED ADDRESS],100000-124999,inactive,2022-**-**
2939,P***,P***,p***@hotmail.com,***-***-7949,1970-**-**,[MASKED ADDRESS],25000-49999,inactive,2021-**-**
2940,G***,W***,g***@gmail.com,***-***-7006,1938-**-**,[MASKED ADDRESS],200000-224999,inactive,2022-**-**
2941,K***,R***,k***@yahoo.com,***-***-4590,1956-**-**,[MASKED ADDRESS],200000-224999,suspended,2021-**-**
2942,D***,T***,d***@hotmail.com,***-***-4206,2008-**-**,[MASKED ADDRESS],200000-224999,inactive,2020-**-**
2943,M***,M***,m***@gmail.com,***-***-4745,2001-**-**,[MASKED ADDRESS],25000-49999,active,2022-**-**
2946,J***,S***,j***@hotmail.com,***-***-7708,1975-**-**,[MASKED ADDRESS],75000-99999,suspended,2023-**-**
2947,C***,M***,c***@yahoo.com,***-***-1854,1966-**-**,[MASKED ADDRESS],125000-149999,suspended,2025-**-**
2948,C***,H***,c***@gmail.com,***-***-8704,1951-**-**,[MASKED ADDRESS],225000-249999,active,2024-**-**
2950,A***,S***,a***@gmail.com,***-***-3033,1953-**-**,[MASKED ADDRESS],175000-199999,suspended,2023-**-**
2951,R***,R***,r***@yahoo.com,***-***-3502,1955-**-**,[MASKED ADDRESS],125000-149999,active,2022-**-**
2952,M***,S***,m***@yahoo.com,***-***-2384,2005-**-**,[MASKED ADDRESS],175000-199999,suspended,2023-**-**
2953,R***,A***,r***@yahoo.com,***-***-1931,2007-**-**,[MASKED ADDRESS],100000-124999,active,2026-**-**
2954,S***,D***,s***@yahoo.com,***-***-3167,1938-**-**,[MASKED ADDRESS],50000-74999,suspended,2026-**-**
2955,D***,S***,d***@gmail.com,***-***-8576,1993-**-**,[MASKED ADDRESS],50000-74999,active,2022-**-**
2956,A***,R***,a***@hotmail.com,***-***-1960,1984-**-**,[MASKED ADDRESS],150000-174999,active,2025-**-**
2957,C***,S***,c***@yahoo.com,***-***-1009,1990-**-**,[MASKED ADDRESS],75000-99999,suspended,2025-**-**
2958,D***,R***,d***@hotmail.com,***-***-3429,1990-**-**,[MASKED ADDRESS],125000-149999,suspended,2021-**-**
2959,D***,H***,d***@hotmail.com,***-***-9514,1982-**-**,[MASKED ADDRESS],75000-99999,suspended,2022-**-**
2960,E***,L***,e***@hotmail.com,***-***-7638,1973-**-**,[MASKED ADDRESS],175000-199999,suspended,2020-**-**
2961,L***,S***,l***@yahoo.com,***-***-9187,1938-**-**,[MASKED ADDRESS],25000-49999,active,2022-**-**
2962,V***,C***,v***@yahoo.com,***-***-2862,1969-**-**,[MASKED ADDRESS],200000-224999,active,2024-**-**
2963,E***,S***,e***@hotmail.com,***-***-7159,1994-**-**,[MASKED ADDRESS],75000-99999,active,2019-**-**
2966,A***,S***,a***@gmail.com,***-***-1268,1979-**-**,[MASKED ADDRESS],200000-224999,inactive,2022-**-**
2967,T***,M***,t***@gmail.com,***-***-8640,1988-**-**,[MASKED ADDRESS],175000-199999,inactive,2023-**-**
2968,E***,Z***,e***@gmail.com,***-***-7812,1971-**-**,[MASKED ADDRESS],225000-249999,inactive,2024-**-**
2971,K***,R***,k***@yahoo.com,***-***-8816,1939-**-**,[MASKED ADDRESS],25000-49999,active,2022-**-**
2972,M***,S***,m***@gmail.com,***-***-4169,2007-**-**,[MASKED ADDRESS],75000-99999,suspended,2025-**-**
2974,K***,B***,k***@gmail.com,***-***-9347,1995-**-**,[MASKED ADDRESS],50000-74999,suspended,2023-**-**
2976,K***,D***,k***@hotmail.com,***-***-6350,1989-**-**,[MASKED ADDRESS],75000-99999,active,2021-**-**
2979,A***,S***,a***@hotmail.com,***-***-9050,1966-**-**,[MASKED ADDRESS],50000-74999,suspended,2021-**-**
2980,R***,W***,r***@hotmail.com,***-***-5376,1968-**-**,[MASKED ADDRESS],25000-49999,active,2021-**-**
2982,A***,M***,a***@yahoo.com,***-***-3178,1998-**-**,[MASKED ADDRESS],50000-74999,suspended,2026-**-**
2983,J***,C***,j***@hotmail.com,***-***-7994,2008-**-**,[MASKED ADDRESS],125000-149999,inactive,2024-**-**
2984,S***,E***,s***@yahoo.com,***-***-1208,1989-**-**,[MASKED ADDRESS],200000-224999,inactive,2024-**-**
2985,N***,R***,n***@yahoo.com,***-***-8672,1979-**-**,[MASKED ADDRESS],200000-224999,active,2021-**-**
2986,K***,M***,k***@gmail.com,***-***-9547,1985-**-**,[MASKED ADDRESS],175000-199999,inactive,2021-**-**
2987,J***,W***,j***@gmail.com,***-***-8682,1969-**-**,[MASKED ADDRESS],225000-249999,inactive,2019-**-**
2990,R***,J***,r***@gmail.com,***-***-8108,1980-**-**,[MASKED ADDRESS],125000-149999,inactive,2023-**-**
2991,A***,F***,a***@hotmail.com,***-***-7630,1970-**-**,[MASKED ADDRESS],25000-49999,suspended,2020-**-**
2995,G***,W***,g***@hotmail.com,***-***-3661,1984-**-**,[MASKED ADDRESS],150000-174999,suspended,2023-**-**
2998,A***,M***,a***@hotmail.com,***-***-8971,1994-**-**,[MASKED ADDRESS],200000-224999,inactive,2025-**-**
2999,A***,R***,a***@yahoo.com,***-***-7640,1943-**-**,[MASKED ADDRESS],100000-124999,active,2022-**-**
3002,C***,N***,c***@gmail.com,***-***-8021,1953-**-**,[MASKED ADDRESS],125000-149999,active,2026-**-**
3003,D***,J***,d***@gmail.com,***-***-8720,1939-**-**,[MASKED ADDRESS],50000-74999,active,2024-**-**
3004,J***,V***,j***@gmail.com,***-***-6853,1988-**-**,[MASKED ADDRESS],150000-174999,active,2023-**-**
3005,L***,M***,l***@hotmail.com,***-***-6409,1966-**-**,[MASKED ADDRESS],25000-49999,suspended,2026-**-**
3006,K***,M***,k***@gmail.com,***-***-1003,1990-**-**,[MASKED ADDRESS],200000-224999,active,2025-**-**
3008,M***,B***,m***@yahoo.com,***-***-5660,1994-**-**,[MASKED ADDRESS],25000-49999,inactive,2019-**-**
3009,A***,K***,a***@hotmail.com,***-***-9435,2007-**-**,[MASKED ADDRESS],25000-49999,suspended,2019-**-**
3011,D***,D***,d***@hotmail.com,***-***-9826,1960-**-**,[MASKED ADDRESS],75000-99999,suspended,2024-**-**
3013,C***,B***,c***@gmail.com,***-***-4449,2005-**-**,[MASKED ADDRESS],50000-74999,active,2023-**-**
3014,J***,H***,j***@hotmail.com,***-***-1962,1947-**-**,[MASKED ADDRESS],125000-149999,active,2024-**-**
3015,A***,C***,a***@hotmail.com,***-***-3066,1976-**-**,[MASKED ADDRESS],50000-74999,active,2025-**-**
3016,M***,P***,m***@yahoo.com,***-***-6242,1992-**-**,[MASKED ADDRESS],125000-149999,suspended,2023-**-**
3018,M***,K***,m***@yahoo.com,***-***-5956,1961-**-**,[MASKED ADDRESS],225000-249999,active,2020-**-**
3019,T***,R***,t***@yahoo.com,***-***-6967,1979-**-**,[MASKED ADDRESS],50000-74999,active,2021-**-**
3020,D***,T***,d***@yahoo.com,***-***-1514,1953-**-**,[MASKED ADDRESS],200000-224999,inactive,2022-**-**
3024,B***,R***,b***@gmail.com,***-***-8977,1983-**-**,[MASKED ADDRESS],200000-224999,inactive,2023-**-**
3025,J***,B***,j***@hotmail.com,***-***-1325,1950-**-**,[MASKED ADDRESS],125000-149999,inactive,2025-**-**
3027,L***,S***,l***@hotmail.com,***-***-7111,2005-**-**,[MASKED ADDRESS],75000-99999,active,2022-**-**
3030,S***,C***,s***@yahoo.com,***-***-8126,1938-**-**,[MASKED ADDRESS],175000-199999,suspended,2019-**-**
3032,C***,T***,c***@yahoo.com,***-***-1293,1983-**-**,[MASKED ADDRESS],100000-124999,suspended,2026-**-**
3033,P***,M***,p***@hotmail.com,***-***-8594,1970-**-**,[MASKED ADDRESS],200000-224999,suspended,2025-**-**
3034,S***,H***,s***@yahoo.com,***-***-4651,1940-**-**,[MASKED ADDRESS],100000-124999,inactive,2020-**-**
3035,T***,M***,t***@hotmail.com,***-***-5163,1983-**-**,[MASKED ADDRESS],100000-124999,active,2026-**-**
3036,D***,L***,d***@gmail.com,***-***-4633,1988-**-**,[MASKED ADDRESS],225000-249999,inactive,2020-**-**
3037,S***,B***,s***@hotmail.com,***-***-8045,2003-**-**,[MASKED ADDRESS],25000-49999,active,2024-**-**
3038,B***,M***,b***@hotmail.com,***-***-7828,1953-**-**,[MASKED ADDRESS],0-24999,suspended,2023-**-**
3039,C***,S***,c***@gmail.com,***-***-1838,1958-**-**,[MASKED ADDRESS],125000-149999,suspended,2023-**-**
3041,E***,C***,e***@hotmail.com,***-***-6383,1957-**-**,[MASKED ADDRESS],50000-74999,suspended,2022-**-**
3043,B***,W***,b***@hotmail.com,***-***-2629,2000-**-**,[MASKED ADDRESS],25000-49999,suspended,2023-**-**
3044,B***,B***,b***@gmail.com,***-***-5789,1963-**-**,[MASKED ADDRESS],150000-174999,inactive,2023-**-**
3045,N***,P***,n***@hotmail.com,***-***-3685,1991-**-**,[MASKED ADDRESS],75000-99999,inactive,2024-**-**
3047,M***,N***,m***@hotmail.com,***-***-4924,1953-**-**,[MASKED ADDRESS],25000-49999,inactive,2024-**-**
3048,J***,H***,j***@yahoo.com,***-***-3679,1954-**-**,[MASKED ADDRESS],75000-99999,suspended,2024-**-**
3049,C***,S***,c***@hotmail.com,***-***-4871,1974-**-**,[MASKED ADDRESS],100000-124999,suspended,2020-**-**
3050,J***,H***,j***@gmail.com,***-***-2507,1960-**-**,[MASKED ADDRESS],75000-99999,inactive,2023-**-**
3051,D***,D***,d***@yahoo.com,***-***-1699,1983-**-**,[MASKED ADDRESS],200000-224999,suspended,2024-**-**
3052,L***,R***,l***@yahoo.com,***-***-3388,1956-**-**,[MASKED ADDRESS],75000-99999,suspended,2025-**-**
3053,K***,R***,k***@yahoo.com,***-***-6757,1950-**-**,[MASKED ADDRESS],0-24999,inactive,2020-**-**
3054,G***,S***,g***@gmail.com,***-***-1260,1947-**-**,[MASKED ADDRESS],50000-74999,active,2021-**-**
3055,J***,P***,j***@yahoo.com,***-***-2096,2008-**-**,[MASKED ADDRESS],225000-249999,suspended,2019-**-**
3057,A***,F***,a***@gmail.com,***-***-7043,1994-**-**,[MASKED ADDRESS],50000-74999,active,2022-**-**
3058,L***,S***,l***@gmail.com,***-***-1060,1948-**-**,[MASKED ADDRESS],125000-149999,active,2026-**-**
3059,R***,S***,r***@yahoo.com,***-***-7808,1994-**-**,[MASKED ADDRESS],175000-199999,active,2022-**-**
3060,Z***,H***,z***@hotmail.com,***-***-3196,2004-**-**,[MASKED ADDRESS],200000-224999,suspended,2023-**-**
3062,A***,W***,a***@hotmail.com,***-***-1910,1956-**-**,[MASKED ADDRESS],25000-49999,active,2021-**-**
3063,J***,R***,j***@yahoo.com,***-***-7661,1955-**-**,[MASKED ADDRESS],200000-224999,inactive,2023-**-**
3066,J***,V***,j***@hotmail.com,***-***-2230,1970-**-**,[MASKED ADDRESS],125000-149999,suspended,2025-**-**
3067,E***,M***,e***@hotmail.com,***-***-1428,1998-**-**,[MASKED ADDRESS],225000-249999,inactive,2023-**-**
3068,P***,C***,p***@yahoo.com,***-***-3251,1959-**-**,[MASKED ADDRESS],200000-224999,suspended,2024-**-**
3070,A***,L***,a***@gmail.com,***-***-3992,1981-**-**,[MASKED ADDRESS],125000-149999,suspended,2022-**-**
3071,S***,D***,s***@gmail.com,***-***-5530,1994-**-**,[MASKED ADDRESS],75000-99999,suspended,2025-**-**
3073,B***,G***,b***@hotmail.com,***-***-5874,1991-**-**,[MASKED ADDRESS],25000-49999,inactive,2020-**-**
3074,M***,C***,m***@gmail.com,***-***-2523,1968-**-**,[MASKED ADDRESS],150000-174999,inactive,2026-**-**
3075,T***,E***,t***@gmail.com,***-***-2545,1964-**-**,[MASKED ADDRESS],225000-249999,suspended,2026-**-**
3076,R***,G***,r***@hotmail.com,***-***-1696,1963-**-**,[MASKED ADDRESS],100000-124999,inactive,2026-**-**
3077,L***,H***,l***@hotmail.com,***-***-5330,1986-**-**,[MASKED ADDRESS],50000-74999,suspended,2022-**-**
3078,K***,M***,k***@gmail.com,***-***-5933,1948-**-**,[MASKED ADDRESS],50000-74999,suspended,2023-**-**
3079,T***,W***,t***@gmail.com,***-***-8705,1997-**-**,[MASKED ADDRESS],50000-74999,suspended,2025-**-**
3082,J***,B***,j***@gmail.com,***-***-4897,1996-**-**,[MASKED ADDRESS],25000-49999,active,2024-**-**
3083,J***,Y***,j***@hotmail.com,***-***-4153,2006-**-**,[MASKED ADDRESS],75000-99999,inactive,2019-**-**
3085,K***,R***,k***@yahoo.com,***-***-3042,1965-**-**,[MASKED ADDRESS],150000-174999,inactive,2023-**-**
3086,R***,Z***,r***@yahoo.com,***-***-2877,1975-**-**,[MASKED ADDRESS],100000-124999,active,2019-**-**
3087,V***,C***,v***@hotmail.com,***-***-4020,1962-**-**,[MASKED ADDRESS],175000-199999,suspended,2023-**-**
3088,C***,M***,c***@yahoo.com,***-***-3170,1999-**-**,[MASKED ADDRESS],175000-199999,active,2025-**-**
3090,A***,W***,a***@yahoo.com,***-***-1046,2001-**-**,[MASKED ADDRESS],150000-174999,suspended,2024-**-**
3091,S***,R***,s***@hotmail.com,***-***-7772,1965-**-**,[MASKED ADDRESS],25000-49999,active,2025-**-**
3092,C***,F***,c***@gmail.com,***-***-3019,1978-**-**,[MASKED ADDRESS],200000-224999,inactive,2021-**-**
3093,J***,H***,j***@hotmail.com,***-***-9501,2003-**-**,[MASKED ADDRESS],150000-174999,inactive,2022-**-**
3094,N***,J***,n***@yahoo.com,***-***-4387,1985-**-**,[MASKED ADDRESS],100000-124999,active,2024-**-**
3095,C***,T***,c***@hotmail.com,***-***-5487,2008-**-**,[MASKED ADDRESS],100000-124999,inactive,2023-**-**
3096,A***,P***,a***@yahoo.com,***-***-3598,1973-**-**,[MASKED ADDRESS],25000-49999,active,2026-**-**
3097,B***,C***,b***@hotmail.com,***-***-4339,1994-**-**,[MASKED ADDRESS],100000-124999,inactive,2021-**-**
3098,J***,M***,j***@yahoo.com,***-***-3900,1963-**-**,[MASKED ADDRESS],100000-124999,active,2025-**-**
3099,V***,M***,v***@hotmail.com,***-***-2069,1939-**-**,[MASKED ADDRESS],125000-149999,inactive,2021-**-**
3100,J***,M***,j***@gmail.com,***-***-1860,1989-**-**,[MASKED ADDRESS],50000-74999,inactive,2023-**-**
3104,M***,M***,m***@yahoo.com,***-***-2619,2002-**-**,[MASKED ADDRESS],75000-99999,suspended,2022-**-**
3106,S***,W***,s***@hotmail.com,***-***-5130,1998-**-**,[MASKED ADDRESS],175000-199999,suspended,2025-**-**
3107,J***,N***,j***@hotmail.com,***-***-9682,1975-**-**,[MASKED ADDRESS],200000-224999,suspended,2020-**-**
3108,S***,O***,s***@yahoo.com,***-***-9072,1967-**-**,[MASKED ADDRESS],225000-249999,inactive,2021-**-**
3109,B***,Y***,b***@hotmail.com,***-***-6591,1938-**-**,[MASKED ADDRESS],0-24999,active,2020-**-**
3110,E***,S***,e***@gmail.com,***-***-6019,1969-**-**,[MASKED ADDRESS],175000-199999,inactive,2024-**-**
3111,J***,R***,j***@yahoo.com,***-***-4268,1958-**-**,[MASKED ADDRESS],150000-174999,suspended,2023-**-**
3113,O***,M***,o***@yahoo.com,***-***-1750,1943-**-**,[MASKED ADDRESS],200000-224999,inactive,2024-**-**
3114,N***,R***,n***@gmail.com,***-***-9724,1963-**-**,[MASKED ADDRESS],75000-99999,active,2021-**-**
3117,M***,T***,m***@hotmail.com,***-***-9987,1941-**-**,[MASKED ADDRESS],100000-124999,active,2025-**-**
3119,D***,R***,d***@hotmail.com,***-***-7703,1969-**-**,[MASKED ADDRESS],25000-49999,inactive,2023-**-**
3120,K***,F***,k***@hotmail.com,***-***-2531,1989-**-**,[MASKED ADDRESS],75000-99999,active,2020-**-**
3121,K***,V***,k***@yahoo.com,***-***-5101,2002-**-**,[MASKED ADDRESS],175000-199999,suspended,2019-**-**
3123,S***,W***,s***@yahoo.com,***-***-7747,1988-**-**,[MASKED ADDRESS],200000-224999,active,2026-**-**
3124,A***,P***,a***@yahoo.com,***-***-2002,1980-**-**,[MASKED ADDRESS],200000-224999,inactive,2025-**-**
3126,A***,B***,a***@gmail.com,***-***-6958,1961-**-**,[MASKED ADDRESS],175000-199999,suspended,2020-**-**
3127,J***,J***,j***@yahoo.com,***-***-5509,1995-**-**,[MASKED ADDRESS],50000-74999,active,2020-**-**
3128,A***,C***,a***@yahoo.com,***-***-3939,1942-**-**,[MASKED ADDRESS],50000-74999,suspended,2024-**-**
3129,S***,S***,s***@hotmail.com,***-***-4218,1942-**-**,[MASKED ADDRESS],25000-49999,inactive,2024-**-**
3130,R***,S***,r***@hotmail.com,***-***-1515,2003-**-**,[MASKED ADDRESS],25000-49999,suspended,2024-**-**
3131,R***,V***,r***@yahoo.com,***-***-7557,1951-**-**,[MASKED ADDRESS],200000-224999,inactive,2024-**-**
3133,S***,L***,s***@yahoo.com,***-***-9733,1989-**-**,[MASKED ADDRESS],50000-74999,inactive,2024-**-**
3134,K***,F***,k***@gmail.com,***-***-3581,1972-**-**,[MASKED ADDRESS],50000-74999,active,2025-**-**
3136,D***,S***,d***@yahoo.com,***-***-9697,1954-**-**,[MASKED ADDRESS],225000-249999,suspended,2023-**-**
3137,P***,C***,p***@gmail.com,***-***-6234,2007-**-**,[MASKED ADDRESS],200000-224999,suspended,2020-**-**
3138,L***,M***,l***@hotmail.com,***-***-4532,1959-**-**,[MASKED ADDRESS],225000-249999,inactive,2020-**-**
3140,M***,M***,m***@hotmail.com,***-***-4001,1952-**-**,[MASKED ADDRESS],50000-74999,inactive,2024-**-**
3141,G***,J***,g***@gmail.com,***-***-8616,1970-**-**,[MASKED ADDRESS],200000-224999,suspended,2022-**-**
3142,G***,L***,g***@hotmail.com,***-***-1881,1988-**-**,[MASKED ADDRESS],50000-74999,suspended,2025-**-**
3143,M***,R***,m***@gmail.com,***-***-8853,1986-**-**,[MASKED ADDRESS],100000-124999,suspended,2020-**-**
3144,C***,N***,c***@hotmail.com,***-***-9411,2002-**-**,[MASKED ADDRESS],25000-49999,active,2020-**-**
3145,D***,W***,d***@gmail.com,***-***-4644,1971-**-**,[MASKED ADDRESS],200000-224999,suspended,2020-**-**
3146,H***,B***,h***@yahoo.com,***-***-4956,1956-**-**,[MASKED ADDRESS],125000-149999,active,2019-**-**
3147,T***,L***,t***@hotmail.com,***-***-2532,1980-**-**,[MASKED ADDRESS],75000-99999,inactive,2022-**-**
3149,M***,W***,m***@hotmail.com,***-***-2464,1961-**-**,[MASKED ADDRESS],125000-149999,suspended,2025-**-**
3151,C***,R***,c***@gmail.com,***-***-5527,1974-**-**,[MASKED ADDRESS],225000-249999,inactive,2021-**-**
3152,D***,M***,d***@hotmail.com,***-***-1188,1998-**-**,[MASKED ADDRESS],175000-199999,suspended,2026-**-**
3153,N***,B***,n***@gmail.com,***-***-2370,2001-**-**,[MASKED ADDRESS],75000-99999,suspended,2026-**-**
3155,N***,B***,n***@hotmail.com,***-***-7087,1974-**-**,[MASKED ADDRESS],25000-49999,suspended,2021-**-**
3156,S***,R***,s***@gmail.com,***-***-5065,1952-**-**,[MASKED ADDRESS],225000-249999,inactive,2019-**-**
3157,A***,C***,a***@hotmail.com,***-***-9257,1974-**-**,[MASKED ADDRESS],150000-174999,inactive,2022-**-**
3159,J***,W***,j***@hotmail.com,***-***-5034,2006-**-**,[MASKED ADDRESS],125000-149999,active,2020-**-**
3160,M***,C***,m***@gmail.com,***-***-5734,2003-**-**,[MASKED ADDRESS],125000-149999,active,2024-**-**
3164,C***,S***,c***@hotmail.com,***-***-3456,2005-**-**,[MASKED ADDRESS],100000-124999,suspended,2020-**-**
3165,D***,T***,d***@gmail.com,***-***-5542,1942-**-**,[MASKED ADDRESS],175000-199999,suspended,2025-**-**
3166,L***,V***,l***@hotmail.com,***-***-1802,2000-**-**,[MASKED ADDRESS],75000-99999,active,2024-**-**
3167,D***,H***,d***@yahoo.com,***-***-1686,1975-**-**,[MASKED ADDRESS],125000-149999,active,2020-**-**
3169,J***,T***,j***@yahoo.com,***-***-6817,2005-**-**,[MASKED ADDRESS],175000-199999,active,2019-**-**
3170,J***,B***,j***@gmail.com,***-***-2057,1964-**-**,[MASKED ADDRESS],25000-49999,active,2020-**-**
3171,J***,S***,j***@hotmail.com,***-***-4411,1949-**-**,[MASKED ADDRESS],25000-49999,suspended,2025-**-**
3177,M***,R***,m***@yahoo.com,***-***-6038,1995-**-**,[MASKED ADDRESS],100000-124999,active,2020-**-**
3179,D***,H***,d***@hotmail.com,***-***-2705,2005-**-**,[MASKED ADDRESS],75000-99999,inactive,2020-**-**
3180,M***,P***,m***@hotmail.com,***-***-7392,1961-**-**,[MASKED ADDRESS],75000-99999,suspended,2025-**-**
3181,M***,S***,m***@yahoo.com,***-***-3499,1990-**-**,[MASKED ADDRESS],175000-199999,active,2022-**-**
3182,J***,L***,j***@gmail.com,***-***-5153,1973-**-**,[MASKED ADDRESS],75000-99999,suspended,2024-**-**
3183,K***,L***,k***@gmail.com,***-***-9826,1977-**-**,[MASKED ADDRESS],150000-174999,inactive,2024-**-**
3184,P***,D***,p***@gmail.com,***-***-8514,1941-**-**,[MASKED ADDRESS],200000-224999,suspended,2022-**-**
3185,A***,L***,a***@yahoo.com,***-***-1368,1979-**-**,[MASKED ADDRESS],175000-199999,suspended,2020-**-**
3186,J***,M***,j***@gmail.com,***-***-9207,1968-**-**,[MASKED ADDRESS],125000-149999,active,2025-**-**
3188,J***,R***,j***@yahoo.com,***-***-6569,1955-**-**,[MASKED ADDRESS],25000-49999,suspended,2025-**-**
3190,M***,E***,m***@yahoo.com,***-***-5222,1955-**-**,[MASKED ADDRESS],125000-149999,suspended,2022-**-**
3191,S***,M***,s***@hotmail.com,***-***-4635,2004-**-**,[MASKED ADDRESS],175000-199999,active,2025-**-**
3192,A***,G***,a***@yahoo.com,***-***-8450,1974-**-**,[MASKED ADDRESS],125000-149999,suspended,2025-**-**
3194,J***,H***,j***@yahoo.com,***-***-4770,1939-**-**,[MASKED ADDRESS],100000-124999,inactive,2024-**-**
3195,J***,R***,j***@hotmail.com,***-***-1569,2008-**-**,[MASKED ADDRESS],175000-199999,inactive,2024-**-**
3196,M***,K***,m***@gmail.com,***-***-9137,1994-**-**,[MASKED ADDRESS],175000-199999,inactive,2019-**-**
3197,E***,V***,e***@yahoo.com,***-***-9203,1941-**-**,[MASKED ADDRESS],50000-74999,suspended,2022-**-**
3198,C***,P***,c***@gmail.com,***-***-4028,1983-**-**,[MASKED ADDRESS],50000-74999,active,2020-**-**
3199,T***,A***,t***@gmail.com,***-***-6481,1986-**-**,[MASKED ADDRESS],175000-199999,active,2026-**-**
3202,B***,B***,b***@hotmail.com,***-***-7807,1993-**-**,[MASKED ADDRESS],200000-224999,suspended,2019-**-**
3203,J***,C***,j***@yahoo.com,***-***-6665,1987-**-**,[MASKED ADDRESS],25000-49999,active,2024-**-**
3204,S***,L***,s***@hotmail.com,***-***-2161,1947-**-**,[MASKED ADDRESS],175000-199999,suspended,2025-**-**
3206,B***,G***,b***@hotmail.com,***-***-6618,1949-**-**,[MASKED ADDRESS],200000-224999,suspended,2022-**-**
3208,E***,H***,e***@gmail.com,***-***-9287,1949-**-**,[MASKED ADDRESS],50000-74999,active,2024-**-**
3209,J***,D***,j***@hotmail.com,***-***-2189,1967-**-**,[MASKED ADDRESS],100000-124999,active,2021-**-**
3210,J***,F***,j***@gmail.com,***-***-5816,2005-**-**,[MASKED ADDRESS],25000-49999,suspended,2023-**-**
3211,S***,D***,s***@hotmail.com,***-***-7010,1989-**-**,[MASKED ADDRESS],150000-174999,inactive,2022-**-**
3213,K***,R***,k***@gmail.com,***-***-2572,1995-**-**,[MASKED ADDRESS],25000-49999,active,2026-**-**
3215,H***,D***,h***@yahoo.com,***-***-7399,1979-**-**,[MASKED ADDRESS],100000-124999,suspended,2020-**-**
3216,R***,P***,r***@gmail.com,***-***-1464,1940-**-**,[MASKED ADDRESS],50000-74999,inactive,2025-**-**
3217,A***,C***,a***@yahoo.com,***-***-4487,1949-**-**,[MASKED ADDRESS],25000-49999,active,2025-**-**
3218,B***,R***,b***@hotmail.com,***-***-6829,2000-**-**,[MASKED ADDRESS],25000-49999,inactive,2024-**-**
3220,S***,R***,s***@gmail.com,***-***-3336,1958-**-**,[MASKED ADDRESS],150000-174999,suspended,2021-**-**
3221,B***,D***,b***@hotmail.com,***-***-1660,1945-**-**,[MASKED ADDRESS],25000-49999,inactive,2023-**-**
3223,K***,S***,k***@hotmail.com,***-***-9660,1954-**-**,[MASKED ADDRESS],25000-49999,active,2023-**-**
3224,L***,C***,l***@gmail.com,***-***-9169,2004-**-**,[MASKED ADDRESS],150000-174999,active,2024-**-**
3225,A***,H***,a***@gmail.com,***-***-7071,1976-**-**,[MASKED ADDRESS],100000-124999,suspended,2026-**-**
3226,R***,E***,r***@gmail.com,***-***-9313,2001-**-**,[MASKED ADDRESS],75000-99999,suspended,2026-**-**
3228,M***,M***,m***@gmail.com,***-***-5181,1952-**-**,[MASKED ADDRESS],125000-149999,active,2026-**-**
3229,B***,T***,b***@gmail.com,***-***-7893,1991-**-**,[MASKED ADDRESS],175000-199999,suspended,2022-**-**
3230,D***,E***,d***@yahoo.com,***-***-5856,1992-**-**,[MASKED ADDRESS],200000-224999,suspended,2022-**-**
3232,R***,R***,r***@yahoo.com,***-***-6999,1964-**-**,[MASKED ADDRESS],125000-149999,suspended,2023-**-**
3235,D***,G***,d***@hotmail.com,***-***-4030,1977-**-**,[MASKED ADDRESS],200000-224999,active,2024-**-**
3236,L***,M***,l***@gmail.com,***-***-5901,1941-**-**,[MASKED ADDRESS],100000-124999,suspended,2023-**-**
3237,D***,R***,d***@hotmail.com,***-***-1376,1955-**-**,[MASKED ADDRESS],225000-249999,active,2026-**-**
3239,K***,D***,k***@yahoo.com,***-***-3849,1965-**-**,[MASKED ADDRESS],175000-199999,inactive,2026-**-**
3240,N***,H***,n***@yahoo.com,***-***-9519,1984-**-**,[MASKED ADDRESS],150000-174999,inactive,2020-**-**
3242,N***,R***,n***@gmail.com,***-***-1286,1984-**-**,[MASKED ADDRESS],200000-224999,inactive,2025-**-**
3243,K***,D***,k***@yahoo.com,***-***-2930,2006-**-**,[MASKED ADDRESS],225000-249999,suspended,2026-**-**
3244,J***,M***,j***@hotmail.com,***-***-6592,1999-**-**,[MASKED ADDRESS],0-24999,active,2020-**-**
3245,D***,P***,d***@hotmail.com,***-***-6877,1963-**-**,[MASKED ADDRESS],125000-149999,active,2022-**-**
3246,J***,D***,j***@gmail.com,***-***-2531,1957-**-**,[MASKED ADDRESS],175000-199999,suspended,2021-**-**
3247,J***,B***,j***@gmail.com,***-***-7667,1948-**-**,[MASKED ADDRESS],150000-174999,active,2020-**-**
3248,P***,B***,p***@yahoo.com,***-***-7978,1938-**-**,[MASKED ADDRESS],25000-49999,suspended,2026-**-**
3250,B***,D***,b***@yahoo.com,***-***-5375,1976-**-**,[MASKED ADDRESS],100000-124999,active,2025-**-**
3251,K***,J***,k***@gmail.com,***-***-3156,1967-**-**,[MASKED ADDRESS],200000-224999,inactive,2023-**-**
3252,H***,P***,h***@yahoo.com,***-***-8838,1990-**-**,[MASKED ADDRESS],175000-199999,active,2026-**-**
3254,E***,J***,e***@hotmail.com,***-***-7343,1995-**-**,[MASKED ADDRESS],125000-149999,active,2025-**-**
3255,J***,A***,j***@yahoo.com,***-***-6486,1997-**-**,[MASKED ADDRESS],200000-224999,active,2025-**-**
3256,A***,W***,a***@gmail.com,***-***-9647,1960-**-**,[MASKED ADDRESS],25000-49999,suspended,2026-**-**
3257,A***,M***,a***@gmail.com,***-***-2198,2006-**-**,[MASKED ADDRESS],200000-224999,inactive,2023-**-**
3258,V***,L***,v***@gmail.com,***-***-3903,1976-**-**,[MASKED ADDRESS],200000-224999,suspended,2026-**-**
3259,M***,T***,m***@yahoo.com,***-***-7736,1979-**-**,[MASKED ADDRESS],150000-174999,active,2024-**-**
3260,D***,S***,d***@hotmail.com,***-***-5584,2002-**-**,[MASKED ADDRESS],75000-99999,inactive,2022-**-**
3263,M***,P***,m***@gmail.com,***-***-6645,1994-**-**,[MASKED ADDRESS],0-24999,active,2025-**-**
3266,S***,M***,s***@yahoo.com,***-***-9741,1985-**-**,[MASKED ADDRESS],75000-99999,active,2026-**-**
3267,M***,W***,m***@yahoo.com,***-***-6656,1994-**-**,[MASKED ADDRESS],25000-49999,active,2024-**-**
3268,R***,A***,r***@gmail.com,***-***-3805,2003-**-**,[MASKED ADDRESS],50000-74999,inactive,2023-**-**
3269,R***,P***,r***@gmail.com,***-***-2296,1942-**-**,[MASKED ADDRESS],100000-124999,active,2025-**-**
3270,K***,R***,k***@gmail.com,***-***-2287,1994-**-**,[MASKED ADDRESS],150000-174999,active,2024-**-**
3271,D***,W***,d***@hotmail.com,***-***-7912,1968-**-**,[MASKED ADDRESS],50000-74999,suspended,2022-**-**
3272,T***,S***,t***@yahoo.com,***-***-4657,1965-**-**,[MASKED ADDRESS],125000-149999,inactive,2023-**-**
3273,N***,Q***,n***@gmail.com,***-***-5160,1976-**-**,[MASKED ADDRESS],100000-124999,suspended,2022-**-**
3274,D***,Y***,d***@hotmail.com,***-***-5335,1956-**-**,[MASKED ADDRESS],125000-149999,suspended,2020-**-**
3276,C***,G***,c***@yahoo.com,***-***-2548,1976-**-**,[MASKED ADDRESS],100000-124999,inactive,2023-**-**
3277,M***,S***,m***@yahoo.com,***-***-4356,1959-**-**,[MASKED ADDRESS],150000-174999,active,2026-**-**
3278,C***,G***,c***@gmail.com,***-***-2774,1947-**-**,[MASKED ADDRESS],200000-224999,inactive,2022-**-**
3280,K***,M***,k***@gmail.com,***-***-8707,1953-**-**,[MASKED ADDRESS],200000-224999,suspended,2026-**-**
3281,M***,B***,m***@hotmail.com,***-***-4168,2007-**-**,[MASKED ADDRESS],75000-99999,active,2020-**-**
3282,A***,T***,a***@gmail.com,***-***-6572,1946-**-**,[MASKED ADDRESS],175000-199999,inactive,2024-**-**
3284,K***,A***,k***@yahoo.com,***-***-2986,1948-**-**,[MASKED ADDRESS],50000-74999,suspended,2020-**-**
3285,T***,L***,t***@hotmail.com,***-***-3845,2000-**-**,[MASKED ADDRESS],50000-74999,inactive,2023-**-**
3287,A***,C***,a***@gmail.com,***-***-8431,1976-**-**,[MASKED ADDRESS],100000-124999,active,2022-**-**
3288,C***,I***,c***@gmail.com,***-***-7636,1979-**-**,[MASKED ADDRESS],125000-149999,active,2022-**-**
3289,B***,T***,b***@yahoo.com,***-***-1036,1954-**-**,[MASKED ADDRESS],100000-124999,active,2026-**-**
3291,E***,R***,e***@hotmail.com,***-***-2412,1987-**-**,[MASKED ADDRESS],225000-249999,suspended,2023-**-**
3292,W***,M***,w***@yahoo.com,***-***-6489,1984-**-**,[MASKED ADDRESS],125000-149999,inactive,2022-**-**
3293,M***,M***,m***@hotmail.com,***-***-7634,1961-**-**,[MASKED ADDRESS],125000-149999,suspended,2025-**-**
3294,D***,B***,d***@gmail.com,***-***-3854,1984-**-**,[MASKED ADDRESS],25000-49999,suspended,2025-**-**
3296,H***,R***,h***@gmail.com,***-***-3153,1978-**-**,[MASKED ADDRESS],175000-199999,inactive,2026-**-**
3298,A***,M***,a***@gmail.com,***-***-1619,1957-**-**,[MASKED ADDRESS],200000-224999,active,2026-**-**
3299,R***,C***,r***@gmail.com,***-***-4765,1974-**-**,[MASKED ADDRESS],150000-174999,suspended,2019-**-**
3300,J***,C***,j***@yahoo.com,***-***-5108,1967-**-**,[MASKED ADDRESS],125000-149999,inactive,2021-**-**
3302,J***,D***,j***@gmail.com,***-***-2081,2003-**-**,[MASKED ADDRESS],150000-174999,inactive,2020-**-**
3303,S***,C***,s***@yahoo.com,***-***-9940,2008-**-**,[MASKED ADDRESS],125000-149999,active,2022-**-**
3305,A***,L***,a***@yahoo.com,***-***-1285,1950-**-**,[MASKED ADDRESS],50000-74999,suspended,2022-**-**
3306,E***,M***,e***@hotmail.com,***-***-8405,1938-**-**,[MASKED ADDRESS],75000-99999,active,2024-**-**
3307,J***,G***,j***@yahoo.com,***-***-7725,1993-**-**,[MASKED ADDRESS],125000-149999,suspended,2019-**-**
3308,C***,C***,c***@gmail.com,***-***-3456,1995-**-**,[MASKED ADDRESS],200000-224999,suspended,2021-**-**
3309,B***,B***,b***@hotmail.com,***-***-9789,1973-**-**,[MASKED ADDRESS],200000-224999,active,2021-**-**
3310,C***,Y***,c***@yahoo.com,***-***-4213,2005-**-**,[MASKED ADDRESS],125000-149999,suspended,2023-**-**
3312,L***,H***,l***@yahoo.com,***-***-4890,1980-**-**,[MASKED ADDRESS],75000-99999,suspended,2022-**-**
3313,S***,W***,s***@gmail.com,***-***-6904,1968-**-**,[MASKED ADDRESS],175000-199999,inactive,2023-**-**
3314,C***,M***,c***@gmail.com,***-***-6437,1970-**-**,[MASKED ADDRESS],150000-174999,suspended,2022-**-**
3316,J***,J***,j***@hotmail.com,***-***-6613,2002-**-**,[MASKED ADDRESS],200000-224999,inactive,2024-**-**
3318,J***,C***,j***@hotmail.com,***-***-5819,1995-**-**,[MASKED ADDRESS],50000-74999,active,2024-**-**
3319,M***,R***,m***@gmail.com,***-***-5411,1956-**-**,[MASKED ADDRESS],175000-199999,active,2025-**-**
3320,C***,G***,c***@hotmail.com,***-***-2689,1998-**-**,[MASKED ADDRESS],75000-99999,active,2024-**-**
3321,G***,E***,g***@gmail.com,***-***-6371,1961-**-**,[MASKED ADDRESS],50000-74999,inactive,2023-**-**
3322,C***,B***,c***@yahoo.com,***-***-7374,1992-**-**,[MASKED ADDRESS],50000-74999,suspended,2021-**-**
3325,W***,G***,w***@gmail.com,***-***-7409,1996-**-**,[MASKED ADDRESS],75000-99999,active,2025-**-**
3326,D***,D***,d***@yahoo.com,***-***-7328,1941-**-**,[MASKED ADDRESS],225000-249999,suspended,2021-**-**
3328,D***,D***,d***@yahoo.com,***-***-1124,2005-**-**,[MASKED ADDRESS],50000-74999,suspended,2023-**-**
3329,S***,O***,s***@yahoo.com,***-***-9393,1985-**-**,[MASKED ADDRESS],200000-224999,active,2019-**-**
3330,D***,T***,d***@yahoo.com,***-***-8933,1966-**-**,[MASKED ADDRESS],50000-74999,active,2025-**-**
3331,D***,W***,d***@hotmail.com,***-***-4866,1997-**-**,[MASKED ADDRESS],75000-99999,active,2020-**-**
3332,R***,C***,r***@yahoo.com,***-***-7463,2001-**-**,[MASKED ADDRESS],75000-99999,inactive,2025-**-**
3334,C***,D***,c***@yahoo.com,***-***-8087,1959-**-**,[MASKED ADDRESS],75000-99999,active,2025-**-**
3337,A***,B***,a***@yahoo.com,***-***-2787,1972-**-**,[MASKED ADDRESS],75000-99999,active,2024-**-**
3338,J***,M***,j***@yahoo.com,***-***-3905,1942-**-**,[MASKED ADDRESS],100000-124999,suspended,2026-**-**
3339,J***,S***,j***@hotmail.com,***-***-9580,1989-**-**,[MASKED ADDRESS],100000-124999,active,2020-**-**
3341,W***,C***,w***@gmail.com,***-***-9630,1957-**-**,[MASKED ADDRESS],125000-149999,inactive,2025-**-**
3342,S***,W***,s***@yahoo.com,***-***-6421,1975-**-**,[MASKED ADDRESS],125000-149999,inactive,2022-**-**
3343,R***,M***,r***@gmail.com,***-***-9297,1971-**-**,[MASKED ADDRESS],100000-124999,inactive,2022-**-**
3345,H***,G***,h***@hotmail.com,***-***-2198,1998-**-**,[MASKED ADDRESS],75000-99999,suspended,2021-**-**
3346,S***,M***,s***@gmail.com,***-***-6562,1997-**-**,[MASKED ADDRESS],175000-199999,inactive,2023-**-**
3347,D***,B***,d***@yahoo.com,***-***-3520,1970-**-**,[MASKED ADDRESS],50000-74999,active,2022-**-**
3348,C***,J***,c***@yahoo.com,***-***-2359,1993-**-**,[MASKED ADDRESS],175000-199999,inactive,2023-**-**
3350,P***,G***,p***@hotmail.com,***-***-4761,1984-**-**,[MASKED ADDRESS],125000-149999,active,2024-**-**
3351,S***,T***,s***@yahoo.com,***-***-2896,1974-**-**,[MASKED ADDRESS],175000-199999,inactive,2025-**-**
3353,M***,R***,m***@gmail.com,***-***-7974,1949-**-**,[MASKED ADDRESS],125000-149999,active,2020-**-**
3354,J***,M***,j***@yahoo.com,***-***-5659,1954-**-**,[MASKED ADDRESS],200000-224999,suspended,2025-**-**
3355,J***,R***,j***@gmail.com,***-***-9038,1967-**-**,[MASKED ADDRESS],25000-49999,suspended,2019-**-**
3356,A***,F***,a***@gmail.com,***-***-8226,1969-**-**,[MASKED ADDRESS],175000-199999,inactive,2024-**-**
3357,T***,C***,t***@gmail.com,***-***-1104,1943-**-**,[MASKED ADDRESS],25000-49999,suspended,2022-**-**
3358,J***,T***,j***@hotmail.com,***-***-4426,1939-**-**,[MASKED ADDRESS],225000-249999,active,2024-**-**
3359,M***,P***,m***@gmail.com,***-***-9902,1983-**-**,[MASKED ADDRESS],175000-199999,active,2020-**-**
3360,S***,W***,s***@hotmail.com,***-***-7314,1986-**-**,[MASKED ADDRESS],50000-74999,active,2025-**-**
3361,R***,V***,r***@yahoo.com,***-***-2517,1949-**-**,[MASKED ADDRESS],25000-49999,suspended,2026-**-**
3362,R***,J***,r***@hotmail.com,***-***-5009,1944-**-**,[MASKED ADDRESS],100000-124999,inactive,2026-**-**
3363,R***,M***,r***@gmail.com,***-***-8588,1989-**-**,[MASKED ADDRESS],75000-99999,suspended,2024-**-**
3364,M***,L***,m***@hotmail.com,***-***-7619,1958-**-**,[MASKED ADDRESS],125000-149999,active,2024-**-**
3368,R***,S***,r***@gmail.com,***-***-8431,1941-**-**,[MASKED ADDRESS],100000-124999,suspended,2020-**-**
3369,S***,C***,s***@yahoo.com,***-***-2675,1954-**-**,[MASKED ADDRESS],100000-124999,suspended,2020-**-**
3370,T***,K***,t***@hotmail.com,***-***-2981,1953-**-**,[MASKED ADDRESS],150000-174999,active,2024-**-**
3372,M***,G***,m***@gmail.com,***-***-4049,1966-**-**,[MASKED ADDRESS],225000-249999,active,2024-**-**
3374,T***,J***,t***@hotmail.com,***-***-7749,1989-**-**,[MASKED ADDRESS],200000-224999,active,2019-**-**
3375,H***,D***,h***@hotmail.com,***-***-2234,1961-**-**,[MASKED ADDRESS],150000-174999,active,2021-**-**
3376,K***,H***,k***@hotmail.com,***-***-4874,1976-**-**,[MASKED ADDRESS],200000-224999,inactive,2020-**-**
3377,D***,B***,d***@yahoo.com,***-***-9276,1999-**-**,[MASKED ADDRESS],50000-74999,suspended,2022-**-**
3378,A***,M***,a***@yahoo.com,***-***-3001,1952-**-**,[MASKED ADDRESS],125000-149999,suspended,2023-**-**
3379,K***,S***,k***@yahoo.com,***-***-9078,1984-**-**,[MASKED ADDRESS],50000-74999,inactive,2021-**-**
3380,A***,F***,a***@hotmail.com,***-***-1621,1958-**-**,[MASKED ADDRESS],75000-99999,inactive,2023-**-**
3381,A***,P***,a***@gmail.com,***-***-2908,1945-**-**,[MASKED ADDRESS],50000-74999,inactive,2020-**-**
3382,S***,B***,s***@gmail.com,***-***-1044,1963-**-**,[MASKED ADDRESS],50000-74999,active,2019-**-**
3383,J***,B***,j***@hotmail.com,***-***-1908,1999-**-**,[MASKED ADDRESS],75000-99999,suspended,2021-**-**
3384,K***,J***,k***@gmail.com,***-***-9634,1985-**-**,[MASKED ADDRESS],200000-224999,suspended,2019-**-**
3387,L***,E***,l***@hotmail.com,***-***-1820,1995-**-**,[MASKED ADDRESS],175000-199999,active,2025-**-**
3388,R***,F***,r***@gmail.com,***-***-3838,1994-**-**,[MASKED ADDRESS],25000-49999,active,2026-**-**
3390,A***,B***,a***@gmail.com,***-***-9288,1998-**-**,[MASKED ADDRESS],200000-224999,inactive,2021-**-**
3392,N***,M***,n***@hotmail.com,***-***-9765,1982-**-**,[MASKED ADDRESS],100000-124999,active,2024-**-**
3393,J***,F***,j***@yahoo.com,***-***-5556,1939-**-**,[MASKED ADDRESS],225000-249999,active,2026-**-**
3394,W***,D***,w***@hotmail.com,***-***-6254,2006-**-**,[MASKED ADDRESS],25000-49999,active,2022-**-**
3395,J***,C***,j***@hotmail.com,***-***-2533,1979-**-**,[MASKED ADDRESS],0-24999,active,2022-**-**
3396,S***,B***,s***@hotmail.com,***-***-6705,1950-**-**,[MASKED ADDRESS],150000-174999,active,2020-**-**
3398,L***,L***,l***@yahoo.com,***-***-4216,1979-**-**,[MASKED ADDRESS],200000-224999,inactive,2020-**-**
3400,J***,M***,j***@gmail.com,***-***-3378,1961-**-**,[MASKED ADDRESS],100000-124999,suspended,2025-**-**
3401,C***,F***,c***@hotmail.com,***-***-2893,1999-**-**,[MASKED ADDRESS],50000-74999,active,2024-**-**
3402,W***,W***,w***@yahoo.com,***-***-3287,2006-**-**,[MASKED ADDRESS],25000-49999,suspended,2021-**-**
3403,I***,H***,i***@gmail.com,***-***-7268,1982-**-**,[MASKED ADDRESS],100000-124999,active,2025-**-**
3404,C***,P***,c***@hotmail.com,***-***-1522,1939-**-**,[MASKED ADDRESS],100000-124999,suspended,2024-**-**
3405,G***,P***,g***@gmail.com,***-***-9669,1962-**-**,[MASKED ADDRESS],175000-199999,active,2022-**-**
3406,P***,M***,p***@hotmail.com,***-***-4507,1984-**-**,[MASKED ADDRESS],25000-49999,suspended,2024-**-**
3407,J***,W***,j***@yahoo.com,***-***-6526,1981-**-**,[MASKED ADDRESS],50000-74999,active,2024-**-**
3409,A***,A***,a***@hotmail.com,***-***-3885,1989-**-**,[MASKED ADDRESS],25000-49999,inactive,2025-**-**
3410,E***,P***,e***@gmail.com,***-***-7468,1977-**-**,[MASKED ADDRESS],150000-174999,active,2026-**-**
3411,D***,T***,d***@hotmail.com,***-***-6351,1961-**-**,[MASKED ADDRESS],225000-249999,active,2022-**-**
3412,S***,J***,s***@gmail.com,***-***-3110,2008-**-**,[MASKED ADDRESS],0-24999,suspended,2019-**-**
3413,B***,R***,b***@gmail.com,***-***-6733,1957-**-**,[MASKED ADDRESS],175000-199999,active,2024-**-**
3415,K***,D***,k***@hotmail.com,***-***-2592,2002-**-**,[MASKED ADDRESS],50000-74999,inactive,2020-**-**
3416,T***,C***,t***@yahoo.com,***-***-4125,1943-**-**,[MASKED ADDRESS],100000-124999,inactive,2025-**-**
3417,C***,S***,c***@yahoo.com,***-***-7007,1949-**-**,[MASKED ADDRESS],100000-124999,active,2020-**-**
3419,D***,S***,d***@hotmail.com,***-***-1881,1947-**-**,[MASKED ADDRESS],100000-124999,inactive,2026-**-**
3420,R***,M***,r***@hotmail.com,***-***-4781,1966-**-**,[MASKED ADDRESS],125000-149999,inactive,2019-**-**
3422,G***,E***,g***@yahoo.com,***-***-2877,1941-**-**,[MASKED ADDRESS],100000-124999,active,2025-**-**
3426,S***,T***,s***@gmail.com,***-***-8396,1948-**-**,[MASKED ADDRESS],75000-99999,inactive,2022-**-**
3427,L***,V***,l***@yahoo.com,***-***-9568,1987-**-**,[MASKED ADDRESS],125000-149999,inactive,2019-**-**
3428,C***,C***,c***@gmail.com,***-***-3825,1965-**-**,[MASKED ADDRESS],225000-249999,inactive,2022-**-**
3429,E***,J***,e***@hotmail.com,***-***-5114,1954-**-**,[MASKED ADDRESS],100000-124999,active,2021-**-**
3430,J***,S***,j***@gmail.com,***-***-1973,1944-**-**,[MASKED ADDRESS],175000-199999,suspended,2025-**-**
3433,J***,L***,j***@gmail.com,***-***-8751,1950-**-**,[MASKED ADDRESS],125000-149999,suspended,2025-**-**
3434,J***,W***,j***@gmail.com,***-***-7000,1965-**-**,[MASKED ADDRESS],100000-124999,active,2026-**-**
3436,S***,M***,s***@yahoo.com,***-***-4202,1974-**-**,[MASKED ADDRESS],125000-149999,inactive,2025-**-**
3437,M***,S***,m***@gmail.com,***-***-1882,1992-**-**,[MASKED ADDRESS],100000-124999,active,2021-**-**
3438,H***,V***,h***@hotmail.com,***-***-5714,2004-**-**,[MASKED ADDRESS],75000-99999,active,2022-**-**
3440,J***,B***,j***@gmail.com,***-***-1406,1996-**-**,[MASKED ADDRESS],0-24999,inactive,2025-**-**
3441,J***,F***,j***@yahoo.com,***-***-6787,1976-**-**,[MASKED ADDRESS],150000-174999,inactive,2024-**-**
3443,K***,J***,k***@gmail.com,***-***-6468,1947-**-**,[MASKED ADDRESS],50000-74999,suspended,2025-**-**
3444,C***,R***,c***@yahoo.com,***-***-6742,2001-**-**,[MASKED ADDRESS],200000-224999,inactive,2024-**-**
3445,D***,J***,d***@gmail.com,***-***-7255,1967-**-**,[MASKED ADDRESS],200000-224999,active,2023-**-**
3447,P***,H***,p***@yahoo.com,***-***-1943,1967-**-**,[MASKED ADDRESS],225000-249999,inactive,2021-**-**
3449,C***,S***,c***@hotmail.com,***-***-2111,1982-**-**,[MASKED ADDRESS],175000-199999,active,2020-**-**
3450,E***,B***,e***@gmail.com,***-***-3885,1961-**-**,[MASKED ADDRESS],25000-49999,inactive,2021-**-**
3452,B***,P***,b***@hotmail.com,***-***-5416,1993-**-**,[MASKED ADDRESS],125000-149999,inactive,2020-**-**
3453,G***,M***,g***@yahoo.com,***-***-2077,1953-**-**,[MASKED ADDRESS],75000-99999,active,2023-**-**
3454,N***,H***,n***@hotmail.com,***-***-9222,1990-**-**,[MASKED ADDRESS],25000-49999,suspended,2026-**-**
3456,J***,C***,j***@gmail.com,***-***-4664,1970-**-**,[MASKED ADDRESS],150000-174999,active,2019-**-**
3460,M***,S***,m***@gmail.com,***-***-5360,1974-**-**,[MASKED ADDRESS],50000-74999,active,2021-**-**
3462,M***,T***,m***@hotmail.com,***-***-3565,1983-**-**,[MASKED ADDRESS],225000-249999,inactive,2020-**-**
3463,D***,V***,d***@gmail.com,***-***-5327,1989-**-**,[MASKED ADDRESS],50000-74999,inactive,2026-**-**
3464,K***,S***,k***@gmail.com,***-***-8655,1988-**-**,[MASKED ADDRESS],25000-49999,inactive,2025-**-**
3465,J***,M***,j***@gmail.com,***-***-2458,1997-**-**,[MASKED ADDRESS],100000-124999,active,2020-**-**
3466,A***,J***,a***@hotmail.com,***-***-5251,2003-**-**,[MASKED ADDRESS],25000-49999,suspended,2026-**-**
3467,A***,R***,a***@gmail.com,***-***-2839,1960-**-**,[MASKED ADDRESS],150000-174999,suspended,2025-**-**
3469,T***,M***,t***@gmail.com,***-***-8330,1947-**-**,[MASKED ADDRESS],200000-224999,suspended,2020-**-**
3470,J***,M***,j***@hotmail.com,***-***-7537,1946-**-**,[MASKED ADDRESS],200000-224999,inactive,2026-**-**
3472,Z***,T***,z***@hotmail.com,***-***-4819,1995-**-**,[MASKED ADDRESS],125000-149999,inactive,2020-**-**
3473,B***,R***,b***@gmail.com,***-***-5632,1998-**-**,[MASKED ADDRESS],125000-149999,active,2020-**-**
3475,J***,M***,j***@hotmail.com,***-***-3946,1990-**-**,[MASKED ADDRESS],200000-224999,inactive,2021-**-**
3477,M***,C***,m***@gmail.com,***-***-9186,1978-**-**,[MASKED ADDRESS],150000-174999,suspended,2025-**-**
3478,K***,M***,k***@hotmail.com,***-***-7938,1955-**-**,[MASKED ADDRESS],125000-149999,suspended,2023-**-**
3479,S***,B***,s***@gmail.com,***-***-7424,2001-**-**,[MASKED ADDRESS],125000-149999,suspended,2024-**-**
3482,H***,P***,h***@gmail.com,***-***-6809,1992-**-**,[MASKED ADDRESS],100000-124999,inactive,2020-**-**
3484,M***,Y***,m***@hotmail.com,***-***-6460,1981-**-**,[MASKED ADDRESS],50000-74999,inactive,2020-**-**
3487,M***,M***,m***@hotmail.com,***-***-5338,1965-**-**,[MASKED ADDRESS],225000-249999,inactive,2022-**-**
3490,M***,S***,m***@gmail.com,***-***-4983,1965-**-**,[MASKED ADDRESS],200000-224999,inactive,2024-**-**
3491,R***,R***,r***@yahoo.com,***-***-3048,1952-**-**,[MASKED ADDRESS],0-24999,active,2023-**-**
3492,K***,W***,k***@hotmail.com,***-***-7555,1952-**-**,[MASKED ADDRESS],125000-149999,suspended,2024-**-**
3493,O***,B***,o***@hotmail.com,***-***-8141,1982-**-**,[MASKED ADDRESS],25000-49999,inactive,2024-**-**
3494,L***,J***,l***@gmail.com,***-***-9637,1998-**-**,[MASKED ADDRESS],100000-124999,suspended,2022-**-**
3495,S***,C***,s***@hotmail.com,***-***-2038,1941-**-**,[MASKED ADDRESS],25000-49999,active,2025-**-**
3496,R***,G***,r***@yahoo.com,***-***-1471,1994-**-**,[MASKED ADDRESS],75000-99999,suspended,2024-**-**
3497,G***,N***,g***@gmail.com,***-***-7674,1979-**-**,[MASKED ADDRESS],25000-49999,active,2024-**-**
3498,T***,S***,t***@gmail.com,***-***-1006,1974-**-**,[MASKED ADDRESS],75000-99999,active,2021-**-**
3501,S***,J***,s***@hotmail.com,***-***-7559,1966-**-**,[MASKED ADDRESS],100000-124999,suspended,2025-**-**
3502,A***,B***,a***@gmail.com,***-***-5737,1982-**-**,[MASKED ADDRESS],75000-99999,suspended,2026-**-**
3503,M***,J***,m***@gmail.com,***-***-7082,1991-**-**,[MASKED ADDRESS],175000-199999,inactive,2022-**-**
3504,R***,K***,r***@yahoo.com,***-***-6679,1981-**-**,[MASKED ADDRESS],150000-174999,suspended,2025-**-**
3506,M***,F***,m***@yahoo.com,***-***-7565,1982-**-**,[MASKED ADDRESS],100000-124999,suspended,2020-**-**
3507,R***,M***,r***@gmail.com,***-***-2304,1954-**-**,[MASKED ADDRESS],100000-124999,inactive,2025-**-**
3508,K***,A***,k***@gmail.com,***-***-4349,1969-**-**,[MASKED ADDRESS],150000-174999,inactive,2020-**-**
3509,B***,B***,b***@hotmail.com,***-***-7917,1939-**-**,[MASKED ADDRESS],150000-174999,suspended,2022-**-**
3510,J***,B***,j***@gmail.com,***-***-7485,2003-**-**,[MASKED ADDRESS],150000-174999,suspended,2019-**-**
3512,J***,A***,j***@hotmail.com,***-***-5279,1966-**-**,[MASKED ADDRESS],225000-249999,active,2025-**-**
3513,N***,C***,n***@yahoo.com,***-***-3208,1982-**-**,[MASKED ADDRESS],175000-199999,suspended,2026-**-**
3514,R***,B***,r***@yahoo.com,***-***-8827,1994-**-**,[MASKED ADDRESS],225000-249999,active,2024-**-**
3515,C***,R***,c***@yahoo.com,***-***-1578,1971-**-**,[MASKED ADDRESS],25000-49999,inactive,2022-**-**
3517,B***,R***,b***@yahoo.com,***-***-7469,1980-**-**,[MASKED ADDRESS],50000-74999,inactive,2020-**-**
3518,C***,M***,c***@hotmail.com,***-***-3060,1965-**-**,[MASKED ADDRESS],25000-49999,suspended,2023-**-**
3519,A***,W***,a***@gmail.com,***-***-1914,1960-**-**,[MASKED ADDRESS],100000-124999,active,2023-**-**
3520,M***,C***,m***@gmail.com,***-***-5933,1989-**-**,[MASKED ADDRESS],175000-199999,inactive,2026-**-**
3521,R***,N***,r***@yahoo.com,***-***-3931,1982-**-**,[MASKED ADDRESS],25000-49999,inactive,2020-**-**
3522,J***,R***,j***@gmail.com,***-***-8125,1977-**-**,[MASKED ADDRESS],100000-124999,inactive,2022-**-**
3524,H***,H***,h***@hotmail.com,***-***-9439,1957-**-**,[MASKED ADDRESS],175000-199999,inactive,2023-**-**
3525,J***,G***,j***@yahoo.com,***-***-8382,1967-**-**,[MASKED ADDRESS],175000-199999,inactive,2020-**-**
3526,B***,M***,b***@yahoo.com,***-***-9297,1983-**-**,[MASKED ADDRESS],175000-199999,active,2023-**-**
3527,O***,W***,o***@hotmail.com,***-***-7054,1984-**-**,[MASKED ADDRESS],75000-99999,inactive,2021-**-**
3528,P***,M***,p***@yahoo.com,***-***-4019,1961-**-**,[MASKED ADDRESS],175000-199999,inactive,2022-**-**
3531,A***,A***,a***@yahoo.com,***-***-2940,1964-**-**,[MASKED ADDRESS],50000-74999,inactive,2021-**-**
3532,R***,B***,r***@yahoo.com,***-***-7104,1963-**-**,[MASKED ADDRESS],225000-249999,inactive,2024-**-**
3533,N***,C***,n***@yahoo.com,***-***-3200,1946-**-**,[MASKED ADDRESS],175000-199999,suspended,2021-**-**
3534,C***,C***,c***@hotmail.com,***-***-2698,1994-**-**,[MASKED ADDRESS],25000-49999,inactive,2025-**-**
3535,T***,C***,t***@gmail.com,***-***-9051,1966-**-**,[MASKED ADDRESS],175000-199999,inactive,2025-**-**
3536,B***,B***,b***@gmail.com,***-***-7361,2001-**-**,[MASKED ADDRESS],225000-249999,active,2020-**-**
3537,T***,H***,t***@gmail.com,***-***-8775,2001-**-**,[MASKED ADDRESS],125000-149999,inactive,2020-**-**
3538,B***,D***,b***@yahoo.com,***-***-3094,2008-**-**,[MASKED ADDRESS],50000-74999,active,2021-**-**
3539,A***,H***,a***@hotmail.com,***-***-6871,1979-**-**,[MASKED ADDRESS],100000-124999,active,2024-**-**
3540,C***,J***,c***@gmail.com,***-***-7693,1945-**-**,[MASKED ADDRESS],175000-199999,active,2023-**-**
3541,K***,F***,k***@yahoo.com,***-***-2817,2000-**-**,[MASKED ADDRESS],200000-224999,active,2021-**-**
3544,M***,H***,m***@yahoo.com,***-***-1787,1948-**-**,[MASKED ADDRESS],100000-124999,inactive,2022-**-**
3546,A***,H***,a***@yahoo.com,***-***-4810,1998-**-**,[MASKED ADDRESS],125000-149999,inactive,2025-**-**
3547,D***,R***,d***@yahoo.com,***-***-6752,2002-**-**,[MASKED ADDRESS],0-24999,inactive,2022-**-**
3548,J***,R***,j***@gmail.com,***-***-7019,1982-**-**,[MASKED ADDRESS],75000-99999,inactive,2023-**-**
3549,E***,M***,e***@hotmail.com,***-***-4224,1970-**-**,[MASKED ADDRESS],200000-224999,active,2022-**-**
3550,B***,A***,b***@yahoo.com,***-***-3525,1975-**-**,[MASKED ADDRESS],225000-249999,inactive,2025-**-**
3552,R***,S***,r***@yahoo.com,***-***-7589,1983-**-**,[MASKED ADDRESS],175000-199999,active,2025-**-**
3555,R***,W***,r***@gmail.com,***-***-1206,1975-**-**,[MASKED ADDRESS],150000-174999,active,2021-**-**
3556,A***,M***,a***@hotmail.com,***-***-1266,2003-**-**,[MASKED ADDRESS],200000-224999,inactive,2025-**-**
3559,J***,B***,j***@hotmail.com,***-***-6423,1972-**-**,[MASKED ADDRESS],200000-224999,active,2023-**-**
3560,W***,K***,w***@yahoo.com,***-***-8695,1993-**-**,[MASKED ADDRESS],125000-149999,suspended,2026-**-**
3561,S***,M***,s***@yahoo.com,***-***-9276,1959-**-**,[MASKED ADDRESS],50000-74999,active,2022-**-**
3562,J***,L***,j***@yahoo.com,***-***-5568,2003-**-**,[MASKED ADDRESS],50000-74999,suspended,2021-**-**
3563,M***,S***,m***@gmail.com,***-***-8004,2001-**-**,[MASKED ADDRESS],25000-49999,suspended,2022-**-**
3566,C***,C***,c***@hotmail.com,***-***-2628,1979-**-**,[MASKED ADDRESS],50000-74999,inactive,2023-**-**
3569,B***,M***,b***@gmail.com,***-***-1998,1980-**-**,[MASKED ADDRESS],75000-99999,inactive,2020-**-**
3573,C***,D***,c***@hotmail.com,***-***-8881,2006-**-**,[MASKED ADDRESS],200000-224999,suspended,2023-**-**
3575,A***,J***,a***@hotmail.com,***-***-2846,1972-**-**,[MASKED ADDRESS],225000-249999,suspended,2020-**-**
3576,H***,Y***,h***@gmail.com,***-***-7420,1984-**-**,[MASKED ADDRESS],200000-224999,active,2020-**-**
3578,R***,S***,r***@gmail.com,***-***-7810,1969-**-**,[MASKED ADDRESS],50000-74999,active,2020-**-**
3579,A***,B***,a***@hotmail.com,***-***-4768,1980-**-**,[MASKED ADDRESS],50000-74999,active,2025-**-**
3580,A***,W***,a***@hotmail.com,***-***-9970,1998-**-**,[MASKED ADDRESS],100000-124999,inactive,2026-**-**
3582,B***,W***,b***@gmail.com,***-***-8878,1970-**-**,[MASKED ADDRESS],175000-199999,active,2019-**-**
3583,J***,G***,j***@yahoo.com,***-***-1206,2002-**-**,[MASKED ADDRESS],50000-74999,inactive,2026-**-**
3584,R***,C***,r***@yahoo.com,***-***-4854,1968-**-**,[MASKED ADDRESS],200000-224999,inactive,2025-**-**
3585,J***,E***,j***@yahoo.com,***-***-2393,1976-**-**,[MASKED ADDRESS],125000-149999,active,2023-**-**
3586,G***,L***,g***@yahoo.com,***-***-3265,1949-**-**,[MASKED ADDRESS],50000-74999,inactive,2021-**-**
3587,M***,M***,m***@hotmail.com,***-***-2600,1980-**-**,[MASKED ADDRESS],25000-49999,active,2022-**-**
3588,S***,D***,s***@yahoo.com,***-***-7623,1977-**-**,[MASKED ADDRESS],200000-224999,active,2026-**-**
3589,J***,L***,j***@gmail.com,***-***-7212,2004-**-**,[MASKED ADDRESS],100000-124999,active,2022-**-**
3590,F***,J***,f***@gmail.com,***-***-1754,1954-**-**,[MASKED ADDRESS],100000-124999,suspended,2022-**-**
3591,T***,G***,t***@hotmail.com,***-***-1943,2004-**-**,[MASKED ADDRESS],25000-49999,suspended,2022-**-**
3592,K***,T***,k***@gmail.com,***-***-2417,1959-**-**,[MASKED ADDRESS],175000-199999,suspended,2022-**-**
3594,J***,R***,j***@hotmail.com,***-***-6521,1960-**-**,[MASKED ADDRESS],175000-199999,inactive,2022-**-**
3596,J***,H***,j***@hotmail.com,***-***-9982,1974-**-**,[MASKED ADDRESS],50000-74999,suspended,2024-**-**
3597,D***,S***,d***@yahoo.com,***-***-7639,1984-**-**,[MASKED ADDRESS],50000-74999,suspended,2025-**-**
3598,P***,K***,p***@gmail.com,***-***-4835,1982-**-**,[MASKED ADDRESS],125000-149999,suspended,2021-**-**
3600,L***,R***,l***@hotmail.com,***-***-6965,1981-**-**,[MASKED ADDRESS],0-24999,suspended,2021-**-**
3601,C***,Z***,c***@hotmail.com,***-***-8430,1962-**-**,[MASKED ADDRESS],200000-224999,suspended,2021-**-**
3602,L***,O***,l***@yahoo.com,***-***-4878,1981-**-**,[MASKED ADDRESS],25000-49999,active,2021-**-**
3604,D***,K***,d***@gmail.com,***-***-1513,1965-**-**,[MASKED ADDRESS],100000-124999,inactive,2020-**-**
3605,D***,P***,d***@gmail.com,***-***-7038,1953-**-**,[MASKED ADDRESS],225000-249999,active,2025-**-**
3607,S***,S***,s***@hotmail.com,***-***-5764,1965-**-**,[MASKED ADDRESS],150000-174999,suspended,2021-**-**
3608,B***,W***,b***@hotmail.com,***-***-7309,1991-**-**,[MASKED ADDRESS],150000-174999,active,2025-**-**
3609,S***,W***,s***@hotmail.com,***-***-3370,1946-**-**,[MASKED ADDRESS],75000-99999,inactive,2025-**-**
3610,S***,M***,s***@gmail.com,***-***-8139,2006-**-**,[MASKED ADDRESS],75000-99999,active,2020-**-**
3617,R***,W***,r***@yahoo.com,***-***-4597,1978-**-**,[MASKED ADDRESS],200000-224999,inactive,2025-**-**
3619,D***,H***,d***@gmail.com,***-***-2595,1944-**-**,[MASKED ADDRESS],50000-74999,active,2023-**-**
3620,A***,T***,a***@gmail.com,***-***-5587,1957-**-**,[MASKED ADDRESS],0-24999,active,2019-**-**
3622,A***,Y***,a***@hotmail.com,***-***-4938,1981-**-**,[MASKED ADDRESS],25000-49999,inactive,2023-**-**
3623,J***,G***,j***@yahoo.com,***-***-7113,1980-**-**,[MASKED ADDRESS],0-24999,active,2025-**-**
3624,J***,W***,j***@hotmail.com,***-***-1966,1957-**-**,[MASKED ADDRESS],25000-49999,inactive,2026-**-**
3628,D***,H***,d***@yahoo.com,***-***-4600,1995-**-**,[MASKED ADDRESS],25000-49999,inactive,2024-**-**
3629,S***,L***,s***@hotmail.com,***-***-1240,1988-**-**,[MASKED ADDRESS],0-24999,inactive,2020-**-**
3630,M***,W***,m***@gmail.com,***-***-2419,1977-**-**,[MASKED ADDRESS],200000-224999,suspended,2023-**-**
3631,T***,T***,t***@hotmail.com,***-***-6361,1981-**-**,[MASKED ADDRESS],150000-174999,active,2023-**-**
3636,B***,R***,b***@yahoo.com,***-***-2354,2007-**-**,[MASKED ADDRESS],50000-74999,suspended,2024-**-**
3638,B***,R***,b***@gmail.com,***-***-7607,1954-**-**,[MASKED ADDRESS],50000-74999,active,2020-**-**
3639,L***,T***,l***@hotmail.com,***-***-4495,1939-**-**,[MASKED ADDRESS],225000-249999,suspended,2025-**-**
3642,A***,P***,a***@hotmail.com,***-***-8033,1938-**-**,[MASKED ADDRESS],100000-124999,suspended,2020-**-**
3643,A***,P***,a***@gmail.com,***-***-5118,1965-**-**,[MASKED ADDRESS],200000-224999,suspended,2020-**-**
3644,H***,H***,h***@hotmail.com,***-***-5974,1975-**-**,[MASKED ADDRESS],225000-249999,inactive,2021-**-**
3645,G***,W***,g***@hotmail.com,***-***-5881,1995-**-**,[MASKED ADDRESS],100000-124999,active,2024-**-**
3647,B***,C***,b***@gmail.com,***-***-1490,1970-**-**,[MASKED ADDRESS],75000-99999,suspended,2023-**-**
3648,D***,J***,d***@gmail.com,***-***-6967,2004-**-**,[MASKED ADDRESS],225000-249999,active,2022-**-**
3649,B***,W***,b***@hotmail.com,***-***-1159,1959-**-**,[MASKED ADDRESS],125000-149999,suspended,2024-**-**
3650,S***,W***,s***@gmail.com,***-***-2755,1950-**-**,[MASKED ADDRESS],25000-49999,suspended,2022-**-**
3651,K***,H***,k***@gmail.com,***-***-4660,1956-**-**,[MASKED ADDRESS],200000-224999,active,2023-**-**
3652,S***,R***,s***@hotmail.com,***-***-6033,1983-**-**,[MASKED ADDRESS],225000-249999,active,2025-**-**
3653,R***,P***,r***@gmail.com,***-***-3331,1943-**-**,[MASKED ADDRESS],75000-99999,inactive,2019-**-**
3654,K***,L***,k***@gmail.com,***-***-1884,1983-**-**,[MASKED ADDRESS],150000-174999,active,2021-**-**
3655,L***,A***,l***@hotmail.com,***-***-7653,1970-**-**,[MASKED ADDRESS],175000-199999,inactive,2024-**-**
3657,E***,W***,e***@hotmail.com,***-***-3985,1962-**-**,[MASKED ADDRESS],100000-124999,inactive,2025-**-**
3658,C***,M***,c***@hotmail.com,***-***-1173,1950-**-**,[MASKED ADDRESS],50000-74999,inactive,2020-**-**
3660,M***,P***,m***@yahoo.com,***-***-5253,1945-**-**,[MASKED ADDRESS],100000-124999,suspended,2024-**-**
3662,K***,B***,k***@yahoo.com,***-***-4133,1992-**-**,[MASKED ADDRESS],200000-224999,inactive,2025-**-**
3664,J***,L***,j***@yahoo.com,***-***-4778,1972-**-**,[MASKED ADDRESS],150000-174999,active,2022-**-**
3666,V***,M***,v***@gmail.com,***-***-1199,1945-**-**,[MASKED ADDRESS],50000-74999,suspended,2024-**-**
3668,M***,H***,m***@gmail.com,***-***-7348,1986-**-**,[MASKED ADDRESS],150000-174999,inactive,2024-**-**
3670,S***,W***,s***@hotmail.com,***-***-3855,1993-**-**,[MASKED ADDRESS],225000-249999,inactive,2024-**-**
3671,S***,D***,s***@gmail.com,***-***-9135,1943-**-**,[MASKED ADDRESS],200000-224999,suspended,2022-**-**
3672,R***,R***,r***@yahoo.com,***-***-1748,1990-**-**,[MASKED ADDRESS],75000-99999,active,2020-**-**
3674,S***,Z***,s***@hotmail.com,***-***-7517,1972-**-**,[MASKED ADDRESS],125000-149999,suspended,2026-**-**
3675,M***,H***,m***@gmail.com,***-***-7338,1997-**-**,[MASKED ADDRESS],175000-199999,inactive,2026-**-**
3676,C***,M***,c***@yahoo.com,***-***-4958,1980-**-**,[MASKED ADDRESS],225000-249999,suspended,2023-**-**
3677,J***,H***,j***@yahoo.com,***-***-3053,1976-**-**,[MASKED ADDRESS],175000-199999,active,2023-**-**
3678,L***,P***,l***@hotmail.com,***-***-6025,2005-**-**,[MASKED ADDRESS],125000-149999,inactive,2024-**-**
3679,T***,P***,t***@yahoo.com,***-***-7432,1944-**-**,[MASKED ADDRESS],125000-149999,inactive,2024-**-**
3680,C***,Y***,c***@yahoo.com,***-***-1131,1997-**-**,[MASKED ADDRESS],50000-74999,suspended,2024-**-**
3683,R***,C***,r***@gmail.com,***-***-4010,1952-**-**,[MASKED ADDRESS],125000-149999,suspended,2021-**-**
3684,T***,G***,t***@hotmail.com,***-***-3448,1971-**-**,[MASKED ADDRESS],50000-74999,active,2024-**-**
3686,C***,G***,c***@yahoo.com,***-***-7910,1996-**-**,[MASKED ADDRESS],200000-224999,active,2020-**-**
3687,K***,M***,k***@yahoo.com,***-***-9863,1950-**-**,[MASKED ADDRESS],125000-149999,inactive,2022-**-**
3688,T***,L***,t***@hotmail.com,***-***-1228,1974-**-**,[MASKED ADDRESS],50000-74999,active,2020-**-**
3690,T***,P***,t***@yahoo.com,***-***-6480,1959-**-**,[MASKED ADDRESS],225000-249999,inactive,2019-**-**
3691,K***,M***,k***@gmail.com,***-***-9897,1979-**-**,[MASKED ADDRESS],100000-124999,suspended,2022-**-**
3694,T***,G***,t***@yahoo.com,***-***-8496,1956-**-**,[MASKED ADDRESS],100000-124999,suspended,2026-**-**
3695,T***,C***,t***@hotmail.com,***-***-8568,1970-**-**,[MASKED ADDRESS],225000-249999,active,2024-**-**
3696,D***,H***,d***@yahoo.com,***-***-3568,1946-**-**,[MASKED ADDRESS],25000-49999,inactive,2019-**-**
3697,Z***,R***,z***@gmail.com,***-***-1100,1959-**-**,[MASKED ADDRESS],50000-74999,inactive,2024-**-**
3698,J***,F***,j***@yahoo.com,***-***-3800,2003-**-**,[MASKED ADDRESS],25000-49999,suspended,2024-**-**
3699,A***,F***,a***@hotmail.com,***-***-9009,1981-**-**,[MASKED ADDRESS],175000-199999,suspended,2025-**-**
3700,D***,C***,d***@hotmail.com,***-***-8106,1959-**-**,[MASKED ADDRESS],25000-49999,active,2022-**-**
3701,V***,C***,v***@yahoo.com,***-***-9774,1980-**-**,[MASKED ADDRESS],100000-124999,suspended,2021-**-**
3705,J***,R***,j***@yahoo.com,***-***-4538,1973-**-**,[MASKED ADDRESS],25000-49999,inactive,2020-**-**
3707,R***,B***,r***@hotmail.com,***-***-1912,1967-**-**,[MASKED ADDRESS],150000-174999,suspended,2023-**-**
3708,M***,W***,m***@yahoo.com,***-***-8811,1997-**-**,[MASKED ADDRESS],50000-74999,active,2025-**-**
3709,T***,W***,t***@gmail.com,***-***-5825,2000-**-**,[MASKED ADDRESS],125000-149999,suspended,2024-**-**
3712,S***,M***,s***@gmail.com,***-***-2797,1991-**-**,[MASKED ADDRESS],25000-49999,inactive,2025-**-**
3713,T***,R***,t***@yahoo.com,***-***-4215,1987-**-**,[MASKED ADDRESS],150000-174999,suspended,2020-**-**
3714,S***,F***,s***@gmail.com,***-***-1213,1945-**-**,[MASKED ADDRESS],25000-49999,suspended,2025-**-**
3715,L***,M***,l***@yahoo.com,***-***-3445,1978-**-**,[MASKED ADDRESS],50000-74999,active,2024-**-**
3716,B***,F***,b***@gmail.com,***-***-5701,2008-**-**,[MASKED ADDRESS],75000-99999,active,2025-**-**
3717,J***,R***,j***@gmail.com,***-***-4177,1976-**-**,[MASKED ADDRESS],25000-49999,active,2025-**-**
3718,I***,M***,i***@yahoo.com,***-***-8669,1971-**-**,[MASKED ADDRESS],200000-224999,inactive,2021-**-**
3719,J***,W***,j***@hotmail.com,***-***-1047,1949-**-**,[MASKED ADDRESS],150000-174999,active,2023-**-**
3720,A***,B***,a***@yahoo.com,***-***-4781,1994-**-**,[MASKED ADDRESS],225000-249999,inactive,2022-**-**
3722,N***,W***,n***@gmail.com,***-***-3163,1978-**-**,[MASKED ADDRESS],175000-199999,suspended,2019-**-**
3723,R***,R***,r***@hotmail.com,***-***-2468,1964-**-**,[MASKED ADDRESS],100000-124999,suspended,2026-**-**
3724,C***,W***,c***@hotmail.com,***-***-7195,1982-**-**,[MASKED ADDRESS],200000-224999,active,2025-**-**
3725,M***,H***,m***@gmail.com,***-***-9698,1953-**-**,[MASKED ADDRESS],50000-74999,active,2024-**-**
3726,C***,J***,c***@hotmail.com,***-***-9867,1994-**-**,[MASKED ADDRESS],200000-224999,active,2023-**-**
3727,D***,M***,d***@yahoo.com,***-***-3657,2001-**-**,[MASKED ADDRESS],50000-74999,active,2019-**-**
3728,K***,W***,k***@yahoo.com,***-***-8976,2006-**-**,[MASKED ADDRESS],0-24999,active,2024-**-**
3730,R***,H***,r***@gmail.com,***-***-6888,2001-**-**,[MASKED ADDRESS],100000-124999,suspended,2022-**-**
3731,D***,M***,d***@hotmail.com,***-***-9390,1985-**-**,[MASKED ADDRESS],175000-199999,inactive,2022-**-**
3732,V***,P***,v***@gmail.com,***-***-5701,1970-**-**,[MASKED ADDRESS],175000-199999,inactive,2022-**-**
3733,S***,R***,s***@hotmail.com,***-***-8224,1986-**-**,[MASKED ADDRESS],225000-249999,inactive,2023-**-**
3734,J***,W***,j***@gmail.com,***-***-4089,1948-**-**,[MASKED ADDRESS],175000-199999,suspended,2024-**-**
3735,W***,P***,w***@hotmail.com,***-***-5952,1974-**-**,[MASKED ADDRESS],150000-174999,inactive,2022-**-**
3736,S***,K***,s***@yahoo.com,***-***-3121,1946-**-**,[MASKED ADDRESS],200000-224999,inactive,2024-**-**
3738,J***,H***,j***@yahoo.com,***-***-3251,1973-**-**,[MASKED ADDRESS],200000-224999,suspended,2023-**-**
3739,S***,W***,s***@hotmail.com,***-***-6252,1979-**-**,[MASKED ADDRESS],75000-99999,active,2022-**-**
3740,C***,M***,c***@gmail.com,***-***-9408,1992-**-**,[MASKED ADDRESS],150000-174999,active,2025-**-**
3741,S***,G***,s***@yahoo.com,***-***-2607,1981-**-**,[MASKED ADDRESS],175000-199999,inactive,2020-**-**
3742,A***,J***,a***@gmail.com,***-***-6097,1963-**-**,[MASKED ADDRESS],200000-224999,suspended,2025-**-**
3744,D***,S***,d***@gmail.com,***-***-3195,1998-**-**,[MASKED ADDRESS],175000-199999,inactive,2020-**-**
3745,C***,M***,c***@gmail.com,***-***-1943,1993-**-**,[MASKED ADDRESS],75000-99999,active,2021-**-**
3746,B***,M***,b***@hotmail.com,***-***-4314,1980-**-**,[MASKED ADDRESS],225000-249999,active,2024-**-**
3747,C***,M***,c***@gmail.com,***-***-6993,1976-**-**,[MASKED ADDRESS],200000-224999,suspended,2023-**-**
3748,E***,B***,e***@gmail.com,***-***-7125,2003-**-**,[MASKED ADDRESS],225000-249999,inactive,2021-**-**
3749,D***,C***,d***@gmail.com,***-***-7396,1943-**-**,[MASKED ADDRESS],200000-224999,suspended,2022-**-**
3750,K***,S***,k***@yahoo.com,***-***-9497,1993-**-**,[MASKED ADDRESS],100000-124999,active,2023-**-**
3751,G***,M***,g***@yahoo.com,***-***-6496,1954-**-**,[MASKED ADDRESS],225000-249999,inactive,2023-**-**
3754,J***,W***,j***@yahoo.com,***-***-3072,1965-**-**,[MASKED ADDRESS],25000-49999,inactive,2021-**-**
3755,J***,P***,j***@gmail.com,***-***-9773,1945-**-**,[MASKED ADDRESS],150000-174999,active,2023-**-**
3756,C***,R***,c***@yahoo.com,***-***-5299,1960-**-**,[MASKED ADDRESS],125000-149999,inactive,2020-**-**
3757,C***,H***,c***@gmail.com,***-***-3336,1955-**-**,[MASKED ADDRESS],75000-99999,inactive,2024-**-**
3758,T***,A***,t***@hotmail.com,***-***-5949,1952-**-**,[MASKED ADDRESS],200000-224999,active,2020-**-**
3759,M***,G***,m***@hotmail.com,***-***-8425,1975-**-**,[MASKED ADDRESS],200000-224999,inactive,2025-**-**
3761,L***,M***,l***@gmail.com,***-***-3719,2000-**-**,[MASKED ADDRESS],150000-174999,suspended,2025-**-**
3762,A***,B***,a***@gmail.com,***-***-7806,1969-**-**,[MASKED ADDRESS],175000-199999,inactive,2024-**-**
3763,B***,C***,b***@gmail.com,***-***-1914,1983-**-**,[MASKED ADDRESS],100000-124999,inactive,2023-**-**
3764,D***,L***,d***@yahoo.com,***-***-2137,1985-**-**,[MASKED ADDRESS],50000-74999,suspended,2024-**-**
3766,J***,L***,j***@hotmail.com,***-***-1711,1958-**-**,[MASKED ADDRESS],25000-49999,suspended,2022-**-**
3767,R***,T***,r***@hotmail.com,***-***-3944,2004-**-**,[MASKED ADDRESS],75000-99999,active,2020-**-**
3769,M***,B***,m***@hotmail.com,***-***-9160,1961-**-**,[MASKED ADDRESS],25000-49999,inactive,2021-**-**
3770,E***,T***,e***@gmail.com,***-***-1414,1985-**-**,[MASKED ADDRESS],150000-174999,inactive,2024-**-**
3771,S***,C***,s***@yahoo.com,***-***-4646,1962-**-**,[MASKED ADDRESS],200000-224999,inactive,2022-**-**
3773,J***,R***,j***@hotmail.com,***-***-8668,1970-**-**,[MASKED ADDRESS],50000-74999,inactive,2022-**-**
3774,S***,V***,s***@gmail.com,***-***-6850,1979-**-**,[MASKED ADDRESS],175000-199999,inactive,2025-**-**
3776,A***,N***,a***@hotmail.com,***-***-3490,1943-**-**,[MASKED ADDRESS],125000-149999,suspended,2026-**-**
3777,M***,S***,m***@yahoo.com,***-***-2076,1953-**-**,[MASKED ADDRESS],75000-99999,inactive,2024-**-**
3780,T***,T***,t***@gmail.com,***-***-8992,1949-**-**,[MASKED ADDRESS],125000-149999,active,2022-**-**
3782,D***,B***,d***@hotmail.com,***-***-9488,1951-**-**,[MASKED ADDRESS],175000-199999,active,2022-**-**
3783,N***,J***,n***@hotmail.com,***-***-4055,1972-**-**,[MASKED ADDRESS],125000-149999,suspended,2026-**-**
3784,D***,D***,d***@hotmail.com,***-***-1551,1939-**-**,[MASKED ADDRESS],175000-199999,suspended,2021-**-**
3786,L***,F***,l***@yahoo.com,***-***-4173,1976-**-**,[MASKED ADDRESS],50000-74999,suspended,2024-**-**
3787,D***,K***,d***@hotmail.com,***-***-3302,1947-**-**,[MASKED ADDRESS],0-24999,inactive,2024-**-**
3789,D***,F***,d***@hotmail.com,***-***-7993,2000-**-**,[MASKED ADDRESS],25000-49999,inactive,2025-**-**
3791,A***,H***,a***@gmail.com,***-***-4070,1961-**-**,[MASKED ADDRESS],100000-124999,inactive,2021-**-**
3792,B***,H***,b***@hotmail.com,***-***-3595,1973-**-**,[MASKED ADDRESS],200000-224999,active,2025-**-**
3793,M***,C***,m***@yahoo.com,***-***-1231,1973-**-**,[MASKED ADDRESS],125000-149999,active,2022-**-**
3794,H***,K***,h***@hotmail.com,***-***-4641,1951-**-**,[MASKED ADDRESS],200000-224999,suspended,2022-**-**
3795,J***,S***,j***@gmail.com,***-***-2468,1938-**-**,[MASKED ADDRESS],225000-249999,inactive,2020-**-**
3796,C***,T***,c***@gmail.com,***-***-6291,1967-**-**,[MASKED ADDRESS],125000-149999,inactive,2021-**-**
3797,D***,R***,d***@hotmail.com,***-***-6313,1961-**-**,[MASKED ADDRESS],100000-124999,inactive,2022-**-**
3798,A***,B***,a***@hotmail.com,***-***-5963,2005-**-**,[MASKED ADDRESS],225000-249999,inactive,2025-**-**
3801,A***,W***,a***@yahoo.com,***-***-4016,1943-**-**,[MASKED ADDRESS],50000-74999,inactive,2020-**-**
3803,C***,S***,c***@gmail.com,***-***-1807,1975-**-**,[MASKED ADDRESS],200000-224999,active,2022-**-**
3804,J***,M***,j***@gmail.com,***-***-2879,1992-**-**,[MASKED ADDRESS],125000-149999,inactive,2021-**-**
3805,M***,G***,m***@gmail.com,***-***-5518,2003-**-**,[MASKED ADDRESS],25000-49999,active,2022-**-**
3806,J***,H***,j***@gmail.com,***-***-6165,1938-**-**,[MASKED ADDRESS],50000-74999,suspended,2026-**-**
3807,D***,H***,d***@hotmail.com,***-***-6307,1999-**-**,[MASKED ADDRESS],50000-74999,suspended,2023-**-**
3808,M***,J***,m***@gmail.com,***-***-3622,1959-**-**,[MASKED ADDRESS],50000-74999,suspended,2025-**-**
3809,S***,A***,s***@gmail.com,***-***-7542,1962-**-**,[MASKED ADDRESS],50000-74999,suspended,2026-**-**
3810,S***,M***,s***@yahoo.com,***-***-7326,1972-**-**,[MASKED ADDRESS],25000-49999,suspended,2021-**-**
3811,S***,P***,s***@yahoo.com,***-***-6923,1982-**-**,[MASKED ADDRESS],75000-99999,suspended,2023-**-**
3812,B***,G***,b***@yahoo.com,***-***-3444,1970-**-**,[MASKED ADDRESS],75000-99999,inactive,2025-**-**
3813,M***,M***,m***@gmail.com,***-***-6606,1956-**-**,[MASKED ADDRESS],75000-99999,inactive,2023-**-**
3814,A***,S***,a***@yahoo.com,***-***-2496,1972-**-**,[MASKED ADDRESS],125000-149999,inactive,2026-**-**
3815,K***,T***,k***@yahoo.com,***-***-6259,1973-**-**,[MASKED ADDRESS],100000-124999,inactive,2020-**-**
3816,J***,G***,j***@yahoo.com,***-***-8817,1975-**-**,[MASKED ADDRESS],175000-199999,active,2022-**-**
3817,B***,W***,b***@yahoo.com,***-***-8120,1951-**-**,[MASKED ADDRESS],225000-249999,suspended,2026-**-**
3820,J***,B***,j***@gmail.com,***-***-8045,1940-**-**,[MASKED ADDRESS],200000-224999,suspended,2023-**-**
3821,R***,H***,r***@yahoo.com,***-***-5002,2005-**-**,[MASKED ADDRESS],100000-124999,suspended,2022-**-**
3824,C***,F***,c***@gmail.com,***-***-1463,1968-**-**,[MASKED ADDRESS],100000-124999,inactive,2022-**-**
3825,D***,B***,d***@gmail.com,***-***-8784,2003-**-**,[MASKED ADDRESS],150000-174999,inactive,2020-**-**
3826,M***,B***,m***@hotmail.com,***-***-4407,1969-**-**,[MASKED ADDRESS],225000-249999,suspended,2022-**-**
3827,W***,C***,w***@hotmail.com,***-***-2258,1943-**-**,[MASKED ADDRESS],50000-74999,suspended,2020-**-**
3831,B***,O***,b***@gmail.com,***-***-8967,1969-**-**,[MASKED ADDRESS],175000-199999,inactive,2026-**-**
3832,L***,J***,l***@gmail.com,***-***-8472,1993-**-**,[MASKED ADDRESS],175000-199999,active,2023-**-**
3833,M***,W***,m***@hotmail.com,***-***-1818,1985-**-**,[MASKED ADDRESS],0-24999,inactive,2021-**-**
3834,N***,M***,n***@hotmail.com,***-***-6016,1992-**-**,[MASKED ADDRESS],75000-99999,suspended,2020-**-**
3836,Y***,J***,y***@hotmail.com,***-***-7877,1959-**-**,[MASKED ADDRESS],175000-199999,inactive,2021-**-**
3837,P***,L***,p***@yahoo.com,***-***-1553,1964-**-**,[MASKED ADDRESS],75000-99999,inactive,2022-**-**
3838,A***,S***,a***@gmail.com,***-***-5002,1968-**-**,[MASKED ADDRESS],75000-99999,suspended,2026-**-**
3839,R***,S***,r***@hotmail.com,***-***-1616,1991-**-**,[MASKED ADDRESS],125000-149999,inactive,2024-**-**
3840,C***,J***,c***@hotmail.com,***-***-4055,1966-**-**,[MASKED ADDRESS],225000-249999,active,2023-**-**
3841,P***,S***,p***@gmail.com,***-***-6867,2004-**-**,[MASKED ADDRESS],25000-49999,suspended,2025-**-**
3842,M***,A***,m***@hotmail.com,***-***-4373,1938-**-**,[MASKED ADDRESS],25000-49999,inactive,2022-**-**
3844,W***,S***,w***@hotmail.com,***-***-3639,1985-**-**,[MASKED ADDRESS],100000-124999,suspended,2025-**-**
3846,D***,W***,d***@hotmail.com,***-***-6495,2005-**-**,[MASKED ADDRESS],150000-174999,inactive,2019-**-**
3847,C***,A***,c***@gmail.com,***-***-8120,1991-**-**,[MASKED ADDRESS],50000-74999,inactive,2023-**-**
3848,L***,B***,l***@yahoo.com,***-***-4627,1996-**-**,[MASKED ADDRESS],75000-99999,suspended,2023-**-**
3849,C***,C***,c***@yahoo.com,***-***-2987,1945-**-**,[MASKED ADDRESS],100000-124999,suspended,2025-**-**
3852,S***,R***,s***@hotmail.com,***-***-9615,1991-**-**,[MASKED ADDRESS],175000-199999,suspended,2022-**-**
3853,J***,R***,j***@gmail.com,***-***-4678,1976-**-**,[MASKED ADDRESS],25000-49999,inactive,2020-**-**
3854,C***,W***,c***@yahoo.com,***-***-8815,1983-**-**,[MASKED ADDRESS],175000-199999,active,2021-**-**
3856,B***,F***,b***@yahoo.com,***-***-2697,2002-**-**,[MASKED ADDRESS],225000-249999,suspended,2025-**-**
3857,M***,C***,m***@hotmail.com,***-***-7236,1978-**-**,[MASKED ADDRESS],25000-49999,inactive,2021-**-**
3858,P***,G***,p***@gmail.com,***-***-5318,1995-**-**,[MASKED ADDRESS],200000-224999,suspended,2026-**-**
3859,T***,W***,t***@yahoo.com,***-***-7763,1950-**-**,[MASKED ADDRESS],100000-124999,active,2022-**-**
3860,A***,W***,a***@yahoo.com,***-***-3058,1987-**-**,[MASKED ADDRESS],25000-49999,active,2020-**-**
3863,T***,N***,t***@hotmail.com,***-***-2747,1975-**-**,[MASKED ADDRESS],25000-49999,active,2025-**-**
3864,K***,C***,k***@gmail.com,***-***-6461,1958-**-**,[MASKED ADDRESS],200000-224999,inactive,2024-**-**
3865,M***,N***,m***@gmail.com,***-***-1104,1982-**-**,[MASKED ADDRESS],50000-74999,suspended,2020-**-**
3866,M***,H***,m***@gmail.com,***-***-8722,1978-**-**,[MASKED ADDRESS],225000-249999,suspended,2022-**-**
3868,C***,G***,c***@gmail.com,***-***-4099,1994-**-**,[MASKED ADDRESS],75000-99999,inactive,2022-**-**
3869,P***,K***,p***@hotmail.com,***-***-2386,1964-**-**,[MASKED ADDRESS],25000-49999,suspended,2022-**-**
3870,A***,C***,a***@hotmail.com,***-***-4353,1950-**-**,[MASKED ADDRESS],75000-99999,active,2020-**-**
3871,P***,S***,p***@gmail.com,***-***-3223,1990-**-**,[MASKED ADDRESS],25000-49999,active,2024-**-**
3872,B***,B***,b***@hotmail.com,***-***-5320,1997-**-**,[MASKED ADDRESS],50000-74999,inactive,2024-**-**
3873,G***,C***,g***@hotmail.com,***-***-1306,1990-**-**,[MASKED ADDRESS],75000-99999,suspended,2024-**-**
3874,A***,O***,a***@yahoo.com,***-***-7810,1971-**-**,[MASKED ADDRESS],125000-149999,suspended,2021-**-**
3875,J***,P***,j***@yahoo.com,***-***-1535,1937-**-**,[MASKED ADDRESS],125000-149999,suspended,2022-**-**
3877,E***,G***,e***@hotmail.com,***-***-1821,1964-**-**,[MASKED ADDRESS],50000-74999,suspended,2022-**-**
3878,S***,M***,s***@gmail.com,***-***-8983,1957-**-**,[MASKED ADDRESS],100000-124999,inactive,2025-**-**
3879,J***,W***,j***@hotmail.com,***-***-3051,1993-**-**,[MASKED ADDRESS],225000-249999,inactive,2025-**-**
3880,J***,S***,j***@hotmail.com,***-***-3542,1970-**-**,[MASKED ADDRESS],50000-74999,inactive,2024-**-**
3881,T***,S***,t***@yahoo.com,***-***-5592,1982-**-**,[MASKED ADDRESS],100000-124999,inactive,2026-**-**
3882,J***,C***,j***@gmail.com,***-***-6517,1949-**-**,[MASKED ADDRESS],175000-199999,active,2024-**-**
3883,B***,L***,b***@gmail.com,***-***-9524,1991-**-**,[MASKED ADDRESS],225000-249999,suspended,2024-**-**
3884,E***,L***,e***@hotmail.com,***-***-1266,1948-**-**,[MASKED ADDRESS],25000-49999,inactive,2024-**-**
3885,L***,S***,l***@gmail.com,***-***-4349,2004-**-**,[MASKED ADDRESS],200000-224999,active,2020-**-**
3888,C***,B***,c***@hotmail.com,***-***-8168,1976-**-**,[MASKED ADDRESS],200000-224999,active,2021-**-**
3889,S***,C***,s***@yahoo.com,***-***-3343,1969-**-**,[MASKED ADDRESS],175000-199999,inactive,2021-**-**
3890,J***,M***,j***@yahoo.com,***-***-7704,1972-**-**,[MASKED ADDRESS],75000-99999,inactive,2023-**-**
3891,C***,H***,c***@hotmail.com,***-***-3835,1971-**-**,[MASKED ADDRESS],200000-224999,suspended,2024-**-**
3892,J***,B***,j***@gmail.com,***-***-5232,1968-**-**,[MASKED ADDRESS],175000-199999,active,2020-**-**
3893,C***,B***,c***@yahoo.com,***-***-5437,1947-**-**,[MASKED ADDRESS],175000-199999,active,2024-**-**
3894,M***,A***,m***@hotmail.com,***-***-5849,1999-**-**,[MASKED ADDRESS],100000-124999,suspended,2026-**-**
3895,J***,D***,j***@hotmail.com,***-***-4463,1976-**-**,[MASKED ADDRESS],225000-249999,suspended,2026-**-**
3896,B***,N***,b***@gmail.com,***-***-7116,1989-**-**,[MASKED ADDRESS],25000-49999,suspended,2025-**-**
3899,A***,M***,a***@yahoo.com,***-***-3996,1990-**-**,[MASKED ADDRESS],200000-224999,active,2022-**-**
3900,M***,L***,m***@yahoo.com,***-***-9873,1980-**-**,[MASKED ADDRESS],50000-74999,inactive,2022-**-**
3901,E***,G***,e***@yahoo.com,***-***-3430,1938-**-**,[MASKED ADDRESS],75000-99999,active,2024-**-**
3903,K***,H***,k***@yahoo.com,***-***-9745,2003-**-**,[MASKED ADDRESS],75000-99999,inactive,2022-**-**
3905,E***,H***,e***@yahoo.com,***-***-8395,2005-**-**,[MASKED ADDRESS],125000-149999,active,2023-**-**
3907,J***,S***,j***@hotmail.com,***-***-9413,1992-**-**,[MASKED ADDRESS],25000-49999,suspended,2025-**-**
3909,A***,A***,a***@gmail.com,***-***-2211,1951-**-**,[MASKED ADDRESS],100000-124999,active,2019-**-**
3912,M***,H***,m***@yahoo.com,***-***-6815,1973-**-**,[MASKED ADDRESS],50000-74999,inactive,2019-**-**
3913,D***,H***,d***@gmail.com,***-***-3828,1955-**-**,[MASKED ADDRESS],50000-74999,inactive,2025-**-**
3914,S***,P***,s***@hotmail.com,***-***-5092,1987-**-**,[MASKED ADDRESS],50000-74999,inactive,2022-**-**
3915,A***,D***,a***@yahoo.com,***-***-6909,1976-**-**,[MASKED ADDRESS],200000-224999,active,2024-**-**
3916,A***,P***,a***@gmail.com,***-***-3886,1982-**-**,[MASKED ADDRESS],100000-124999,inactive,2025-**-**
3918,J***,M***,j***@hotmail.com,***-***-1024,1958-**-**,[MASKED ADDRESS],150000-174999,active,2024-**-**
3919,D***,P***,d***@gmail.com,***-***-5948,1958-**-**,[MASKED ADDRESS],100000-124999,active,2024-**-**
3920,L***,P***,l***@yahoo.com,***-***-9177,1996-**-**,[MASKED ADDRESS],125000-149999,suspended,2023-**-**
3921,D***,J***,d***@hotmail.com,***-***-8612,1990-**-**,[MASKED ADDRESS],0-24999,active,2022-**-**
3925,J***,O***,j***@yahoo.com,***-***-6186,1990-**-**,[MASKED ADDRESS],100000-124999,inactive,2024-**-**
3926,C***,B***,c***@yahoo.com,***-***-8768,1948-**-**,[MASKED ADDRESS],75000-99999,active,2024-**-**
3927,J***,T***,j***@gmail.com,***-***-3516,1976-**-**,[MASKED ADDRESS],0-24999,active,2024-**-**
3928,K***,C***,k***@hotmail.com,***-***-2371,1993-**-**,[MASKED ADDRESS],25000-49999,suspended,2022-**-**
3929,T***,L***,t***@hotmail.com,***-***-7043,1942-**-**,[MASKED ADDRESS],125000-149999,active,2025-**-**
3930,S***,B***,s***@gmail.com,***-***-2917,2006-**-**,[MASKED ADDRESS],25000-49999,inactive,2024-**-**
3931,A***,M***,a***@gmail.com,***-***-6205,1971-**-**,[MASKED ADDRESS],75000-99999,suspended,2024-**-**
3932,D***,T***,d***@hotmail.com,***-***-2527,1980-**-**,[MASKED ADDRESS],50000-74999,suspended,2020-**-**
3933,S***,N***,s***@hotmail.com,***-***-9448,1985-**-**,[MASKED ADDRESS],200000-224999,suspended,2024-**-**
3934,C***,B***,c***@hotmail.com,***-***-3947,1995-**-**,[MASKED ADDRESS],25000-49999,inactive,2023-**-**
3935,J***,H***,j***@gmail.com,***-***-5246,1944-**-**,[MASKED ADDRESS],150000-174999,active,2025-**-**
3936,C***,A***,c***@gmail.com,***-***-4187,1989-**-**,[MASKED ADDRESS],50000-74999,active,2020-**-**
3937,M***,H***,m***@hotmail.com,***-***-2696,1991-**-**,[MASKED ADDRESS],25000-49999,suspended,2024-**-**
3938,V***,C***,v***@hotmail.com,***-***-3572,1995-**-**,[MASKED ADDRESS],25000-49999,suspended,2020-**-**
3939,P***,S***,p***@gmail.com,***-***-2546,1955-**-**,[MASKED ADDRESS],225000-249999,active,2025-**-**
3940,M***,C***,m***@gmail.com,***-***-5850,1986-**-**,[MASKED ADDRESS],125000-149999,active,2025-**-**
3941,W***,R***,w***@hotmail.com,***-***-8134,1984-**-**,[MASKED ADDRESS],125000-149999,suspended,2022-**-**
3943,A***,M***,a***@gmail.com,***-***-5294,1992-**-**,[MASKED ADDRESS],125000-149999,active,2025-**-**
3944,B***,S***,b***@yahoo.com,***-***-2407,1991-**-**,[MASKED ADDRESS],200000-224999,suspended,2022-**-**
3945,T***,L***,t***@hotmail.com,***-***-3910,2000-**-**,[MASKED ADDRESS],125000-149999,suspended,2026-**-**
3947,A***,C***,a***@hotmail.com,***-***-7352,1977-**-**,[MASKED ADDRESS],150000-174999,inactive,2020-**-**
3950,G***,W***,g***@gmail.com,***-***-2230,1991-**-**,[MASKED ADDRESS],50000-74999,active,2021-**-**
3951,J***,O***,j***@yahoo.com,***-***-1745,1959-**-**,[MASKED ADDRESS],75000-99999,suspended,2023-**-**
3952,W***,G***,w***@gmail.com,***-***-2847,1941-**-**,[MASKED ADDRESS],75000-99999,inactive,2023-**-**
3954,C***,A***,c***@yahoo.com,***-***-7656,1983-**-**,[MASKED ADDRESS],125000-149999,suspended,2021-**-**
3956,K***,W***,k***@gmail.com,***-***-2816,1965-**-**,[MASKED ADDRESS],175000-199999,active,2020-**-**
3957,M***,A***,m***@yahoo.com,***-***-7918,1976-**-**,[MASKED ADDRESS],100000-124999,suspended,2026-**-**
3958,E***,P***,e***@yahoo.com,***-***-2022,2005-**-**,[MASKED ADDRESS],0-24999,active,2024-**-**
3959,R***,C***,r***@hotmail.com,***-***-4168,1997-**-**,[MASKED ADDRESS],125000-149999,active,2024-**-**
3961,C***,D***,c***@yahoo.com,***-***-4849,1969-**-**,[MASKED ADDRESS],125000-149999,active,2023-**-**
3962,L***,N***,l***@hotmail.com,***-***-3651,1940-**-**,[MASKED ADDRESS],200000-224999,suspended,2022-**-**
3964,J***,M***,j***@hotmail.com,***-***-3687,1997-**-**,[MASKED ADDRESS],200000-224999,inactive,2020-**-**
3965,R***,D***,r***@yahoo.com,***-***-4388,1943-**-**,[MASKED ADDRESS],200000-224999,suspended,2023-**-**
3966,N***,V***,n***@hotmail.com,***-***-4339,1944-**-**,[MASKED ADDRESS],50000-74999,inactive,2019-**-**
3967,E***,B***,e***@hotmail.com,***-***-9284,1998-**-**,[MASKED ADDRESS],75000-99999,active,2022-**-**
3968,J***,B***,j***@yahoo.com,***-***-7594,1974-**-**,[MASKED ADDRESS],50000-74999,active,2020-**-**
3969,N***,M***,n***@hotmail.com,***-***-5992,1939-**-**,[MASKED ADDRESS],225000-249999,active,2025-**-**
3970,J***,H***,j***@hotmail.com,***-***-8289,1991-**-**,[MASKED ADDRESS],150000-174999,active,2026-**-**
3971,M***,T***,m***@yahoo.com,***-***-6074,1962-**-**,[MASKED ADDRESS],25000-49999,suspended,2024-**-**
3972,M***,H***,m***@hotmail.com,***-***-6723,1972-**-**,[MASKED ADDRESS],200000-224999,inactive,2020-**-**
3974,J***,R***,j***@yahoo.com,***-***-9230,1966-**-**,[MASKED ADDRESS],100000-124999,suspended,2026-**-**
3975,A***,W***,a***@yahoo.com,***-***-7065,1978-**-**,[MASKED ADDRESS],200000-224999,active,2026-**-**
3976,A***,M***,a***@gmail.com,***-***-9563,1947-**-**,[MASKED ADDRESS],25000-49999,suspended,2026-**-**
3977,D***,R***,d***@gmail.com,***-***-2229,1982-**-**,[MASKED ADDRESS],150000-174999,inactive,2023-**-**
3979,J***,J***,j***@hotmail.com,***-***-5503,1997-**-**,[MASKED ADDRESS],125000-149999,suspended,2025-**-**
3981,C***,L***,c***@gmail.com,***-***-1272,2001-**-**,[MASKED ADDRESS],225000-249999,suspended,2024-**-**
3983,M***,M***,m***@yahoo.com,***-***-2639,2004-**-**,[MASKED ADDRESS],150000-174999,inactive,2020-**-**
3984,J***,H***,j***@gmail.com,***-***-6303,1969-**-**,[MASKED ADDRESS],100000-124999,inactive,2020-**-**
3985,J***,R***,j***@hotmail.com,***-***-3662,1952-**-**,[MASKED ADDRESS],75000-99999,active,2019-**-**
3986,K***,L***,k***@hotmail.com,***-***-8129,1939-**-**,[MASKED ADDRESS],150000-174999,active,2019-**-**
3987,J***,V***,j***@gmail.com,***-***-3236,1999-**-**,[MASKED ADDRESS],125000-149999,suspended,2021-**-**
3988,H***,S***,h***@gmail.com,***-***-8785,1948-**-**,[MASKED ADDRESS],25000-49999,suspended,2026-**-**
3991,D***,H***,d***@hotmail.com,***-***-6029,1942-**-**,[MASKED ADDRESS],150000-174999,inactive,2020-**-**
3992,E***,M***,e***@hotmail.com,***-***-8516,1957-**-**,[MASKED ADDRESS],100000-124999,active,2023-**-**
3993,J***,C***,j***@yahoo.com,***-***-9258,1984-**-**,[MASKED ADDRESS],200000-224999,active,2020-**-**
3994,C***,B***,c***@gmail.com,***-***-5734,1953-**-**,[MASKED ADDRESS],200000-224999,suspended,2022-**-**
3995,A***,R***,a***@hotmail.com,***-***-9788,2007-**-**,[MASKED ADDRESS],175000-199999,active,2022-**-**
3996,G***,R***,g***@yahoo.com,***-***-9744,1950-**-**,[MASKED ADDRESS],0-24999,inactive,2022-**-**
3998,G***,T***,g***@hotmail.com,***-***-3800,1952-**-**,[MASKED ADDRESS],25000-49999,active,2022-**-**
4001,M***,M***,m***@hotmail.com,***-***-5139,1960-**-**,[MASKED ADDRESS],75000-99999,active,2024-**-**
4002,T***,B***,t***@yahoo.com,***-***-9841,1946-**-**,[MASKED ADDRESS],125000-149999,active,2024-**-**
4003,J***,B***,j***@hotmail.com,***-***-1356,2004-**-**,[MASKED ADDRESS],150000-174999,suspended,2026-**-**
4004,J***,N***,j***@gmail.com,***-***-8761,1969-**-**,[MASKED ADDRESS],75000-99999,suspended,2020-**-**
4007,D***,R***,d***@yahoo.com,***-***-6651,1994-**-**,[MASKED ADDRESS],175000-199999,suspended,2026-**-**
4008,R***,G***,r***@yahoo.com,***-***-6830,1970-**-**,[MASKED ADDRESS],150000-174999,active,2022-**-**
4009,C***,D***,c***@hotmail.com,***-***-2590,1986-**-**,[MASKED ADDRESS],125000-149999,suspended,2022-**-**
4010,B***,P***,b***@yahoo.com,***-***-6794,1949-**-**,[MASKED ADDRESS],100000-124999,suspended,2024-**-**
4011,J***,P***,j***@gmail.com,***-***-8861,1987-**-**,[MASKED ADDRESS],200000-224999,active,2026-**-**
4013,M***,B***,m***@hotmail.com,***-***-4343,1986-**-**,[MASKED ADDRESS],100000-124999,suspended,2026-**-**
4016,E***,C***,e***@gmail.com,***-***-7567,1961-**-**,[MASKED ADDRESS],175000-199999,inactive,2022-**-**
4017,J***,J***,j***@hotmail.com,***-***-7190,1965-**-**,[MASKED ADDRESS],25000-49999,active,2024-**-**
4018,R***,D***,r***@gmail.com,***-***-8146,1969-**-**,[MASKED ADDRESS],200000-224999,active,2025-**-**
4019,M***,H***,m***@hotmail.com,***-***-3920,1967-**-**,[MASKED ADDRESS],50000-74999,active,2023-**-**
4020,N***,R***,n***@yahoo.com,***-***-6435,1991-**-**,[MASKED ADDRESS],50000-74999,suspended,2025-**-**
4021,C***,S***,c***@hotmail.com,***-***-5237,1975-**-**,[MASKED ADDRESS],125000-149999,inactive,2023-**-**
4023,N***,P***,n***@hotmail.com,***-***-8161,2004-**-**,[MASKED ADDRESS],75000-99999,active,2022-**-**
4024,C***,J***,c***@yahoo.com,***-***-6120,2000-**-**,[MASKED ADDRESS],0-24999,active,2024-**-**
4025,S***,D***,s***@gmail.com,***-***-6696,2007-**-**,[MASKED ADDRESS],50000-74999,active,2025-**-**
4028,C***,F***,c***@gmail.com,***-***-9104,1994-**-**,[MASKED ADDRESS],50000-74999,inactive,2025-**-**
4029,A***,F***,a***@yahoo.com,***-***-5386,1995-**-**,[MASKED ADDRESS],150000-174999,suspended,2020-**-**
4030,A***,A***,a***@hotmail.com,***-***-6263,1957-**-**,[MASKED ADDRESS],125000-149999,active,2023-**-**
4032,J***,W***,j***@gmail.com,***-***-2661,1953-**-**,[MASKED ADDRESS],100000-124999,suspended,2025-**-**
4034,E***,R***,e***@yahoo.com,***-***-1772,1954-**-**,[MASKED ADDRESS],75000-99999,suspended,2022-**-**
4035,S***,V***,s***@yahoo.com,***-***-8368,1972-**-**,[MASKED ADDRESS],75000-99999,inactive,2025-**-**
4036,M***,C***,m***@hotmail.com,***-***-4519,1945-**-**,[MASKED ADDRESS],75000-99999,active,2024-**-**
4038,B***,C***,b***@yahoo.com,***-***-9605,1983-**-**,[MASKED ADDRESS],150000-174999,suspended,2025-**-**
4040,M***,O***,m***@hotmail.com,***-***-4790,1995-**-**,[MASKED ADDRESS],125000-149999,suspended,2024-**-**
4041,C***,W***,c***@yahoo.com,***-***-3044,2005-**-**,[MASKED ADDRESS],125000-149999,inactive,2026-**-**
4042,J***,C***,j***@yahoo.com,***-***-4293,1999-**-**,[MASKED ADDRESS],50000-74999,suspended,2025-**-**
4044,T***,H***,t***@hotmail.com,***-***-4747,1971-**-**,[MASKED ADDRESS],175000-199999,suspended,2021-**-**
4045,J***,M***,j***@gmail.com,***-***-8862,1989-**-**,[MASKED ADDRESS],125000-149999,active,2025-**-**
4046,R***,J***,r***@yahoo.com,***-***-5733,1969-**-**,[MASKED ADDRESS],50000-74999,suspended,2026-**-**
4047,D***,G***,d***@gmail.com,***-***-3002,1988-**-**,[MASKED ADDRESS],100000-124999,inactive,2025-**-**
4049,B***,F***,b***@yahoo.com,***-***-7627,1990-**-**,[MASKED ADDRESS],25000-49999,active,2024-**-**
4050,D***,H***,d***@yahoo.com,***-***-8837,2004-**-**,[MASKED ADDRESS],50000-74999,inactive,2025-**-**
4052,A***,T***,a***@yahoo.com,***-***-2069,1947-**-**,[MASKED ADDRESS],50000-74999,active,2024-**-**
4053,K***,W***,k***@gmail.com,***-***-7989,1982-**-**,[MASKED ADDRESS],200000-224999,suspended,2024-**-**
4055,D***,T***,d***@hotmail.com,***-***-2070,1986-**-**,[MASKED ADDRESS],25000-49999,suspended,2020-**-**
4056,A***,L***,a***@gmail.com,***-***-1745,1962-**-**,[MASKED ADDRESS],50000-74999,active,2020-**-**
4057,D***,C***,d***@yahoo.com,***-***-6576,1984-**-**,[MASKED ADDRESS],50000-74999,suspended,2020-**-**
4059,S***,B***,s***@yahoo.com,***-***-5830,1995-**-**,[MASKED ADDRESS],100000-124999,suspended,2023-**-**
4061,J***,M***,j***@hotmail.com,***-***-7073,1959-**-**,[MASKED ADDRESS],100000-124999,suspended,2019-**-**
4062,A***,W***,a***@yahoo.com,***-***-6383,1948-**-**,[MASKED ADDRESS],150000-174999,suspended,2022-**-**
4064,J***,P***,j***@hotmail.com,***-***-3935,1971-**-**,[MASKED ADDRESS],25000-49999,inactive,2025-**-**
4065,M***,W***,m***@gmail.com,***-***-9827,1956-**-**,[MASKED ADDRESS],150000-174999,suspended,2020-**-**
4066,L***,S***,l***@yahoo.com,***-***-9664,2005-**-**,[MASKED ADDRESS],125000-149999,suspended,2025-**-**
4067,C***,P***,c***@hotmail.com,***-***-8571,1973-**-**,[MASKED ADDRESS],0-24999,inactive,2019-**-**
4068,D***,R***,d***@gmail.com,***-***-4955,1951-**-**,[MASKED ADDRESS],200000-224999,active,2020-**-**
4069,J***,T***,j***@yahoo.com,***-***-9132,1978-**-**,[MASKED ADDRESS],175000-199999,active,2023-**-**
4070,A***,W***,a***@gmail.com,***-***-2330,2005-**-**,[MASKED ADDRESS],25000-49999,suspended,2020-**-**
4071,J***,B***,j***@gmail.com,***-***-4439,1955-**-**,[MASKED ADDRESS],125000-149999,inactive,2024-**-**
4072,A***,F***,a***@yahoo.com,***-***-2342,1964-**-**,[MASKED ADDRESS],125000-149999,suspended,2021-**-**
4075,L***,B***,l***@hotmail.com,***-***-7068,1942-**-**,[MASKED ADDRESS],75000-99999,suspended,2021-**-**
4076,S***,G***,s***@gmail.com,***-***-4403,1988-**-**,[MASKED ADDRESS],50000-74999,inactive,2021-**-**
4078,C***,S***,c***@yahoo.com,***-***-7668,2008-**-**,[MASKED ADDRESS],225000-249999,active,2026-**-**
4079,C***,P***,c***@hotmail.com,***-***-7464,1954-**-**,[MASKED ADDRESS],0-24999,suspended,2023-**-**
4080,T***,H***,t***@hotmail.com,***-***-4950,1949-**-**,[MASKED ADDRESS],175000-199999,active,2025-**-**
4082,K***,R***,k***@hotmail.com,***-***-6163,1950-**-**,[MASKED ADDRESS],75000-99999,active,2023-**-**
4083,L***,M***,l***@yahoo.com,***-***-1967,2002-**-**,[MASKED ADDRESS],150000-174999,inactive,2021-**-**
4084,M***,S***,m***@gmail.com,***-***-3015,1968-**-**,[MASKED ADDRESS],25000-49999,inactive,2020-**-**
4086,R***,S***,r***@yahoo.com,***-***-5728,1938-**-**,[MASKED ADDRESS],125000-149999,inactive,2022-**-**
4088,E***,M***,e***@gmail.com,***-***-7569,1947-**-**,[MASKED ADDRESS],125000-149999,active,2020-**-**
4090,M***,P***,m***@hotmail.com,***-***-8048,1975-**-**,[MASKED ADDRESS],25000-49999,suspended,2022-**-**
4091,J***,M***,j***@gmail.com,***-***-5035,1954-**-**,[MASKED ADDRESS],25000-49999,inactive,2023-**-**
4093,E***,J***,e***@yahoo.com,***-***-7223,1968-**-**,[MASKED ADDRESS],75000-99999,inactive,2022-**-**
4095,K***,H***,k***@hotmail.com,***-***-8486,1971-**-**,[MASKED ADDRESS],0-24999,active,2021-**-**
4096,E***,S***,e***@gmail.com,***-***-7196,2003-**-**,[MASKED ADDRESS],100000-124999,inactive,2020-**-**
4097,S***,W***,s***@gmail.com,***-***-9539,1999-**-**,[MASKED ADDRESS],25000-49999,inactive,2023-**-**
4098,N***,B***,n***@hotmail.com,***-***-7753,1991-**-**,[MASKED ADDRESS],25000-49999,active,2023-**-**
4099,T***,F***,t***@gmail.com,***-***-6297,1973-**-**,[MASKED ADDRESS],150000-174999,active,2019-**-**
4101,L***,H***,l***@hotmail.com,***-***-1613,1979-**-**,[MASKED ADDRESS],50000-74999,suspended,2026-**-**
4102,J***,M***,j***@yahoo.com,***-***-9034,2005-**-**,[MASKED ADDRESS],225000-249999,active,2020-**-**
4103,D***,W***,d***@gmail.com,***-***-8600,1989-**-**,[MASKED ADDRESS],50000-74999,active,2023-**-**
4104,J***,G***,j***@yahoo.com,***-***-5246,1954-**-**,[MASKED ADDRESS],150000-174999,inactive,2020-**-**
4105,C***,W***,c***@hotmail.com,***-***-7202,1980-**-**,[MASKED ADDRESS],125000-149999,active,2025-**-**
4106,R***,O***,r***@gmail.com,***-***-1735,1967-**-**,[MASKED ADDRESS],100000-124999,active,2026-**-**
4107,A***,S***,a***@gmail.com,***-***-1058,2005-**-**,[MASKED ADDRESS],125000-149999,active,2023-**-**
4108,R***,C***,r***@hotmail.com,***-***-5558,1948-**-**,[MASKED ADDRESS],225000-249999,suspended,2021-**-**
4109,J***,D***,j***@gmail.com,***-***-6241,1976-**-**,[MASKED ADDRESS],175000-199999,inactive,2021-**-**
4110,S***,K***,s***@gmail.com,***-***-6384,1998-**-**,[MASKED ADDRESS],125000-149999,inactive,2025-**-**
4111,C***,A***,c***@yahoo.com,***-***-8430,1967-**-**,[MASKED ADDRESS],75000-99999,active,2025-**-**
4112,J***,R***,j***@gmail.com,***-***-2963,1959-**-**,[MASKED ADDRESS],175000-199999,inactive,2026-**-**
4113,D***,P***,d***@yahoo.com,***-***-9500,1996-**-**,[MASKED ADDRESS],50000-74999,active,2023-**-**
4115,I***,W***,i***@hotmail.com,***-***-8698,1993-**-**,[MASKED ADDRESS],100000-124999,suspended,2021-**-**
4116,J***,L***,j***@yahoo.com,***-***-4834,1950-**-**,[MASKED ADDRESS],50000-74999,inactive,2022-**-**
4117,S***,W***,s***@gmail.com,***-***-5113,1966-**-**,[MASKED ADDRESS],25000-49999,suspended,2021-**-**
4120,G***,B***,g***@hotmail.com,***-***-3183,1979-**-**,[MASKED ADDRESS],75000-99999,active,2020-**-**
4121,T***,E***,t***@yahoo.com,***-***-1198,1960-**-**,[MASKED ADDRESS],200000-224999,active,2026-**-**
4122,H***,E***,h***@gmail.com,***-***-6834,2000-**-**,[MASKED ADDRESS],100000-124999,active,2025-**-**
4123,S***,J***,s***@gmail.com,***-***-5579,2002-**-**,[MASKED ADDRESS],25000-49999,active,2026-**-**
4124,C***,B***,c***@yahoo.com,***-***-5458,1953-**-**,[MASKED ADDRESS],25000-49999,active,2021-**-**
4125,J***,C***,j***@yahoo.com,***-***-4935,2003-**-**,[MASKED ADDRESS],200000-224999,suspended,2024-**-**
4126,R***,S***,r***@hotmail.com,***-***-8908,1970-**-**,[MASKED ADDRESS],175000-199999,inactive,2025-**-**
4127,S***,W***,s***@hotmail.com,***-***-3362,2000-**-**,[MASKED ADDRESS],175000-199999,suspended,2025-**-**
4129,H***,E***,h***@gmail.com,***-***-4353,1989-**-**,[MASKED ADDRESS],50000-74999,inactive,2023-**-**
4130,K***,W***,k***@hotmail.com,***-***-3361,1965-**-**,[MASKED ADDRESS],50000-74999,active,2025-**-**
4131,M***,C***,m***@gmail.com,***-***-4505,1989-**-**,[MASKED ADDRESS],50000-74999,active,2023-**-**
4132,M***,S***,m***@yahoo.com,***-***-2745,1969-**-**,[MASKED ADDRESS],25000-49999,inactive,2025-**-**
4134,N***,M***,n***@hotmail.com,***-***-3446,1973-**-**,[MASKED ADDRESS],125000-149999,inactive,2026-**-**
4135,E***,M***,e***@hotmail.com,***-***-1575,1994-**-**,[MASKED ADDRESS],25000-49999,inactive,2024-**-**
4138,G***,D***,g***@hotmail.com,***-***-1491,1974-**-**,[MASKED ADDRESS],25000-49999,inactive,2021-**-**
4139,D***,B***,d***@hotmail.com,***-***-8282,1984-**-**,[MASKED ADDRESS],0-24999,inactive,2023-**-**
4142,S***,B***,s***@hotmail.com,***-***-9344,1996-**-**,[MASKED ADDRESS],100000-124999,active,2022-**-**
4144,E***,O***,e***@yahoo.com,***-***-5576,1982-**-**,[MASKED ADDRESS],175000-199999,active,2023-**-**
4145,G***,B***,g***@yahoo.com,***-***-3739,1982-**-**,[MASKED ADDRESS],125000-149999,active,2021-**-**
4146,B***,B***,b***@yahoo.com,***-***-5207,1969-**-**,[MASKED ADDRESS],75000-99999,inactive,2021-**-**
4147,C***,P***,c***@gmail.com,***-***-8872,1971-**-**,[MASKED ADDRESS],75000-99999,active,2026-**-**
4148,E***,P***,e***@gmail.com,***-***-2521,1960-**-**,[MASKED ADDRESS],150000-174999,active,2024-**-**
4149,D***,E***,d***@gmail.com,***-***-4517,1979-**-**,[MASKED ADDRESS],200000-224999,inactive,2025-**-**
4150,C***,J***,c***@hotmail.com,***-***-1278,1968-**-**,[MASKED ADDRESS],125000-149999,inactive,2025-**-**
4151,M***,W***,m***@hotmail.com,***-***-7157,1960-**-**,[MASKED ADDRESS],150000-174999,active,2021-**-**
4153,B***,R***,b***@hotmail.com,***-***-2292,1956-**-**,[MASKED ADDRESS],150000-174999,suspended,2025-**-**
4154,A***,M***,a***@hotmail.com,***-***-1394,1940-**-**,[MASKED ADDRESS],225000-249999,suspended,2023-**-**
4155,E***,M***,e***@hotmail.com,***-***-6883,1962-**-**,[MASKED ADDRESS],125000-149999,inactive,2025-**-**
4156,B***,F***,b***@yahoo.com,***-***-4232,1940-**-**,[MASKED ADDRESS],25000-49999,suspended,2025-**-**
4157,W***,J***,w***@gmail.com,***-***-2489,1964-**-**,[MASKED ADDRESS],50000-74999,inactive,2025-**-**
4158,J***,W***,j***@yahoo.com,***-***-5678,1975-**-**,[MASKED ADDRESS],175000-199999,suspended,2020-**-**
4160,T***,M***,t***@gmail.com,***-***-8595,1970-**-**,[MASKED ADDRESS],100000-124999,active,2021-**-**
4161,K***,S***,k***@yahoo.com,***-***-5411,1963-**-**,[MASKED ADDRESS],75000-99999,inactive,2026-**-**
4163,K***,G***,k***@hotmail.com,***-***-2794,1979-**-**,[MASKED ADDRESS],125000-149999,suspended,2020-**-**
4164,P***,L***,p***@gmail.com,***-***-3140,1994-**-**,[MASKED ADDRESS],25000-49999,inactive,2023-**-**
4165,A***,C***,a***@hotmail.com,***-***-9647,1998-**-**,[MASKED ADDRESS],225000-249999,active,2026-**-**
4166,H***,M***,h***@gmail.com,***-***-8247,1998-**-**,[MASKED ADDRESS],200000-224999,inactive,2022-**-**
4167,B***,M***,b***@gmail.com,***-***-5407,1952-**-**,[MASKED ADDRESS],125000-149999,inactive,2024-**-**
4168,S***,M***,s***@yahoo.com,***-***-3584,1966-**-**,[MASKED ADDRESS],25000-49999,suspended,2021-**-**
4169,G***,O***,g***@gmail.com,***-***-5494,1973-**-**,[MASKED ADDRESS],100000-124999,active,2020-**-**
4173,S***,L***,s***@hotmail.com,***-***-1387,1943-**-**,[MASKED ADDRESS],50000-74999,inactive,2026-**-**
4174,M***,B***,m***@gmail.com,***-***-5695,1970-**-**,[MASKED ADDRESS],150000-174999,active,2022-**-**
4176,C***,G***,c***@yahoo.com,***-***-2512,2002-**-**,[MASKED ADDRESS],100000-124999,suspended,2022-**-**
4179,W***,W***,w***@hotmail.com,***-***-9876,1960-**-**,[MASKED ADDRESS],175000-199999,inactive,2026-**-**
4180,E***,W***,e***@yahoo.com,***-***-9972,1964-**-**,[MASKED ADDRESS],100000-124999,inactive,2023-**-**
4181,R***,L***,r***@hotmail.com,***-***-1830,1973-**-**,[MASKED ADDRESS],0-24999,suspended,2022-**-**
4182,D***,S***,d***@hotmail.com,***-***-4590,1946-**-**,[MASKED ADDRESS],50000-74999,active,2020-**-**
4183,L***,T***,l***@yahoo.com,***-***-8301,1986-**-**,[MASKED ADDRESS],25000-49999,active,2025-**-**
4184,R***,L***,r***@hotmail.com,***-***-2514,1972-**-**,[MASKED ADDRESS],150000-174999,suspended,2020-**-**
4185,D***,B***,d***@hotmail.com,***-***-5576,1973-**-**,[MASKED ADDRESS],125000-149999,suspended,2022-**-**
4186,M***,S***,m***@yahoo.com,***-***-9503,1948-**-**,[MASKED ADDRESS],150000-174999,suspended,2023-**-**
4188,M***,Z***,m***@gmail.com,***-***-1491,2007-**-**,[MASKED ADDRESS],100000-124999,inactive,2023-**-**
4191,J***,C***,j***@hotmail.com,***-***-3260,1979-**-**,[MASKED ADDRESS],75000-99999,inactive,2025-**-**
4192,B***,K***,b***@yahoo.com,***-***-9832,2004-**-**,[MASKED ADDRESS],200000-224999,suspended,2026-**-**
4195,B***,W***,b***@hotmail.com,***-***-9140,2007-**-**,[MASKED ADDRESS],75000-99999,inactive,2022-**-**
4196,M***,L***,m***@hotmail.com,***-***-6873,1967-**-**,[MASKED ADDRESS],150000-174999,active,2025-**-**
4197,M***,G***,m***@hotmail.com,***-***-4641,1952-**-**,[MASKED ADDRESS],75000-99999,inactive,2022-**-**
4198,G***,B***,g***@hotmail.com,***-***-2428,1938-**-**,[MASKED ADDRESS],50000-74999,active,2026-**-**
4201,S***,C***,s***@yahoo.com,***-***-5699,1966-**-**,[MASKED ADDRESS],150000-174999,inactive,2022-**-**
4203,M***,T***,m***@yahoo.com,***-***-7691,1994-**-**,[MASKED ADDRESS],0-24999,active,2026-**-**
4204,S***,F***,s***@hotmail.com,***-***-9558,2007-**-**,[MASKED ADDRESS],25000-49999,active,2025-**-**
4205,J***,B***,j***@gmail.com,***-***-3879,1942-**-**,[MASKED ADDRESS],50000-74999,active,2026-**-**
4206,M***,P***,m***@hotmail.com,***-***-7999,1972-**-**,[MASKED ADDRESS],25000-49999,active,2020-**-**
4208,W***,D***,w***@gmail.com,***-***-8035,1986-**-**,[MASKED ADDRESS],100000-124999,inactive,2022-**-**
4209,K***,J***,k***@gmail.com,***-***-5236,2006-**-**,[MASKED ADDRESS],75000-99999,suspended,2024-**-**
4210,A***,J***,a***@hotmail.com,***-***-3911,1939-**-**,[MASKED ADDRESS],50000-74999,inactive,2026-**-**
4211,S***,F***,s***@hotmail.com,***-***-5912,1980-**-**,[MASKED ADDRESS],100000-124999,active,2021-**-**
4212,H***,M***,h***@gmail.com,***-***-6454,1947-**-**,[MASKED ADDRESS],50000-74999,active,2025-**-**
4213,W***,M***,w***@yahoo.com,***-***-4358,1969-**-**,[MASKED ADDRESS],225000-249999,inactive,2021-**-**
4215,P***,L***,p***@hotmail.com,***-***-9761,1975-**-**,[MASKED ADDRESS],50000-74999,inactive,2025-**-**
4219,D***,D***,d***@hotmail.com,***-***-8240,2004-**-**,[MASKED ADDRESS],200000-224999,inactive,2023-**-**
4221,J***,W***,j***@hotmail.com,***-***-3615,1982-**-**,[MASKED ADDRESS],125000-149999,suspended,2021-**-**
4222,D***,H***,d***@gmail.com,***-***-1598,1941-**-**,[MASKED ADDRESS],100000-124999,active,2024-**-**
4225,W***,M***,w***@gmail.com,***-***-8865,1965-**-**,[MASKED ADDRESS],200000-224999,inactive,2026-**-**
4226,S***,R***,s***@gmail.com,***-***-3470,1968-**-**,[MASKED ADDRESS],25000-49999,suspended,2020-**-**
4228,A***,P***,a***@hotmail.com,***-***-7548,1963-**-**,[MASKED ADDRESS],150000-174999,inactive,2020-**-**
4231,J***,F***,j***@yahoo.com,***-***-5080,1961-**-**,[MASKED ADDRESS],0-24999,suspended,2020-**-**
4232,K***,K***,k***@hotmail.com,***-***-4836,2006-**-**,[MASKED ADDRESS],75000-99999,suspended,2021-**-**
4233,S***,N***,s***@hotmail.com,***-***-3928,2001-**-**,[MASKED ADDRESS],175000-199999,suspended,2023-**-**
4234,A***,W***,a***@yahoo.com,***-***-7877,1945-**-**,[MASKED ADDRESS],125000-149999,inactive,2020-**-**
4235,S***,M***,s***@hotmail.com,***-***-1299,1946-**-**,[MASKED ADDRESS],75000-99999,active,2022-**-**
4236,H***,S***,h***@yahoo.com,***-***-2492,1959-**-**,[MASKED ADDRESS],50000-74999,inactive,2025-**-**
4240,B***,J***,b***@yahoo.com,***-***-1907,1985-**-**,[MASKED ADDRESS],100000-124999,active,2021-**-**
4241,K***,A***,k***@yahoo.com,***-***-4303,1971-**-**,[MASKED ADDRESS],25000-49999,inactive,2024-**-**
4242,A***,P***,a***@hotmail.com,***-***-1810,1962-**-**,[MASKED ADDRESS],25000-49999,inactive,2020-**-**
4243,J***,F***,j***@yahoo.com,***-***-5879,1942-**-**,[MASKED ADDRESS],200000-224999,active,2026-**-**
4244,L***,W***,l***@gmail.com,***-***-3950,1941-**-**,[MASKED ADDRESS],175000-199999,suspended,2025-**-**
4245,E***,S***,e***@gmail.com,***-***-7798,1981-**-**,[MASKED ADDRESS],25000-49999,suspended,2021-**-**
4247,V***,C***,v***@yahoo.com,***-***-1834,1996-**-**,[MASKED ADDRESS],175000-199999,inactive,2022-**-**
4249,J***,H***,j***@gmail.com,***-***-6701,2005-**-**,[MASKED ADDRESS],200000-224999,suspended,2021-**-**
4250,M***,S***,m***@hotmail.com,***-***-8168,2008-**-**,[MASKED ADDRESS],75000-99999,inactive,2025-**-**
4251,J***,B***,j***@gmail.com,***-***-2955,1963-**-**,[MASKED ADDRESS],0-24999,active,2020-**-**
4252,J***,A***,j***@yahoo.com,***-***-8268,1966-**-**,[MASKED ADDRESS],125000-149999,active,2020-**-**
4253,M***,S***,m***@hotmail.com,***-***-2829,1990-**-**,[MASKED ADDRESS],150000-174999,active,2021-**-**
4255,L***,P***,l***@yahoo.com,***-***-8477,1977-**-**,[MASKED ADDRESS],175000-199999,active,2020-**-**
4256,G***,S***,g***@hotmail.com,***-***-7294,1962-**-**,[MASKED ADDRESS],50000-74999,inactive,2024-**-**
4257,K***,M***,k***@yahoo.com,***-***-8948,2000-**-**,[MASKED ADDRESS],75000-99999,active,2025-**-**
4261,T***,W***,t***@gmail.com,***-***-5208,2002-**-**,[MASKED ADDRESS],150000-174999,inactive,2026-**-**
4262,J***,W***,j***@hotmail.com,***-***-4494,1972-**-**,[MASKED ADDRESS],200000-224999,active,2024-**-**
4264,H***,B***,h***@gmail.com,***-***-7265,1966-**-**,[MASKED ADDRESS],125000-149999,inactive,2019-**-**
4265,M***,R***,m***@yahoo.com,***-***-4546,1981-**-**,[MASKED ADDRESS],0-24999,inactive,2023-**-**
4266,A***,M***,a***@gmail.com,***-***-2939,1982-**-**,[MASKED ADDRESS],50000-74999,inactive,2022-**-**
4267,D***,L***,d***@yahoo.com,***-***-8005,1996-**-**,[MASKED ADDRESS],175000-199999,inactive,2025-**-**
4268,S***,B***,s***@yahoo.com,***-***-2191,1984-**-**,[MASKED ADDRESS],0-24999,active,2023-**-**
4270,S***,S***,s***@yahoo.com,***-***-3564,1962-**-**,[MASKED ADDRESS],75000-99999,active,2020-**-**
4272,S***,I***,s***@hotmail.com,***-***-2080,1984-**-**,[MASKED ADDRESS],50000-74999,active,2020-**-**
4274,C***,O***,c***@gmail.com,***-***-1767,1973-**-**,[MASKED ADDRESS],50000-74999,inactive,2026-**-**
4275,C***,C***,c***@hotmail.com,***-***-6975,1993-**-**,[MASKED ADDRESS],175000-199999,suspended,2025-**-**
4276,D***,A***,d***@hotmail.com,***-***-5764,1938-**-**,[MASKED ADDRESS],100000-124999,active,2020-**-**
4277,K***,D***,k***@yahoo.com,***-***-9299,1995-**-**,[MASKED ADDRESS],50000-74999,suspended,2024-**-**
4278,N***,C***,n***@gmail.com,***-***-6338,1969-**-**,[MASKED ADDRESS],0-24999,active,2025-**-**
4279,N***,H***,n***@hotmail.com,***-***-5252,1964-**-**,[MASKED ADDRESS],175000-199999,active,2023-**-**
4282,S***,B***,s***@gmail.com,***-***-2251,1955-**-**,[MASKED ADDRESS],200000-224999,inactive,2025-**-**
4283,L***,B***,l***@yahoo.com,***-***-4837,1993-**-**,[MASKED ADDRESS],125000-149999,suspended,2022-**-**
4284,D***,E***,d***@hotmail.com,***-***-6592,1938-**-**,[MASKED ADDRESS],75000-99999,active,2021-**-**
4285,K***,T***,k***@hotmail.com,***-***-3494,2007-**-**,[MASKED ADDRESS],50000-74999,suspended,2022-**-**
4286,H***,C***,h***@yahoo.com,***-***-5843,1998-**-**,[MASKED ADDRESS],175000-199999,inactive,2022-**-**
4288,M***,A***,m***@yahoo.com,***-***-2059,1962-**-**,[MASKED ADDRESS],100000-124999,active,2025-**-**
4289,D***,B***,d***@yahoo.com,***-***-9192,2003-**-**,[MASKED ADDRESS],100000-124999,inactive,2021-**-**
4291,A***,B***,a***@yahoo.com,***-***-2002,1958-**-**,[MASKED ADDRESS],50000-74999,inactive,2024-**-**
4292,L***,M***,l***@gmail.com,***-***-9684,1980-**-**,[MASKED ADDRESS],0-24999,active,2023-**-**
4293,C***,C***,c***@yahoo.com,***-***-5943,1951-**-**,[MASKED ADDRESS],125000-149999,active,2021-**-**
4296,Z***,V***,z***@hotmail.com,***-***-9457,1967-**-**,[MASKED ADDRESS],200000-224999,active,2025-**-**
4297,R***,B***,r***@yahoo.com,***-***-7357,1991-**-**,[MASKED ADDRESS],25000-49999,inactive,2021-**-**
4299,D***,P***,d***@yahoo.com,***-***-9986,2008-**-**,[MASKED ADDRESS],225000-249999,inactive,2024-**-**
4300,R***,R***,r***@gmail.com,***-***-3266,1963-**-**,[MASKED ADDRESS],75000-99999,active,2021-**-**
4301,V***,S***,v***@hotmail.com,***-***-9256,2003-**-**,[MASKED ADDRESS],200000-224999,suspended,2024-**-**
4302,M***,M***,m***@gmail.com,***-***-1494,1977-**-**,[MASKED ADDRESS],175000-199999,suspended,2026-**-**
4303,A***,R***,a***@hotmail.com,***-***-4829,1957-**-**,[MASKED ADDRESS],50000-74999,suspended,2020-**-**
4304,W***,B***,w***@yahoo.com,***-***-4955,1973-**-**,[MASKED ADDRESS],75000-99999,inactive,2022-**-**
4305,T***,G***,t***@gmail.com,***-***-3372,1971-**-**,[MASKED ADDRESS],100000-124999,suspended,2026-**-**
4306,L***,J***,l***@yahoo.com,***-***-6363,1973-**-**,[MASKED ADDRESS],150000-174999,inactive,2021-**-**
4308,K***,H***,k***@yahoo.com,***-***-1946,2001-**-**,[MASKED ADDRESS],175000-199999,suspended,2023-**-**
4310,A***,S***,a***@yahoo.com,***-***-1452,1986-**-**,[MASKED ADDRESS],50000-74999,suspended,2021-**-**
4313,P***,B***,p***@yahoo.com,***-***-8214,1987-**-**,[MASKED ADDRESS],125000-149999,active,2024-**-**
4314,M***,J***,m***@gmail.com,***-***-9029,1997-**-**,[MASKED ADDRESS],100000-124999,active,2025-**-**
4316,T***,C***,t***@hotmail.com,***-***-7094,1944-**-**,[MASKED ADDRESS],25000-49999,inactive,2024-**-**
4317,S***,H***,s***@gmail.com,***-***-4812,1941-**-**,[MASKED ADDRESS],25000-49999,active,2020-**-**
4318,C***,L***,c***@yahoo.com,***-***-1128,1973-**-**,[MASKED ADDRESS],50000-74999,active,2025-**-**
4320,B***,H***,b***@hotmail.com,***-***-5360,1969-**-**,[MASKED ADDRESS],50000-74999,inactive,2020-**-**
4321,L***,G***,l***@hotmail.com,***-***-6984,1940-**-**,[MASKED ADDRESS],100000-124999,active,2023-**-**
4322,R***,L***,r***@gmail.com,***-***-1316,1962-**-**,[MASKED ADDRESS],200000-224999,active,2025-**-**
4324,D***,R***,d***@gmail.com,***-***-4248,2005-**-**,[MASKED ADDRESS],50000-74999,suspended,2026-**-**
4326,A***,A***,a***@yahoo.com,***-***-5565,1992-**-**,[MASKED ADDRESS],175000-199999,inactive,2025-**-**
4327,M***,B***,m***@yahoo.com,***-***-2659,1983-**-**,[MASKED ADDRESS],50000-74999,suspended,2023-**-**
4329,J***,H***,j***@yahoo.com,***-***-8577,1974-**-**,[MASKED ADDRESS],25000-49999,active,2022-**-**
4331,K***,B***,k***@hotmail.com,***-***-3952,1996-**-**,[MASKED ADDRESS],125000-149999,suspended,2024-**-**
4332,B***,F***,b***@yahoo.com,***-***-7350,1993-**-**,[MASKED ADDRESS],50000-74999,suspended,2024-**-**
4333,C***,T***,c***@yahoo.com,***-***-8032,1938-**-**,[MASKED ADDRESS],25000-49999,inactive,2026-**-**
4335,J***,S***,j***@gmail.com,***-***-5976,1950-**-**,[MASKED ADDRESS],75000-99999,active,2024-**-**
4336,G***,M***,g***@yahoo.com,***-***-7121,1951-**-**,[MASKED ADDRESS],0-24999,suspended,2020-**-**
4337,E***,D***,e***@hotmail.com,***-***-8124,1959-**-**,[MASKED ADDRESS],75000-99999,active,2026-**-**
4338,T***,M***,t***@hotmail.com,***-***-6953,1937-**-**,[MASKED ADDRESS],175000-199999,active,2021-**-**
4339,B***,A***,b***@hotmail.com,***-***-2989,1966-**-**,[MASKED ADDRESS],150000-174999,active,2024-**-**
4341,N***,B***,n***@gmail.com,***-***-1401,1981-**-**,[MASKED ADDRESS],150000-174999,inactive,2022-**-**
4342,N***,S***,n***@hotmail.com,***-***-1566,1938-**-**,[MASKED ADDRESS],125000-149999,active,2023-**-**
4344,E***,F***,e***@gmail.com,***-***-4079,1989-**-**,[MASKED ADDRESS],25000-49999,inactive,2024-**-**
4346,J***,D***,j***@gmail.com,***-***-6383,1941-**-**,[MASKED ADDRESS],175000-199999,suspended,2024-**-**
4350,K***,C***,k***@gmail.com,***-***-1118,1969-**-**,[MASKED ADDRESS],175000-199999,active,2020-**-**
4352,C***,D***,c***@gmail.com,***-***-5427,1939-**-**,[MASKED ADDRESS],25000-49999,suspended,2025-**-**
4353,D***,G***,d***@yahoo.com,***-***-6461,1972-**-**,[MASKED ADDRESS],175000-199999,inactive,2026-**-**
4354,A***,V***,a***@gmail.com,***-***-3193,1952-**-**,[MASKED ADDRESS],225000-249999,active,2023-**-**
4355,K***,C***,k***@hotmail.com,***-***-7577,1973-**-**,[MASKED ADDRESS],50000-74999,inactive,2025-**-**
4357,C***,J***,c***@yahoo.com,***-***-5394,1950-**-**,[MASKED ADDRESS],150000-174999,suspended,2026-**-**
4358,G***,C***,g***@yahoo.com,***-***-9767,1992-**-**,[MASKED ADDRESS],125000-149999,active,2024-**-**
4359,S***,S***,s***@gmail.com,***-***-4753,1944-**-**,[MASKED ADDRESS],25000-49999,inactive,2022-**-**
4360,R***,G***,r***@hotmail.com,***-***-3098,1955-**-**,[MASKED ADDRESS],225000-249999,inactive,2024-**-**
4361,G***,S***,g***@gmail.com,***-***-1255,1939-**-**,[MASKED ADDRESS],150000-174999,inactive,2021-**-**
4362,C***,M***,c***@hotmail.com,***-***-3324,1999-**-**,[MASKED ADDRESS],150000-174999,suspended,2023-**-**
4363,D***,P***,d***@gmail.com,***-***-4744,1994-**-**,[MASKED ADDRESS],0-24999,suspended,2021-**-**
4366,J***,R***,j***@yahoo.com,***-***-4772,1970-**-**,[MASKED ADDRESS],200000-224999,inactive,2025-**-**
4367,F***,N***,f***@gmail.com,***-***-5438,1970-**-**,[MASKED ADDRESS],50000-74999,active,2026-**-**
4368,J***,M***,j***@gmail.com,***-***-4781,1987-**-**,[MASKED ADDRESS],75000-99999,suspended,2025-**-**
4369,C***,M***,c***@hotmail.com,***-***-5104,2004-**-**,[MASKED ADDRESS],200000-224999,inactive,2026-**-**
4370,T***,S***,t***@gmail.com,***-***-2622,2007-**-**,[MASKED ADDRESS],100000-124999,suspended,2025-**-**
4371,R***,V***,r***@yahoo.com,***-***-2530,1948-**-**,[MASKED ADDRESS],125000-149999,active,2023-**-**
4375,C***,G***,c***@gmail.com,***-***-4841,1953-**-**,[MASKED ADDRESS],175000-199999,suspended,2020-**-**
4376,M***,H***,m***@hotmail.com,***-***-6804,1993-**-**,[MASKED ADDRESS],25000-49999,suspended,2020-**-**
4378,H***,G***,h***@yahoo.com,***-***-1939,1941-**-**,[MASKED ADDRESS],200000-224999,inactive,2023-**-**
4381,C***,D***,c***@hotmail.com,***-***-3816,1960-**-**,[MASKED ADDRESS],0-24999,suspended,2021-**-**
4382,M***,J***,m***@gmail.com,***-***-3053,1960-**-**,[MASKED ADDRESS],150000-174999,active,2023-**-**
4383,C***,E***,c***@yahoo.com,***-***-6224,1972-**-**,[MASKED ADDRESS],175000-199999,active,2022-**-**
4384,A***,H***,a***@hotmail.com,***-***-3605,1947-**-**,[MASKED ADDRESS],50000-74999,inactive,2020-**-**
4385,J***,P***,j***@gmail.com,***-***-9737,1952-**-**,[MASKED ADDRESS],50000-74999,suspended,2026-**-**
4386,T***,S***,t***@gmail.com,***-***-5913,1948-**-**,[MASKED ADDRESS],100000-124999,suspended,2022-**-**
4387,T***,H***,t***@hotmail.com,***-***-5127,1998-**-**,[MASKED ADDRESS],200000-224999,suspended,2022-**-**
4388,J***,B***,j***@gmail.com,***-***-3662,1972-**-**,[MASKED ADDRESS],50000-74999,inactive,2026-**-**
4389,S***,D***,s***@yahoo.com,***-***-3867,1984-**-**,[MASKED ADDRESS],125000-149999,active,2025-**-**
4391,G***,O***,g***@yahoo.com,***-***-7715,1975-**-**,[MASKED ADDRESS],100000-124999,inactive,2021-**-**
4392,E***,H***,e***@yahoo.com,***-***-6919,2003-**-**,[MASKED ADDRESS],100000-124999,active,2022-**-**
4393,K***,A***,k***@gmail.com,***-***-1644,1989-**-**,[MASKED ADDRESS],0-24999,active,2025-**-**
4395,P***,P***,p***@hotmail.com,***-***-9826,1998-**-**,[MASKED ADDRESS],150000-174999,active,2022-**-**
4396,R***,C***,r***@hotmail.com,***-***-2534,1970-**-**,[MASKED ADDRESS],25000-49999,suspended,2024-**-**
4397,T***,G***,t***@yahoo.com,***-***-1766,2000-**-**,[MASKED ADDRESS],100000-124999,active,2024-**-**
4399,J***,B***,j***@gmail.com,***-***-2816,2001-**-**,[MASKED ADDRESS],200000-224999,suspended,2022-**-**
4400,J***,G***,j***@hotmail.com,***-***-8142,1994-**-**,[MASKED ADDRESS],200000-224999,inactive,2021-**-**
4401,M***,R***,m***@yahoo.com,***-***-9613,1946-**-**,[MASKED ADDRESS],175000-199999,inactive,2023-**-**
4402,D***,E***,d***@gmail.com,***-***-6334,1981-**-**,[MASKED ADDRESS],50000-74999,active,2026-**-**
4403,D***,S***,d***@hotmail.com,***-***-1897,1938-**-**,[MASKED ADDRESS],100000-124999,inactive,2024-**-**
4405,K***,G***,k***@hotmail.com,***-***-5243,1996-**-**,[MASKED ADDRESS],75000-99999,active,2022-**-**
4407,M***,P***,m***@hotmail.com,***-***-2905,1945-**-**,[MASKED ADDRESS],200000-224999,active,2022-**-**
4408,N***,P***,n***@hotmail.com,***-***-8698,1995-**-**,[MASKED ADDRESS],150000-174999,inactive,2021-**-**
4410,J***,K***,j***@hotmail.com,***-***-5112,1967-**-**,[MASKED ADDRESS],150000-174999,active,2021-**-**
4412,K***,H***,k***@gmail.com,***-***-9382,1940-**-**,[MASKED ADDRESS],125000-149999,active,2023-**-**
4413,G***,D***,g***@hotmail.com,***-***-4093,2005-**-**,[MASKED ADDRESS],50000-74999,suspended,2025-**-**
4415,S***,C***,s***@gmail.com,***-***-5379,1977-**-**,[MASKED ADDRESS],25000-49999,inactive,2023-**-**
4416,C***,M***,c***@hotmail.com,***-***-6658,2003-**-**,[MASKED ADDRESS],100000-124999,inactive,2024-**-**
4418,W***,L***,w***@hotmail.com,***-***-3844,1977-**-**,[MASKED ADDRESS],100000-124999,active,2024-**-**
4420,D***,G***,d***@gmail.com,***-***-3833,1989-**-**,[MASKED ADDRESS],50000-74999,inactive,2023-**-**
4421,S***,Y***,s***@gmail.com,***-***-1198,2008-**-**,[MASKED ADDRESS],225000-249999,active,2023-**-**
4424,T***,K***,t***@gmail.com,***-***-1784,1946-**-**,[MASKED ADDRESS],200000-224999,active,2023-**-**
4425,A***,F***,a***@gmail.com,***-***-8814,2000-**-**,[MASKED ADDRESS],125000-149999,inactive,2020-**-**
4427,M***,B***,m***@yahoo.com,***-***-5810,1966-**-**,[MASKED ADDRESS],50000-74999,suspended,2022-**-**
4428,A***,W***,a***@hotmail.com,***-***-4477,1952-**-**,[MASKED ADDRESS],100000-124999,inactive,2020-**-**
4429,T***,P***,t***@gmail.com,***-***-1907,2001-**-**,[MASKED ADDRESS],200000-224999,inactive,2022-**-**
4430,K***,G***,k***@hotmail.com,***-***-8657,1991-**-**,[MASKED ADDRESS],25000-49999,inactive,2022-**-**
4431,A***,P***,a***@hotmail.com,***-***-2100,1959-**-**,[MASKED ADDRESS],75000-99999,inactive,2024-**-**
4433,G***,C***,g***@gmail.com,***-***-2209,1999-**-**,[MASKED ADDRESS],100000-124999,suspended,2026-**-**
4434,R***,B***,r***@gmail.com,***-***-1181,1993-**-**,[MASKED ADDRESS],175000-199999,inactive,2024-**-**
4435,M***,R***,m***@gmail.com,***-***-8445,1981-**-**,[MASKED ADDRESS],150000-174999,suspended,2022-**-**
4436,P***,V***,p***@yahoo.com,***-***-4869,1964-**-**,[MASKED ADDRESS],75000-99999,inactive,2022-**-**
4440,D***,S***,d***@hotmail.com,***-***-9425,1969-**-**,[MASKED ADDRESS],125000-149999,active,2022-**-**
4441,T***,M***,t***@gmail.com,***-***-7891,1994-**-**,[MASKED ADDRESS],100000-124999,inactive,2024-**-**
4442,T***,P***,t***@yahoo.com,***-***-4784,1952-**-**,[MASKED ADDRESS],150000-174999,suspended,2020-**-**
4443,G***,H***,g***@hotmail.com,***-***-9307,2007-**-**,[MASKED ADDRESS],100000-124999,inactive,2021-**-**
4444,R***,P***,r***@gmail.com,***-***-1764,1954-**-**,[MASKED ADDRESS],100000-124999,active,2021-**-**
4445,A***,H***,a***@gmail.com,***-***-5991,1992-**-**,[MASKED ADDRESS],150000-174999,active,2020-**-**
4447,L***,A***,l***@yahoo.com,***-***-6286,2004-**-**,[MASKED ADDRESS],200000-224999,suspended,2026-**-**
4448,B***,M***,b***@hotmail.com,***-***-3277,1960-**-**,[MASKED ADDRESS],200000-224999,suspended,2023-**-**
4449,H***,T***,h***@yahoo.com,***-***-7923,1938-**-**,[MASKED ADDRESS],175000-199999,active,2021-**-**
4450,J***,O***,j***@gmail.com,***-***-9388,1984-**-**,[MASKED ADDRESS],0-24999,inactive,2020-**-**
4451,A***,B***,a***@gmail.com,***-***-4165,1958-**-**,[MASKED ADDRESS],100000-124999,active,2024-**-**
4453,C***,W***,c***@gmail.com,***-***-9338,1939-**-**,[MASKED ADDRESS],200000-224999,active,2020-**-**
4454,J***,M***,j***@yahoo.com,***-***-9036,2001-**-**,[MASKED ADDRESS],25000-49999,active,2020-**-**
4456,J***,T***,j***@hotmail.com,***-***-1099,1975-**-**,[MASKED ADDRESS],125000-149999,inactive,2021-**-**
4458,T***,S***,t***@gmail.com,***-***-9774,1991-**-**,[MASKED ADDRESS],150000-174999,suspended,2026-**-**
4461,C***,B***,c***@yahoo.com,***-***-1438,1969-**-**,[MASKED ADDRESS],225000-249999,suspended,2019-**-**
4462,J***,S***,j***@gmail.com,***-***-6570,1949-**-**,[MASKED ADDRESS],175000-199999,inactive,2024-**-**
4464,I***,L***,i***@hotmail.com,***-***-9398,1972-**-**,[MASKED ADDRESS],175000-199999,inactive,2024-**-**
4465,L***,F***,l***@yahoo.com,***-***-3403,2001-**-**,[MASKED ADDRESS],175000-199999,suspended,2023-**-**
4466,S***,A***,s***@gmail.com,***-***-9827,2006-**-**,[MASKED ADDRESS],25000-49999,inactive,2025-**-**
4467,K***,W***,k***@gmail.com,***-***-7175,1975-**-**,[MASKED ADDRESS],225000-249999,inactive,2021-**-**
4468,J***,P***,j***@gmail.com,***-***-6631,1943-**-**,[MASKED ADDRESS],200000-224999,suspended,2024-**-**
4470,R***,W***,r***@gmail.com,***-***-7151,1998-**-**,[MASKED ADDRESS],200000-224999,suspended,2023-**-**
4471,R***,N***,r***@gmail.com,***-***-1024,2005-**-**,[MASKED ADDRESS],50000-74999,inactive,2020-**-**
4472,M***,L***,m***@yahoo.com,***-***-1891,1966-**-**,[MASKED ADDRESS],225000-249999,active,2026-**-**
4475,C***,H***,c***@gmail.com,***-***-7588,2001-**-**,[MASKED ADDRESS],50000-74999,active,2025-**-**
4478,I***,J***,i***@gmail.com,***-***-9317,1999-**-**,[MASKED ADDRESS],150000-174999,inactive,2021-**-**
4479,S***,B***,s***@hotmail.com,***-***-8650,1961-**-**,[MASKED ADDRESS],150000-174999,active,2020-**-**
4480,J***,M***,j***@yahoo.com,***-***-1035,1971-**-**,[MASKED ADDRESS],100000-124999,suspended,2025-**-**
4481,L***,H***,l***@yahoo.com,***-***-7633,2005-**-**,[MASKED ADDRESS],200000-224999,active,2025-**-**
4482,A***,W***,a***@gmail.com,***-***-3169,1980-**-**,[MASKED ADDRESS],0-24999,active,2021-**-**
4483,B***,S***,b***@yahoo.com,***-***-4933,1995-**-**,[MASKED ADDRESS],150000-174999,inactive,2020-**-**
4484,D***,L***,d***@yahoo.com,***-***-3870,1943-**-**,[MASKED ADDRESS],225000-249999,inactive,2026-**-**
4485,E***,H***,e***@gmail.com,***-***-5597,1981-**-**,[MASKED ADDRESS],75000-99999,inactive,2024-**-**
4486,J***,R***,j***@yahoo.com,***-***-4012,1966-**-**,[MASKED ADDRESS],150000-174999,inactive,2020-**-**
4487,L***,T***,l***@hotmail.com,***-***-1096,1962-**-**,[MASKED ADDRESS],25000-49999,active,2020-**-**
4488,J***,K***,j***@gmail.com,***-***-3336,1966-**-**,[MASKED ADDRESS],75000-99999,suspended,2023-**-**
4489,K***,G***,k***@hotmail.com,***-***-1304,1998-**-**,[MASKED ADDRESS],125000-149999,active,2022-**-**
4491,D***,S***,d***@yahoo.com,***-***-7636,1956-**-**,[MASKED ADDRESS],200000-224999,suspended,2023-**-**
4492,H***,B***,h***@hotmail.com,***-***-7172,1981-**-**,[MASKED ADDRESS],150000-174999,inactive,2026-**-**
4493,J***,A***,j***@yahoo.com,***-***-5811,1946-**-**,[MASKED ADDRESS],50000-74999,inactive,2026-**-**
4495,D***,S***,d***@hotmail.com,***-***-7961,1998-**-**,[MASKED ADDRESS],50000-74999,active,2024-**-**
4496,V***,M***,v***@hotmail.com,***-***-5561,1974-**-**,[MASKED ADDRESS],150000-174999,active,2020-**-**
4498,S***,G***,s***@yahoo.com,***-***-8401,1974-**-**,[MASKED ADDRESS],225000-249999,active,2022-**-**
4499,S***,O***,s***@hotmail.com,***-***-7554,1942-**-**,[MASKED ADDRESS],100000-124999,suspended,2020-**-**
4500,K***,M***,k***@gmail.com,***-***-1629,1941-**-**,[MASKED ADDRESS],100000-124999,inactive,2025-**-**
4502,J***,P***,j***@yahoo.com,***-***-6085,2008-**-**,[MASKED ADDRESS],125000-149999,inactive,2025-**-**
4503,S***,C***,s***@gmail.com,***-***-1827,1994-**-**,[MASKED ADDRESS],225000-249999,active,2024-**-**
4504,C***,S***,c***@hotmail.com,***-***-4023,1958-**-**,[MASKED ADDRESS],50000-74999,inactive,2019-**-**
4505,C***,C***,c***@yahoo.com,***-***-5299,1963-**-**,[MASKED ADDRESS],100000-124999,inactive,2020-**-**
4508,A***,W***,a***@hotmail.com,***-***-5062,1957-**-**,[MASKED ADDRESS],50000-74999,suspended,2019-**-**
4510,D***,M***,d***@hotmail.com,***-***-7097,1979-**-**,[MASKED ADDRESS],200000-224999,inactive,2021-**-**
4511,H***,H***,h***@yahoo.com,***-***-5047,1963-**-**,[MASKED ADDRESS],50000-74999,active,2026-**-**
4512,M***,S***,m***@hotmail.com,***-***-5047,2007-**-**,[MASKED ADDRESS],25000-49999,active,2026-**-**
4513,J***,F***,j***@yahoo.com,***-***-4106,1997-**-**,[MASKED ADDRESS],225000-249999,suspended,2019-**-**
4514,A***,R***,a***@gmail.com,***-***-7593,1972-**-**,[MASKED ADDRESS],0-24999,active,2025-**-**
4515,Y***,C***,y***@yahoo.com,***-***-1813,2000-**-**,[MASKED ADDRESS],150000-174999,suspended,2025-**-**
4516,A***,S***,a***@gmail.com,***-***-8638,1940-**-**,[MASKED ADDRESS],225000-249999,active,2021-**-**
4518,T***,H***,t***@hotmail.com,***-***-9121,1979-**-**,[MASKED ADDRESS],75000-99999,suspended,2026-**-**
4520,N***,C***,n***@gmail.com,***-***-7287,1994-**-**,[MASKED ADDRESS],75000-99999,suspended,2021-**-**
4522,C***,H***,c***@hotmail.com,***-***-3992,1967-**-**,[MASKED ADDRESS],50000-74999,active,2024-**-**
4523,D***,F***,d***@hotmail.com,***-***-7989,1953-**-**,[MASKED ADDRESS],100000-124999,active,2026-**-**
4524,J***,S***,j***@gmail.com,***-***-7761,1952-**-**,[MASKED ADDRESS],25000-49999,suspended,2019-**-**
4525,M***,B***,m***@yahoo.com,***-***-7062,1997-**-**,[MASKED ADDRESS],100000-124999,active,2020-**-**
4526,J***,B***,j***@yahoo.com,***-***-6971,1970-**-**,[MASKED ADDRESS],50000-74999,active,2026-**-**
4527,T***,R***,t***@yahoo.com,***-***-7701,1957-**-**,[MASKED ADDRESS],25000-49999,suspended,2021-**-**
4528,A***,H***,a***@yahoo.com,***-***-8869,2004-**-**,[MASKED ADDRESS],50000-74999,suspended,2021-**-**
4529,B***,L***,b***@yahoo.com,***-***-5061,1978-**-**,[MASKED ADDRESS],175000-199999,inactive,2023-**-**
4532,D***,S***,d***@yahoo.com,***-***-7864,2001-**-**,[MASKED ADDRESS],125000-149999,inactive,2026-**-**
4533,C***,H***,c***@yahoo.com,***-***-6728,1963-**-**,[MASKED ADDRESS],25000-49999,inactive,2024-**-**
4534,W***,T***,w***@hotmail.com,***-***-3938,1956-**-**,[MASKED ADDRESS],225000-249999,active,2025-**-**
4535,S***,S***,s***@hotmail.com,***-***-2162,1957-**-**,[MASKED ADDRESS],125000-149999,suspended,2022-**-**
4536,C***,F***,c***@yahoo.com,***-***-8530,1941-**-**,[MASKED ADDRESS],25000-49999,inactive,2021-**-**
4537,L***,B***,l***@hotmail.com,***-***-3071,1995-**-**,[MASKED ADDRESS],200000-224999,inactive,2024-**-**
4538,L***,B***,l***@yahoo.com,***-***-9961,1977-**-**,[MASKED ADDRESS],125000-149999,active,2020-**-**
4540,P***,K***,p***@hotmail.com,***-***-9622,2005-**-**,[MASKED ADDRESS],100000-124999,active,2023-**-**
4541,R***,B***,r***@yahoo.com,***-***-1558,2002-**-**,[MASKED ADDRESS],225000-249999,suspended,2019-**-**
4543,E***,C***,e***@gmail.com,***-***-6687,1940-**-**,[MASKED ADDRESS],25000-49999,inactive,2024-**-**
4544,E***,G***,e***@hotmail.com,***-***-1606,1938-**-**,[MASKED ADDRESS],150000-174999,active,2022-**-**
4545,D***,B***,d***@gmail.com,***-***-1023,1961-**-**,[MASKED ADDRESS],75000-99999,suspended,2020-**-**
4547,J***,W***,j***@gmail.com,***-***-7429,1984-**-**,[MASKED ADDRESS],150000-174999,active,2023-**-**
4548,R***,C***,r***@yahoo.com,***-***-4659,1988-**-**,[MASKED ADDRESS],25000-49999,inactive,2019-**-**
4549,S***,S***,s***@hotmail.com,***-***-5670,1988-**-**,[MASKED ADDRESS],0-24999,active,2021-**-**
4550,L***,L***,l***@hotmail.com,***-***-7774,1944-**-**,[MASKED ADDRESS],200000-224999,active,2026-**-**
4551,M***,P***,m***@gmail.com,***-***-8149,1963-**-**,[MASKED ADDRESS],150000-174999,suspended,2020-**-**
4552,M***,N***,m***@yahoo.com,***-***-9302,1945-**-**,[MASKED ADDRESS],175000-199999,active,2020-**-**
4553,T***,V***,t***@yahoo.com,***-***-7449,1942-**-**,[MASKED ADDRESS],175000-199999,suspended,2024-**-**
4554,G***,C***,g***@yahoo.com,***-***-2083,1971-**-**,[MASKED ADDRESS],200000-224999,suspended,2026-**-**
4555,P***,P***,p***@yahoo.com,***-***-5566,1944-**-**,[MASKED ADDRESS],150000-174999,suspended,2020-**-**
4557,A***,J***,a***@hotmail.com,***-***-6536,1991-**-**,[MASKED ADDRESS],25000-49999,inactive,2022-**-**
4558,K***,A***,k***@hotmail.com,***-***-4385,1987-**-**,[MASKED ADDRESS],200000-224999,active,2023-**-**
4559,B***,D***,b***@gmail.com,***-***-7840,1944-**-**,[MASKED ADDRESS],25000-49999,active,2024-**-**
4560,S***,R***,s***@hotmail.com,***-***-5914,1952-**-**,[MASKED ADDRESS],75000-99999,active,2024-**-**
4561,B***,K***,b***@gmail.com,***-***-8077,1962-**-**,[MASKED ADDRESS],125000-149999,suspended,2021-**-**
4562,K***,R***,k***@gmail.com,***-***-1697,1952-**-**,[MASKED ADDRESS],150000-174999,active,2019-**-**
4563,D***,V***,d***@gmail.com,***-***-2518,2008-**-**,[MASKED ADDRESS],125000-149999,suspended,2025-**-**
4564,M***,M***,m***@hotmail.com,***-***-2505,1972-**-**,[MASKED ADDRESS],50000-74999,active,2023-**-**
4566,A***,W***,a***@gmail.com,***-***-1770,1996-**-**,[MASKED ADDRESS],75000-99999,inactive,2020-**-**
4567,R***,F***,r***@hotmail.com,***-***-2954,1944-**-**,[MASKED ADDRESS],25000-49999,suspended,2023-**-**
4568,E***,P***,e***@hotmail.com,***-***-8451,1998-**-**,[MASKED ADDRESS],175000-199999,suspended,2022-**-**
4570,P***,R***,p***@hotmail.com,***-***-5466,1955-**-**,[MASKED ADDRESS],75000-99999,inactive,2026-**-**
4572,J***,L***,j***@gmail.com,***-***-5487,2006-**-**,[MASKED ADDRESS],100000-124999,active,2025-**-**
4573,D***,M***,d***@yahoo.com,***-***-2203,1947-**-**,[MASKED ADDRESS],200000-224999,suspended,2023-**-**
4574,M***,L***,m***@hotmail.com,***-***-5461,1993-**-**,[MASKED ADDRESS],100000-124999,inactive,2022-**-**
4575,B***,R***,b***@yahoo.com,***-***-4691,1985-**-**,[MASKED ADDRESS],50000-74999,inactive,2022-**-**
4576,B***,B***,b***@hotmail.com,***-***-4737,1948-**-**,[MASKED ADDRESS],50000-74999,active,2020-**-**
4577,A***,P***,a***@hotmail.com,***-***-2207,1966-**-**,[MASKED ADDRESS],175000-199999,inactive,2025-**-**
4579,D***,G***,d***@yahoo.com,***-***-3292,1992-**-**,[MASKED ADDRESS],100000-124999,inactive,2026-**-**
4582,C***,W***,c***@gmail.com,***-***-8027,2003-**-**,[MASKED ADDRESS],75000-99999,active,2025-**-**
4583,T***,H***,t***@hotmail.com,***-***-2977,2001-**-**,[MASKED ADDRESS],0-24999,active,2019-**-**
4585,G***,K***,g***@hotmail.com,***-***-3345,2001-**-**,[MASKED ADDRESS],75000-99999,active,2024-**-**
4586,W***,R***,w***@gmail.com,***-***-7591,1997-**-**,[MASKED ADDRESS],150000-174999,inactive,2019-**-**
4587,R***,M***,r***@yahoo.com,***-***-7007,1983-**-**,[MASKED ADDRESS],50000-74999,active,2022-**-**
4590,E***,R***,e***@hotmail.com,***-***-6270,2003-**-**,[MASKED ADDRESS],75000-99999,inactive,2022-**-**
4591,D***,G***,d***@gmail.com,***-***-7234,1959-**-**,[MASKED ADDRESS],75000-99999,suspended,2020-**-**
4592,J***,R***,j***@gmail.com,***-***-5674,1947-**-**,[MASKED ADDRESS],200000-224999,active,2019-**-**
4593,J***,M***,j***@hotmail.com,***-***-1266,1995-**-**,[MASKED ADDRESS],150000-174999,active,2020-**-**
4594,J***,C***,j***@hotmail.com,***-***-6699,1996-**-**,[MASKED ADDRESS],150000-174999,suspended,2020-**-**
4595,L***,H***,l***@yahoo.com,***-***-6409,2003-**-**,[MASKED ADDRESS],100000-124999,inactive,2024-**-**
4596,A***,B***,a***@yahoo.com,***-***-5260,1998-**-**,[MASKED ADDRESS],50000-74999,inactive,2024-**-**
4597,D***,T***,d***@hotmail.com,***-***-6159,1942-**-**,[MASKED ADDRESS],150000-174999,inactive,2019-**-**
4599,M***,S***,m***@hotmail.com,***-***-6257,1953-**-**,[MASKED ADDRESS],100000-124999,inactive,2023-**-**
4600,J***,K***,j***@gmail.com,***-***-7907,1955-**-**,[MASKED ADDRESS],200000-224999,inactive,2021-**-**
4601,R***,P***,r***@yahoo.com,***-***-4031,1948-**-**,[MASKED ADDRESS],175000-199999,active,2026-**-**
4602,B***,E***,b***@gmail.com,***-***-1445,1973-**-**,[MASKED ADDRESS],25000-49999,active,2022-**-**
4603,J***,C***,j***@gmail.com,***-***-4774,1979-**-**,[MASKED ADDRESS],150000-174999,suspended,2026-**-**
4604,C***,R***,c***@hotmail.com,***-***-2538,1998-**-**,[MASKED ADDRESS],75000-99999,active,2025-**-**
4608,J***,R***,j***@yahoo.com,***-***-6986,1946-**-**,[MASKED ADDRESS],50000-74999,suspended,2023-**-**
4609,K***,R***,k***@yahoo.com,***-***-5214,1944-**-**,[MASKED ADDRESS],75000-99999,inactive,2023-**-**
4610,T***,D***,t***@yahoo.com,***-***-2309,1940-**-**,[MASKED ADDRESS],175000-199999,suspended,2025-**-**
4612,B***,F***,b***@gmail.com,***-***-8039,2005-**-**,[MASKED ADDRESS],75000-99999,active,2022-**-**
4613,J***,L***,j***@hotmail.com,***-***-6280,1999-**-**,[MASKED ADDRESS],175000-199999,active,2020-**-**
4614,G***,G***,g***@hotmail.com,***-***-8536,1980-**-**,[MASKED ADDRESS],100000-124999,active,2023-**-**
4615,K***,H***,k***@gmail.com,***-***-1805,1994-**-**,[MASKED ADDRESS],175000-199999,active,2022-**-**
4616,A***,M***,a***@gmail.com,***-***-9523,1964-**-**,[MASKED ADDRESS],125000-149999,active,2021-**-**
4617,M***,C***,m***@gmail.com,***-***-4041,1971-**-**,[MASKED ADDRESS],50000-74999,suspended,2026-**-**
4618,A***,W***,a***@gmail.com,***-***-4963,1992-**-**,[MASKED ADDRESS],50000-74999,active,2022-**-**
4619,M***,P***,m***@gmail.com,***-***-4484,1972-**-**,[MASKED ADDRESS],175000-199999,active,2019-**-**
4620,A***,S***,a***@gmail.com,***-***-5736,1938-**-**,[MASKED ADDRESS],75000-99999,active,2024-**-**
4621,B***,P***,b***@gmail.com,***-***-8032,1962-**-**,[MASKED ADDRESS],175000-199999,inactive,2020-**-**
4622,G***,H***,g***@hotmail.com,***-***-4061,1955-**-**,[MASKED ADDRESS],75000-99999,inactive,2021-**-**
4623,J***,S***,j***@hotmail.com,***-***-3612,1984-**-**,[MASKED ADDRESS],50000-74999,active,2021-**-**
4624,D***,L***,d***@gmail.com,***-***-1765,1990-**-**,[MASKED ADDRESS],25000-49999,suspended,2022-**-**
4625,D***,P***,d***@hotmail.com,***-***-2538,2006-**-**,[MASKED ADDRESS],50000-74999,active,2024-**-**
4626,M***,C***,m***@gmail.com,***-***-4094,1985-**-**,[MASKED ADDRESS],50000-74999,active,2025-**-**
4628,C***,B***,c***@hotmail.com,***-***-9606,1968-**-**,[MASKED ADDRESS],50000-74999,suspended,2021-**-**
4629,M***,T***,m***@hotmail.com,***-***-6429,1955-**-**,[MASKED ADDRESS],200000-224999,active,2026-**-**
4630,A***,B***,a***@hotmail.com,***-***-6604,1974-**-**,[MASKED ADDRESS],25000-49999,inactive,2022-**-**
4632,S***,J***,s***@yahoo.com,***-***-4623,1956-**-**,[MASKED ADDRESS],25000-49999,active,2019-**-**
4633,J***,E***,j***@hotmail.com,***-***-4497,1954-**-**,[MASKED ADDRESS],150000-174999,active,2022-**-**
4634,M***,F***,m***@hotmail.com,***-***-3466,1972-**-**,[MASKED ADDRESS],200000-224999,inactive,2021-**-**
4635,M***,W***,m***@gmail.com,***-***-4577,1989-**-**,[MASKED ADDRESS],50000-74999,active,2021-**-**
4637,J***,W***,j***@gmail.com,***-***-1463,1952-**-**,[MASKED ADDRESS],200000-224999,inactive,2023-**-**
4638,E***,M***,e***@hotmail.com,***-***-6922,1940-**-**,[MASKED ADDRESS],25000-49999,inactive,2026-**-**
4639,M***,T***,m***@hotmail.com,***-***-6131,1984-**-**,[MASKED ADDRESS],50000-74999,suspended,2026-**-**
4640,J***,H***,j***@yahoo.com,***-***-2218,1964-**-**,[MASKED ADDRESS],25000-49999,active,2023-**-**
4641,N***,S***,n***@gmail.com,***-***-1878,1966-**-**,[MASKED ADDRESS],25000-49999,inactive,2021-**-**
4644,K***,B***,k***@yahoo.com,***-***-3619,2007-**-**,[MASKED ADDRESS],0-24999,active,2020-**-**
4645,E***,R***,e***@gmail.com,***-***-4127,1999-**-**,[MASKED ADDRESS],175000-199999,suspended,2023-**-**
4646,S***,H***,s***@yahoo.com,***-***-5298,1994-**-**,[MASKED ADDRESS],225000-249999,suspended,2022-**-**
4648,V***,S***,v***@yahoo.com,***-***-9515,1966-**-**,[MASKED ADDRESS],25000-49999,active,2021-**-**
4651,W***,W***,w***@gmail.com,***-***-6160,1961-**-**,[MASKED ADDRESS],175000-199999,active,2021-**-**
4652,C***,W***,c***@hotmail.com,***-***-4400,1976-**-**,[MASKED ADDRESS],25000-49999,inactive,2023-**-**
4654,N***,F***,n***@hotmail.com,***-***-2661,1964-**-**,[MASKED ADDRESS],25000-49999,active,2020-**-**
4655,N***,C***,n***@yahoo.com,***-***-9743,1992-**-**,[MASKED ADDRESS],175000-199999,active,2020-**-**
4656,C***,R***,c***@hotmail.com,***-***-6198,1988-**-**,[MASKED ADDRESS],125000-149999,inactive,2025-**-**
4659,J***,H***,j***@hotmail.com,***-***-5983,1974-**-**,[MASKED ADDRESS],225000-249999,inactive,2020-**-**
4661,M***,N***,m***@hotmail.com,***-***-2052,1978-**-**,[MASKED ADDRESS],200000-224999,suspended,2021-**-**
4662,A***,W***,a***@yahoo.com,***-***-4359,2002-**-**,[MASKED ADDRESS],100000-124999,suspended,2020-**-**
4663,B***,R***,b***@yahoo.com,***-***-1947,1978-**-**,[MASKED ADDRESS],75000-99999,suspended,2020-**-**
4664,B***,W***,b***@hotmail.com,***-***-9555,1991-**-**,[MASKED ADDRESS],25000-49999,suspended,2023-**-**
4665,N***,C***,n***@gmail.com,***-***-5184,1958-**-**,[MASKED ADDRESS],125000-149999,inactive,2025-**-**
4666,E***,S***,e***@hotmail.com,***-***-9789,1989-**-**,[MASKED ADDRESS],225000-249999,inactive,2022-**-**
4667,D***,H***,d***@hotmail.com,***-***-6317,2006-**-**,[MASKED ADDRESS],125000-149999,suspended,2022-**-**
4668,B***,R***,b***@hotmail.com,***-***-7337,2000-**-**,[MASKED ADDRESS],50000-74999,suspended,2021-**-**
4670,J***,H***,j***@yahoo.com,***-***-1914,1956-**-**,[MASKED ADDRESS],125000-149999,active,2025-**-**
4673,A***,G***,a***@hotmail.com,***-***-6415,1963-**-**,[MASKED ADDRESS],125000-149999,suspended,2020-**-**
4675,P***,T***,p***@yahoo.com,***-***-8704,1953-**-**,[MASKED ADDRESS],100000-124999,active,2025-**-**
4677,C***,B***,c***@yahoo.com,***-***-5770,2003-**-**,[MASKED ADDRESS],150000-174999,inactive,2022-**-**
4678,O***,A***,o***@hotmail.com,***-***-6781,1939-**-**,[MASKED ADDRESS],50000-74999,active,2025-**-**
4681,S***,J***,s***@yahoo.com,***-***-9755,1995-**-**,[MASKED ADDRESS],225000-249999,active,2024-**-**
4682,J***,W***,j***@hotmail.com,***-***-6214,2002-**-**,[MASKED ADDRESS],200000-224999,active,2020-**-**
4683,K***,W***,k***@hotmail.com,***-***-1854,1986-**-**,[MASKED ADDRESS],100000-124999,active,2025-**-**
4684,W***,W***,w***@gmail.com,***-***-3521,1974-**-**,[MASKED ADDRESS],200000-224999,suspended,2019-**-**
4685,J***,M***,j***@gmail.com,***-***-2605,1964-**-**,[MASKED ADDRESS],175000-199999,inactive,2022-**-**
4686,A***,M***,a***@yahoo.com,***-***-9760,1970-**-**,[MASKED ADDRESS],50000-74999,suspended,2026-**-**
4689,R***,J***,r***@yahoo.com,***-***-3757,1960-**-**,[MASKED ADDRESS],25000-49999,inactive,2021-**-**
4690,B***,N***,b***@hotmail.com,***-***-5402,2008-**-**,[MASKED ADDRESS],25000-49999,inactive,2022-**-**
4691,A***,B***,a***@hotmail.com,***-***-9628,1948-**-**,[MASKED ADDRESS],0-24999,active,2022-**-**
4692,B***,S***,b***@hotmail.com,***-***-6798,2005-**-**,[MASKED ADDRESS],175000-199999,inactive,2026-**-**
4693,J***,N***,j***@gmail.com,***-***-1232,1945-**-**,[MASKED ADDRESS],125000-149999,inactive,2021-**-**
4694,G***,H***,g***@yahoo.com,***-***-1308,1977-**-**,[MASKED ADDRESS],200000-224999,suspended,2024-**-**
4695,T***,B***,t***@gmail.com,***-***-8081,1956-**-**,[MASKED ADDRESS],0-24999,suspended,2020-**-**
4696,T***,C***,t***@hotmail.com,***-***-3410,2008-**-**,[MASKED ADDRESS],150000-174999,active,2019-**-**
4697,L***,V***,l***@yahoo.com,***-***-9690,1948-**-**,[MASKED ADDRESS],150000-174999,active,2024-**-**
4698,J***,H***,j***@hotmail.com,***-***-1287,1969-**-**,[MASKED ADDRESS],100000-124999,inactive,2022-**-**
4699,J***,H***,j***@yahoo.com,***-***-2578,1998-**-**,[MASKED ADDRESS],125000-149999,inactive,2024-**-**
4700,L***,J***,l***@gmail.com,***-***-9725,1962-**-**,[MASKED ADDRESS],100000-124999,inactive,2021-**-**
4701,A***,G***,a***@yahoo.com,***-***-6058,2008-**-**,[MASKED ADDRESS],25000-49999,inactive,2019-**-**
4702,H***,G***,h***@yahoo.com,***-***-3604,1970-**-**,[MASKED ADDRESS],50000-74999,suspended,2023-**-**
4703,D***,C***,d***@hotmail.com,***-***-3115,1973-**-**,[MASKED ADDRESS],200000-224999,inactive,2020-**-**
4705,K***,R***,k***@gmail.com,***-***-3607,1963-**-**,[MASKED ADDRESS],50000-74999,active,2025-**-**
4706,C***,W***,c***@hotmail.com,***-***-6907,1990-**-**,[MASKED ADDRESS],175000-199999,inactive,2024-**-**
4707,H***,R***,h***@yahoo.com,***-***-3715,1991-**-**,[MASKED ADDRESS],100000-124999,active,2019-**-**
4709,T***,W***,t***@gmail.com,***-***-7290,1968-**-**,[MASKED ADDRESS],100000-124999,suspended,2024-**-**
4710,K***,H***,k***@gmail.com,***-***-7501,1993-**-**,[MASKED ADDRESS],100000-124999,suspended,2024-**-**
4711,D***,S***,d***@gmail.com,***-***-4544,1958-**-**,[MASKED ADDRESS],50000-74999,active,2025-**-**
4712,A***,B***,a***@gmail.com,***-***-6118,2001-**-**,[MASKED ADDRESS],100000-124999,suspended,2022-**-**
4714,H***,B***,h***@gmail.com,***-***-8762,1946-**-**,[MASKED ADDRESS],25000-49999,suspended,2025-**-**
4716,M***,F***,m***@gmail.com,***-***-1927,1999-**-**,[MASKED ADDRESS],25000-49999,inactive,2021-**-**
4717,S***,H***,s***@yahoo.com,***-***-9882,1977-**-**,[MASKED ADDRESS],150000-174999,inactive,2023-**-**
4718,N***,C***,n***@gmail.com,***-***-5596,1968-**-**,[MASKED ADDRESS],175000-199999,inactive,2026-**-**
4719,J***,B***,j***@yahoo.com,***-***-5251,1976-**-**,[MASKED ADDRESS],25000-49999,inactive,2020-**-**
4722,J***,L***,j***@hotmail.com,***-***-2086,1980-**-**,[MASKED ADDRESS],75000-99999,active,2024-**-**
4723,R***,N***,r***@hotmail.com,***-***-1951,1986-**-**,[MASKED ADDRESS],125000-149999,inactive,2023-**-**
4724,J***,P***,j***@yahoo.com,***-***-1109,1952-**-**,[MASKED ADDRESS],50000-74999,suspended,2022-**-**
4726,S***,M***,s***@hotmail.com,***-***-1276,2003-**-**,[MASKED ADDRESS],150000-174999,inactive,2020-**-**
4728,B***,G***,b***@yahoo.com,***-***-1456,2006-**-**,[MASKED ADDRESS],150000-174999,inactive,2025-**-**
4729,R***,M***,r***@hotmail.com,***-***-2634,2006-**-**,[MASKED ADDRESS],50000-74999,suspended,2025-**-**
4730,J***,G***,j***@gmail.com,***-***-7340,2007-**-**,[MASKED ADDRESS],200000-224999,active,2020-**-**
4731,R***,W***,r***@yahoo.com,***-***-1435,1945-**-**,[MASKED ADDRESS],150000-174999,inactive,2020-**-**
4732,A***,A***,a***@yahoo.com,***-***-1600,1984-**-**,[MASKED ADDRESS],200000-224999,active,2026-**-**
4734,A***,P***,a***@hotmail.com,***-***-9023,1957-**-**,[MASKED ADDRESS],125000-149999,active,2020-**-**
4735,L***,C***,l***@yahoo.com,***-***-8460,1992-**-**,[MASKED ADDRESS],150000-174999,inactive,2024-**-**
4736,J***,A***,j***@yahoo.com,***-***-1757,1988-**-**,[MASKED ADDRESS],50000-74999,inactive,2023-**-**
4737,C***,G***,c***@gmail.com,***-***-6372,1975-**-**,[MASKED ADDRESS],100000-124999,suspended,2026-**-**
4738,S***,B***,s***@yahoo.com,***-***-6881,1977-**-**,[MASKED ADDRESS],225000-249999,active,2022-**-**
4739,M***,J***,m***@yahoo.com,***-***-8308,1976-**-**,[MASKED ADDRESS],0-24999,inactive,2022-**-**
4742,H***,P***,h***@hotmail.com,***-***-1536,1974-**-**,[MASKED ADDRESS],75000-99999,suspended,2023-**-**
4743,C***,L***,c***@gmail.com,***-***-4647,1985-**-**,[MASKED ADDRESS],125000-149999,suspended,2025-**-**
4744,R***,T***,r***@yahoo.com,***-***-6098,1986-**-**,[MASKED ADDRESS],75000-99999,suspended,2023-**-**
4746,B***,C***,b***@hotmail.com,***-***-2677,1964-**-**,[MASKED ADDRESS],175000-199999,active,2021-**-**
4747,S***,S***,s***@yahoo.com,***-***-7563,1994-**-**,[MASKED ADDRESS],125000-149999,inactive,2023-**-**
4748,K***,G***,k***@gmail.com,***-***-7447,1987-**-**,[MASKED ADDRESS],175000-199999,suspended,2025-**-**
4749,B***,J***,b***@gmail.com,***-***-6673,1968-**-**,[MASKED ADDRESS],125000-149999,inactive,2019-**-**
4750,A***,S***,a***@gmail.com,***-***-9810,1968-**-**,[MASKED ADDRESS],25000-49999,active,2021-**-**
4751,R***,S***,r***@gmail.com,***-***-5374,2007-**-**,[MASKED ADDRESS],75000-99999,suspended,2024-**-**
4752,K***,C***,k***@hotmail.com,***-***-3392,1978-**-**,[MASKED ADDRESS],125000-149999,inactive,2023-**-**
4753,J***,A***,j***@gmail.com,***-***-7934,1985-**-**,[MASKED ADDRESS],175000-199999,inactive,2026-**-**
4756,S***,G***,s***@yahoo.com,***-***-5414,1968-**-**,[MASKED ADDRESS],75000-99999,suspended,2024-**-**
4757,B***,S***,b***@yahoo.com,***-***-3413,1998-**-**,[MASKED ADDRESS],150000-174999,active,2024-**-**
4759,S***,F***,s***@hotmail.com,***-***-7034,1997-**-**,[MASKED ADDRESS],200000-224999,suspended,2020-**-**
4760,C***,V***,c***@yahoo.com,***-***-4715,1968-**-**,[MASKED ADDRESS],50000-74999,inactive,2023-**-**
4762,M***,E***,m***@yahoo.com,***-***-8091,1980-**-**,[MASKED ADDRESS],175000-199999,active,2023-**-**
4763,R***,H***,r***@hotmail.com,***-***-5778,1994-**-**,[MASKED ADDRESS],175000-199999,inactive,2021-**-**
4764,M***,C***,m***@gmail.com,***-***-3004,1968-**-**,[MASKED ADDRESS],75000-99999,suspended,2023-**-**
4765,J***,N***,j***@yahoo.com,***-***-5643,1978-**-**,[MASKED ADDRESS],150000-174999,active,2020-**-**
4766,H***,B***,h***@hotmail.com,***-***-2882,1942-**-**,[MASKED ADDRESS],100000-124999,inactive,2021-**-**
4767,A***,W***,a***@yahoo.com,***-***-3647,1969-**-**,[MASKED ADDRESS],200000-224999,active,2026-**-**
4768,A***,R***,a***@gmail.com,***-***-7627,1983-**-**,[MASKED ADDRESS],125000-149999,active,2020-**-**
4769,A***,P***,a***@hotmail.com,***-***-5912,1997-**-**,[MASKED ADDRESS],200000-224999,suspended,2023-**-**
4770,L***,S***,l***@yahoo.com,***-***-1959,1975-**-**,[MASKED ADDRESS],150000-174999,inactive,2021-**-**
4771,S***,N***,s***@hotmail.com,***-***-8976,1951-**-**,[MASKED ADDRESS],175000-199999,inactive,2020-**-**
4772,A***,P***,a***@gmail.com,***-***-2054,1961-**-**,[MASKED ADDRESS],125000-149999,inactive,2026-**-**
4773,K***,F***,k***@gmail.com,***-***-1469,1999-**-**,[MASKED ADDRESS],175000-199999,inactive,2023-**-**
4774,S***,A***,s***@yahoo.com,***-***-7299,1942-**-**,[MASKED ADDRESS],150000-174999,active,2022-**-**
4775,L***,B***,l***@yahoo.com,***-***-7809,1999-**-**,[MASKED ADDRESS],100000-124999,inactive,2025-**-**
4776,J***,B***,j***@hotmail.com,***-***-7414,2003-**-**,[MASKED ADDRESS],225000-249999,inactive,2025-**-**
4777,J***,W***,j***@gmail.com,***-***-3286,1978-**-**,[MASKED ADDRESS],225000-249999,suspended,2021-**-**
4778,G***,B***,g***@hotmail.com,***-***-3849,1949-**-**,[MASKED ADDRESS],175000-199999,active,2022-**-**
4779,D***,M***,d***@gmail.com,***-***-4607,1973-**-**,[MASKED ADDRESS],75000-99999,suspended,2025-**-**
4780,S***,A***,s***@yahoo.com,***-***-4420,1961-**-**,[MASKED ADDRESS],175000-199999,inactive,2020-**-**
4781,L***,B***,l***@gmail.com,***-***-8999,1976-**-**,[MASKED ADDRESS],75000-99999,active,2020-**-**
4783,E***,W***,e***@hotmail.com,***-***-5523,1981-**-**,[MASKED ADDRESS],175000-199999,active,2024-**-**
4784,J***,W***,j***@yahoo.com,***-***-3690,1982-**-**,[MASKED ADDRESS],50000-74999,inactive,2023-**-**
4786,A***,P***,a***@hotmail.com,***-***-1860,1990-**-**,[MASKED ADDRESS],25000-49999,inactive,2023-**-**
4788,A***,W***,a***@yahoo.com,***-***-6844,1953-**-**,[MASKED ADDRESS],175000-199999,suspended,2020-**-**
4792,R***,M***,r***@gmail.com,***-***-6480,1994-**-**,[MASKED ADDRESS],75000-99999,suspended,2023-**-**
4794,T***,D***,t***@yahoo.com,***-***-3304,1941-**-**,[MASKED ADDRESS],50000-74999,suspended,2020-**-**
4795,W***,P***,w***@hotmail.com,***-***-9645,1964-**-**,[MASKED ADDRESS],100000-124999,active,2024-**-**
4796,M***,K***,m***@gmail.com,***-***-6917,1951-**-**,[MASKED ADDRESS],75000-99999,suspended,2024-**-**
4798,C***,W***,c***@hotmail.com,***-***-2875,1967-**-**,[MASKED ADDRESS],75000-99999,suspended,2025-**-**
4799,M***,H***,m***@gmail.com,***-***-8644,1994-**-**,[MASKED ADDRESS],125000-149999,inactive,2021-**-**
4800,T***,H***,t***@hotmail.com,***-***-1132,1994-**-**,[MASKED ADDRESS],75000-99999,suspended,2024-**-**
4805,B***,G***,b***@gmail.com,***-***-2063,1992-**-**,[MASKED ADDRESS],50000-74999,inactive,2025-**-**
4806,M***,H***,m***@gmail.com,***-***-3798,1998-**-**,[MASKED ADDRESS],150000-174999,active,2021-**-**
4807,M***,L***,m***@gmail.com,***-***-9991,1967-**-**,[MASKED ADDRESS],100000-124999,active,2021-**-**
4809,S***,P***,s***@hotmail.com,***-***-8440,1999-**-**,[MASKED ADDRESS],200000-224999,inactive,2025-**-**
4810,J***,B***,j***@yahoo.com,***-***-3339,1980-**-**,[MASKED ADDRESS],200000-224999,suspended,2020-**-**
4811,M***,P***,m***@gmail.com,***-***-2181,1994-**-**,[MASKED ADDRESS],100000-124999,inactive,2024-**-**
4812,H***,B***,h***@yahoo.com,***-***-4214,1976-**-**,[MASKED ADDRESS],0-24999,active,2024-**-**
4815,C***,B***,c***@yahoo.com,***-***-5723,1983-**-**,[MASKED ADDRESS],175000-199999,active,2023-**-**
4816,P***,H***,p***@hotmail.com,***-***-7614,1993-**-**,[MASKED ADDRESS],100000-124999,active,2023-**-**
4817,W***,O***,w***@gmail.com,***-***-5195,1963-**-**,[MASKED ADDRESS],75000-99999,suspended,2025-**-**
4819,K***,W***,k***@yahoo.com,***-***-9508,1940-**-**,[MASKED ADDRESS],25000-49999,active,2021-**-**
4820,T***,R***,t***@hotmail.com,***-***-4407,1973-**-**,[MASKED ADDRESS],225000-249999,active,2025-**-**
4822,M***,S***,m***@gmail.com,***-***-2566,1942-**-**,[MASKED ADDRESS],225000-249999,suspended,2025-**-**
4824,M***,F***,m***@gmail.com,***-***-4425,2002-**-**,[MASKED ADDRESS],50000-74999,active,2023-**-**
4825,D***,T***,d***@yahoo.com,***-***-3855,1947-**-**,[MASKED ADDRESS],75000-99999,suspended,2024-**-**
4826,B***,T***,b***@yahoo.com,***-***-3593,1970-**-**,[MASKED ADDRESS],50000-74999,suspended,2022-**-**
4829,D***,W***,d***@hotmail.com,***-***-1081,1958-**-**,[MASKED ADDRESS],50000-74999,suspended,2019-**-**
4830,W***,T***,w***@hotmail.com,***-***-4167,1976-**-**,[MASKED ADDRESS],75000-99999,suspended,2020-**-**
4831,H***,C***,h***@hotmail.com,***-***-6842,1979-**-**,[MASKED ADDRESS],50000-74999,inactive,2026-**-**
4832,T***,W***,t***@yahoo.com,***-***-5533,1959-**-**,[MASKED ADDRESS],150000-174999,suspended,2021-**-**
4833,A***,O***,a***@gmail.com,***-***-8731,1966-**-**,[MASKED ADDRESS],200000-224999,inactive,2022-**-**
4834,A***,C***,a***@gmail.com,***-***-6482,1970-**-**,[MASKED ADDRESS],150000-174999,inactive,2022-**-**
4837,D***,B***,d***@gmail.com,***-***-5367,1987-**-**,[MASKED ADDRESS],100000-124999,inactive,2022-**-**
4839,J***,J***,j***@gmail.com,***-***-3394,1986-**-**,[MASKED ADDRESS],175000-199999,suspended,2023-**-**
4840,J***,S***,j***@gmail.com,***-***-7680,1963-**-**,[MASKED ADDRESS],25000-49999,suspended,2024-**-**
4841,K***,M***,k***@yahoo.com,***-***-5093,1976-**-**,[MASKED ADDRESS],50000-74999,active,2020-**-**
4842,M***,W***,m***@hotmail.com,***-***-3469,2003-**-**,[MASKED ADDRESS],75000-99999,inactive,2022-**-**
4843,S***,C***,s***@yahoo.com,***-***-8498,1973-**-**,[MASKED ADDRESS],200000-224999,suspended,2021-**-**
4844,R***,M***,r***@yahoo.com,***-***-9962,1948-**-**,[MASKED ADDRESS],200000-224999,inactive,2021-**-**
4845,A***,H***,a***@yahoo.com,***-***-5695,1962-**-**,[MASKED ADDRESS],100000-124999,inactive,2023-**-**
4847,N***,L***,n***@gmail.com,***-***-5140,1971-**-**,[MASKED ADDRESS],50000-74999,suspended,2022-**-**
4849,M***,S***,m***@yahoo.com,***-***-6807,1980-**-**,[MASKED ADDRESS],200000-224999,suspended,2025-**-**
4850,S***,T***,s***@gmail.com,***-***-7449,1997-**-**,[MASKED ADDRESS],200000-224999,suspended,2021-**-**
4853,T***,S***,t***@gmail.com,***-***-1066,1994-**-**,[MASKED ADDRESS],225000-249999,inactive,2024-**-**
4857,B***,E***,b***@gmail.com,***-***-5879,1989-**-**,[MASKED ADDRESS],175000-199999,inactive,2024-**-**
4858,M***,F***,m***@yahoo.com,***-***-5554,1961-**-**,[MASKED ADDRESS],200000-224999,suspended,2022-**-**
4859,M***,J***,m***@hotmail.com,***-***-7366,1940-**-**,[MASKED ADDRESS],200000-224999,inactive,2020-**-**
4862,V***,P***,v***@gmail.com,***-***-9376,1999-**-**,[MASKED ADDRESS],50000-74999,active,2020-**-**
4863,M***,B***,m***@yahoo.com,***-***-2309,1939-**-**,[MASKED ADDRESS],225000-249999,active,2023-**-**
4864,T***,F***,t***@hotmail.com,***-***-7279,1967-**-**,[MASKED ADDRESS],175000-199999,suspended,2024-**-**
4865,T***,N***,t***@hotmail.com,***-***-7717,2007-**-**,[MASKED ADDRESS],100000-124999,inactive,2021-**-**
4866,N***,M***,n***@gmail.com,***-***-2812,1964-**-**,[MASKED ADDRESS],50000-74999,active,2026-**-**
4867,J***,W***,j***@gmail.com,***-***-2718,1957-**-**,[MASKED ADDRESS],225000-249999,active,2019-**-**
4868,M***,H***,m***@gmail.com,***-***-1451,1961-**-**,[MASKED ADDRESS],25000-49999,suspended,2024-**-**
4869,M***,R***,m***@yahoo.com,***-***-5458,1972-**-**,[MASKED ADDRESS],175000-199999,active,2023-**-**
4870,D***,M***,d***@yahoo.com,***-***-4794,1954-**-**,[MASKED ADDRESS],75000-99999,inactive,2025-**-**
4872,M***,D***,m***@gmail.com,***-***-9740,1951-**-**,[MASKED ADDRESS],175000-199999,inactive,2024-**-**
4873,M***,M***,m***@hotmail.com,***-***-5346,1971-**-**,[MASKED ADDRESS],25000-49999,active,2026-**-**
4874,J***,P***,j***@hotmail.com,***-***-4547,1967-**-**,[MASKED ADDRESS],25000-49999,active,2025-**-**
4875,J***,S***,j***@yahoo.com,***-***-7561,1984-**-**,[MASKED ADDRESS],0-24999,inactive,2020-**-**
4877,A***,F***,a***@hotmail.com,***-***-1633,1946-**-**,[MASKED ADDRESS],50000-74999,suspended,2023-**-**
4878,E***,G***,e***@hotmail.com,***-***-7622,1975-**-**,[MASKED ADDRESS],200000-224999,active,2022-**-**
4879,P***,B***,p***@gmail.com,***-***-3814,1975-**-**,[MASKED ADDRESS],50000-74999,active,2025-**-**
4882,R***,W***,r***@yahoo.com,***-***-7992,1973-**-**,[MASKED ADDRESS],100000-124999,suspended,2024-**-**
4883,C***,F***,c***@gmail.com,***-***-9925,1940-**-**,[MASKED ADDRESS],125000-149999,suspended,2021-**-**
4885,K***,C***,k***@gmail.com,***-***-2415,1972-**-**,[MASKED ADDRESS],175000-199999,active,2021-**-**
4886,A***,A***,a***@hotmail.com,***-***-1043,1979-**-**,[MASKED ADDRESS],125000-149999,inactive,2024-**-**
4889,B***,L***,b***@gmail.com,***-***-5900,1957-**-**,[MASKED ADDRESS],75000-99999,inactive,2025-**-**
4890,B***,S***,b***@yahoo.com,***-***-4491,1948-**-**,[MASKED ADDRESS],225000-249999,inactive,2025-**-**
4891,N***,L***,n***@yahoo.com,***-***-2049,1948-**-**,[MASKED ADDRESS],75000-99999,inactive,2020-**-**
4892,S***,J***,s***@yahoo.com,***-***-4913,1996-**-**,[MASKED ADDRESS],125000-149999,active,2024-**-**
4894,N***,L***,n***@gmail.com,***-***-5151,1954-**-**,[MASKED ADDRESS],50000-74999,suspended,2022-**-**
4895,N***,M***,n***@yahoo.com,***-***-5652,1991-**-**,[MASKED ADDRESS],200000-224999,active,2024-**-**
4896,B***,D***,b***@gmail.com,***-***-4568,1938-**-**,[MASKED ADDRESS],75000-99999,inactive,2024-**-**
4897,B***,M***,b***@gmail.com,***-***-4039,1943-**-**,[MASKED ADDRESS],100000-124999,inactive,2019-**-**
4898,L***,J***,l***@gmail.com,***-***-6523,1942-**-**,[MASKED ADDRESS],50000-74999,inactive,2020-**-**
4899,J***,V***,j***@gmail.com,***-***-9140,1947-**-**,[MASKED ADDRESS],175000-199999,active,2024-**-**
4901,B***,E***,b***@gmail.com,***-***-9893,1998-**-**,[MASKED ADDRESS],150000-174999,suspended,2025-**-**
4903,C***,M***,c***@gmail.com,***-***-4619,1969-**-**,[MASKED ADDRESS],225000-249999,active,2023-**-**
4904,J***,B***,j***@gmail.com,***-***-6582,1965-**-**,[MASKED ADDRESS],100000-124999,inactive,2022-**-**
4905,A***,S***,a***@yahoo.com,***-***-3624,1987-**-**,[MASKED ADDRESS],175000-199999,inactive,2022-**-**
4906,H***,D***,h***@hotmail.com,***-***-2415,2001-**-**,[MASKED ADDRESS],100000-124999,inactive,2025-**-**
4907,J***,W***,j***@hotmail.com,***-***-6924,1971-**-**,[MASKED ADDRESS],100000-124999,active,2022-**-**
4908,M***,T***,m***@yahoo.com,***-***-8805,1961-**-**,[MASKED ADDRESS],0-24999,active,2023-**-**
4909,M***,S***,m***@gmail.com,***-***-5496,1962-**-**,[MASKED ADDRESS],25000-49999,active,2025-**-**
4910,M***,F***,m***@yahoo.com,***-***-7897,1991-**-**,[MASKED ADDRESS],200000-224999,inactive,2026-**-**
4912,D***,C***,d***@hotmail.com,***-***-8043,1973-**-**,[MASKED ADDRESS],100000-124999,suspended,2026-**-**
4913,J***,S***,j***@gmail.com,***-***-2643,1937-**-**,[MASKED ADDRESS],125000-149999,suspended,2026-**-**
4914,D***,B***,d***@yahoo.com,***-***-7678,1967-**-**,[MASKED ADDRESS],50000-74999,suspended,2025-**-**
4915,J***,W***,j***@yahoo.com,***-***-3643,1982-**-**,[MASKED ADDRESS],25000-49999,active,2025-**-**
4916,J***,L***,j***@yahoo.com,***-***-3867,1991-**-**,[MASKED ADDRESS],125000-149999,inactive,2020-**-**
4918,M***,M***,m***@hotmail.com,***-***-5868,2005-**-**,[MASKED ADDRESS],25000-49999,inactive,2020-**-**
4921,A***,S***,a***@yahoo.com,***-***-4182,1954-**-**,[MASKED ADDRESS],75000-99999,inactive,2026-**-**
4923,S***,D***,s***@gmail.com,***-***-6888,1943-**-**,[MASKED ADDRESS],225000-249999,suspended,2021-**-**
4924,D***,P***,d***@yahoo.com,***-***-6345,1969-**-**,[MASKED ADDRESS],125000-149999,active,2026-**-**
4925,W***,M***,w***@gmail.com,***-***-2192,1963-**-**,[MASKED ADDRESS],0-24999,inactive,2025-**-**
4927,C***,B***,c***@hotmail.com,***-***-6361,1953-**-**,[MASKED ADDRESS],175000-199999,suspended,2019-**-**
4928,B***,M***,b***@gmail.com,***-***-5717,1956-**-**,[MASKED ADDRESS],100000-124999,inactive,2025-**-**
4929,A***,S***,a***@yahoo.com,***-***-3111,1958-**-**,[MASKED ADDRESS],125000-149999,active,2021-**-**
4930,L***,M***,l***@yahoo.com,***-***-4658,1987-**-**,[MASKED ADDRESS],0-24999,active,2025-**-**
4931,Z***,W***,z***@yahoo.com,***-***-1408,1949-**-**,[MASKED ADDRESS],150000-174999,active,2022-**-**
4932,K***,S***,k***@hotmail.com,***-***-2890,1968-**-**,[MASKED ADDRESS],150000-174999,active,2021-**-**
4933,M***,B***,m***@yahoo.com,***-***-1319,1978-**-**,[MASKED ADDRESS],50000-74999,active,2024-**-**
4935,S***,S***,s***@yahoo.com,***-***-9077,1954-**-**,[MASKED ADDRESS],175000-199999,suspended,2020-**-**
4936,M***,H***,m***@hotmail.com,***-***-1341,1982-**-**,[MASKED ADDRESS],125000-149999,active,2020-**-**
4937,J***,H***,j***@yahoo.com,***-***-5973,1982-**-**,[MASKED ADDRESS],200000-224999,suspended,2024-**-**
4938,M***,G***,m***@hotmail.com,***-***-1800,1942-**-**,[MASKED ADDRESS],150000-174999,inactive,2021-**-**
4942,B***,H***,b***@hotmail.com,***-***-8033,1956-**-**,[MASKED ADDRESS],100000-124999,active,2025-**-**
4943,S***,N***,s***@hotmail.com,***-***-2132,1981-**-**,[MASKED ADDRESS],75000-99999,suspended,2024-**-**
4944,J***,J***,j***@gmail.com,***-***-4603,1980-**-**,[MASKED ADDRESS],150000-174999,suspended,2026-**-**
4945,B***,W***,b***@yahoo.com,***-***-7528,2001-**-**,[MASKED ADDRESS],150000-174999,active,2023-**-**
4947,D***,W***,d***@gmail.com,***-***-9708,1983-**-**,[MASKED ADDRESS],75000-99999,active,2024-**-**
4949,K***,V***,k***@gmail.com,***-***-1522,1994-**-**,[MASKED ADDRESS],75000-99999,inactive,2020-**-**
4950,D***,B***,d***@hotmail.com,***-***-6423,1976-**-**,[MASKED ADDRESS],75000-99999,inactive,2025-**-**
4951,K***,S***,k***@hotmail.com,***-***-9758,1955-**-**,[MASKED ADDRESS],75000-99999,inactive,2019-**-**
4952,M***,B***,m***@yahoo.com,***-***-7294,1947-**-**,[MASKED ADDRESS],50000-74999,inactive,2023-**-**
4953,J***,R***,j***@yahoo.com,***-***-3656,1998-**-**,[MASKED ADDRESS],75000-99999,inactive,2020-**-**
4956,W***,M***,w***@hotmail.com,***-***-9811,1979-**-**,[MASKED ADDRESS],200000-224999,active,2025-**-**
4957,E***,M***,e***@hotmail.com,***-***-1755,1942-**-**,[MASKED ADDRESS],75000-99999,active,2020-**-**
4958,J***,T***,j***@hotmail.com,***-***-1175,1963-**-**,[MASKED ADDRESS],200000-224999,suspended,2019-**-**
4959,C***,B***,c***@hotmail.com,***-***-8251,1961-**-**,[MASKED ADDRESS],50000-74999,inactive,2019-**-**
4960,M***,M***,m***@yahoo.com,***-***-3274,1995-**-**,[MASKED ADDRESS],200000-224999,active,2023-**-**
4961,J***,M***,j***@gmail.com,***-***-4942,1971-**-**,[MASKED ADDRESS],125000-149999,active,2023-**-**
4963,J***,C***,j***@gmail.com,***-***-8779,1992-**-**,[MASKED ADDRESS],200000-224999,active,2022-**-**
4964,T***,S***,t***@gmail.com,***-***-9666,1981-**-**,[MASKED ADDRESS],175000-199999,active,2022-**-**
4965,J***,W***,j***@yahoo.com,***-***-3570,1982-**-**,[MASKED ADDRESS],125000-149999,inactive,2025-**-**
4966,K***,M***,k***@gmail.com,***-***-1124,1970-**-**,[MASKED ADDRESS],50000-74999,active,2020-**-**
4969,T***,S***,t***@gmail.com,***-***-4119,1983-**-**,[MASKED ADDRESS],25000-49999,active,2025-**-**
4970,L***,B***,l***@hotmail.com,***-***-6596,1938-**-**,[MASKED ADDRESS],100000-124999,inactive,2024-**-**
4971,S***,W***,s***@yahoo.com,***-***-7169,1946-**-**,[MASKED ADDRESS],175000-199999,suspended,2025-**-**
4977,C***,J***,c***@hotmail.com,***-***-5717,1951-**-**,[MASKED ADDRESS],200000-224999,inactive,2023-**-**
4978,J***,Y***,j***@yahoo.com,***-***-5844,1953-**-**,[MASKED ADDRESS],225000-249999,inactive,2026-**-**
4979,V***,J***,v***@gmail.com,***-***-2710,2003-**-**,[MASKED ADDRESS],200000-224999,suspended,2024-**-**
4981,E***,V***,e***@gmail.com,***-***-8715,1960-**-**,[MASKED ADDRESS],150000-174999,inactive,2026-**-**
4982,S***,G***,s***@hotmail.com,***-***-3623,1968-**-**,[MASKED ADDRESS],125000-149999,suspended,2025-**-**
4984,L***,J***,l***@yahoo.com,***-***-2879,1957-**-**,[MASKED ADDRESS],25000-49999,active,2026-**-**
4986,E***,M***,e***@gmail.com,***-***-8828,1994-**-**,[MASKED ADDRESS],150000-174999,active,2026-**-**
4987,J***,R***,j***@hotmail.com,***-***-3476,1942-**-**,[MASKED ADDRESS],50000-74999,inactive,2022-**-**
4988,B***,D***,b***@gmail.com,***-***-3544,1963-**-**,[MASKED ADDRESS],25000-49999,active,2025-**-**
4989,J***,H***,j***@hotmail.com,***-***-5660,1975-**-**,[MASKED ADDRESS],150000-174999,inactive,2022-**-**
4990,M***,C***,m***@hotmail.com,***-***-2372,1969-**-**,[MASKED ADDRESS],25000-49999,active,2022-**-**
4993,E***,M***,e***@yahoo.com,***-***-4986,1960-**-**,[MASKED ADDRESS],150000-174999,active,2020-**-**
4994,C***,L***,c***@gmail.com,***-***-8165,2000-**-**,[MASKED ADDRESS],75000-99999,suspended,2024-**-**
4996,C***,L***,c***@yahoo.com,***-***-2692,1949-**-**,[MASKED ADDRESS],125000-149999,suspended,2020-**-**
4997,D***,F***,d***@hotmail.com,***-***-3319,1952-**-**,[MASKED ADDRESS],75000-99999,active,2024-**-**
4999,D***,O***,d***@hotmail.com,***-***-2832,1978-**-**,[MASKED ADDRESS],175000-199999,active,2023-**-**
5000,C***,C***,c***@gmail.com,***-***-4014,1943-**-**,[MASKED ADDRESS],100000-124999,active,2021-**-**
